"allele","full_peptide","middle","middle2","subject","m_1","m_2","m_3","m_4","m_5","m_6","m_7","m_8","m_9","protein","predictor","seq_num","score","blast_info","file"
"HLA-DRB1*04:05+HLA-DRB5*01:01+HLA-DRB1*04:01+HLA-DRB1*09:01+DRB1_0401+DRB1_0405+DRB1_0901","AAYYKYDSLVSTERG","YD-L---+STER","YD-L---+STER","YDL+STER-",TRUE,TRUE,FALSE,TRUE,FALSE,FALSE,FALSE,TRUE,FALSE,"b19","I+N","1+2+3+4+5+B19_1_A4HTE9+B19_2_E9B964+B19_3_Q4QIM7+B19_4_E9AL77+B19_5_A4H515","I_HLA-DRB1*04:05_44.1+I_HLA-DRB5*01:01_67+N_DRB1_0901_165.71","NP_079285.2 centrosomal protein of 135 kDa [Homo sapiens]","data/classII/b19_iedbii.csv"
"HLA-DRB3*01:01+HLA-DRB1*04:01+HLA-DPA1*02:01/DPB1*01:01+HLA-DPA1*03:01/DPB1*04:02+HLA-DRB1*08:02+HLA-DPA1*01:03/DPB1*02:01+HLA-DRB1*03:01+HLA-DPA1*01/DPB1*04:01+DRB1_0401+HLA-DPA10103-DPB10201+HLA-DPA10103-DPB10401+HLA-DPA10201-DPB11401","AAYYKYDSLVSTERG","YKYD---------SLVS","YKYD---------SLVS","YKYDSLVS-",TRUE,TRUE,TRUE,TRUE,FALSE,FALSE,FALSE,FALSE,FALSE,"b19","I+N","1+2+3+4+5+B19_1_A4HTE9+B19_2_E9B964+B19_3_Q4QIM7+B19_4_E9AL77+B19_5_A4H515","I_HLA-DRB3*01:01_13.7+I_HLA-DRB1*04:01_29.7+I_HLA-DPA1*02:01/DPB1*01:01_23.1+I_HLA-DRB1*08:02_1464+I_HLA-DPA1*01:03/DPB1*02:01_732+I_HLA-DRB1*03:01_3626+N_DRB1_0401_95.45+N_HLA-DPA10201-DPB11401_39.62","NP_060770.3 zinc finger protein 83 [Homo sapiens]  NP_001099019.1 zinc finger protein 83 [Homo sapiens]  NP_001099020.1 zinc finger protein 83 [Homo sapiens]  NP_001099021.1 zinc finger protein 83 [Homo sapiens]  NP_001099022.1 zinc finger protein 83 [Homo sapiens]  NP_001264874.1 zinc finger protein 83 [Homo sapiens]  NP_001264875.1 zinc finger protein 83 [Homo sapiens]  NP_001264876.1 zinc finger protein 83 [Homo sapiens]  NP_001264877.1 zinc finger protein 83 [Homo sapiens]  NP_001264878.1 zinc finger protein 83 [Homo sapiens]  NP_001264880.1 zinc finger protein 83 [Homo sapiens]  NP_001264881.1 zinc finger protein 83 [Homo sapiens]  NP_001334944.1 zinc finger protein 83 [Homo sapiens]  NP_001334945.1 zinc finger protein 83 [Homo sapiens]  NP_001334946.1 zinc finger protein 83 [Homo sapiens]  NP_001334947.1 zinc finger protein 83 [Homo sapiens]  NP_001334948.1 zinc finger protein 83 [Homo sapiens]","data/classII/b19_iedbii.csv"
"HLA-DRB1*11:01+HLA-DRB1*04:01+HLA-DPA1*03:01/DPB1*04:02+HLA-DRB1*08:02+HLA-DRB5*01:01+HLA-DRB1*03:01+HLA-DRB1*04:05+HLA-DRB1*15:01+DRB1_0401+DRB1_0405+DRB1_0901","AAYYKYDSLVSTERG","YY---KYDS-VS","YY---KYDS-VS","YYKYDSVS-",TRUE,TRUE,FALSE,FALSE,FALSE,FALSE,FALSE,FALSE,TRUE,"b19","I+N","1+2+3+4+5+B19_1_A4HTE9+B19_2_E9B964+B19_3_Q4QIM7+B19_4_E9AL77+B19_5_A4H515","I_HLA-DRB1*11:01_48.4+I_HLA-DPA1*03:01/DPB1*04:02_22.4+N_DRB1_0405_93.66","NP_001161726.1 OCIA domain-containing protein 1 isoform 4 [Homo sapiens]","data/classII/b19_iedbii.csv"
"HLA-DRB1*15:01+HLA-DPA1*02:01/DPB1*05:01+HLA-DRB3*01:01+HLA-DRB5*01:01+HLA-DRB1*03:01+HLA-DRB1*04:05+DRB1_0301+HLA-DPA10103-DPB10201","AILLTYDPFRTGLLG","LL-TYDPF","LL-TYDPF-","-LLTYDPF-",FALSE,TRUE,FALSE,TRUE,TRUE,TRUE,TRUE,TRUE,FALSE,"b19","I+N","1+2+3+4+5+B19_1_A4HTE9+B19_2_E9B964+B19_3_Q4QIM7+B19_4_E9AL77+B19_5_A4H515","I_HLA-DRB1*15:01_13.7+I_HLA-DPA1*02:01/DPB1*05:01_105.8","NP_060023.1 DNA helicase INO80 [Homo sapiens]","data/classII/b19_iedbii.csv"
"HLA-DRB1*15:01+HLA-DPA1*02:01/DPB1*05:01+HLA-DRB3*01:01+HLA-DRB5*01:01+HLA-DRB1*03:01+HLA-DRB1*04:05+DRB1_0301+HLA-DPA10103-DPB10201","AILLTYDPFRTSLLG","LL-TYDPF","LL-TYDPF-","-LLTYDPF-",FALSE,TRUE,FALSE,TRUE,TRUE,TRUE,TRUE,TRUE,FALSE,"b19","I+N","1+2+3+4+5+B19_1_A4HTE9+B19_2_E9B964+B19_3_Q4QIM7+B19_4_E9AL77+B19_5_A4H515","I_HLA-DRB1*15:01_11.2+I_HLA-DPA1*02:01/DPB1*05:01_82.4+I_HLA-DRB1*03:01_1008","NP_060023.1 DNA helicase INO80 [Homo sapiens]","data/classII/b19_iedbii.csv"
"HLA-DRB1*04:01+HLA-DRB1*08:02+HLA-DRB1*12:01+HLA-DRB1*03:01+HLA-DRB5*01:01+HLA-DRB4*01:01+HLA-DRB1*09:01+HLA-DRB1*04:05+DRB1_0101+DRB1_0401+DRB1_0405+DRB1_0701+DRB1_0802+DRB1_0901+DRB1_1302+DRB1_1501","AIQSMAVSNYIEALL","IQ-M-VS++","IQ-M-VS++","IQMVS++--",TRUE,TRUE,FALSE,TRUE,FALSE,TRUE,TRUE,TRUE,TRUE,"b19","I+N","5+1+2+3+4+B19_1_A4HTE9+B19_2_E9B964+B19_3_Q4QIM7+B19_4_E9AL77+B19_5_A4H515","I_HLA-DRB1*08:02_895+I_HLA-DRB1*04:01_645+N_DRB1_0401_184.3+N_DRB1_0701_99.89","XP_016856320.1 PREDICTED: ubiquitin carboxyl-terminal hydrolase 24 isoform X1  [Homo sapiens]","data/classII/b19_iedbii.csv"
"HLA-DRB1*04:01+HLA-DRB1*08:02+HLA-DRB1*12:01+HLA-DRB1*03:01+HLA-DRB5*01:01+HLA-DRB4*01:01+HLA-DRB1*09:01+HLA-DRB1*04:05+DRB1_0101+DRB1_0401+DRB1_0405+DRB1_0701+DRB1_0802+DRB1_0901+DRB1_1302+DRB1_1501","AIQSMAVSNYMEALL","IQ-M-VS++","IQ-M-VS++","IQMVS++--",TRUE,TRUE,FALSE,TRUE,FALSE,TRUE,TRUE,TRUE,TRUE,"b19","I+N","5+1+2+3+4+B19_1_A4HTE9+B19_2_E9B964+B19_3_Q4QIM7+B19_4_E9AL77+B19_5_A4H515","I_HLA-DRB1*08:02_1160+I_HLA-DRB1*04:01_662+N_DRB1_0401_188.7","XP_016856320.1 PREDICTED: ubiquitin carboxyl-terminal hydrolase 24 isoform X1  [Homo sapiens]","data/classII/b19_iedbii.csv"
"HLA-DRB1*11:01+HLA-DRB1*09:01+HLA-DRB1*15:01+HLA-DRB1*04:05+HLA-DRB5*01:01+HLA-DRB1*01:01+DRB1_0101+DRB1_0401+DRB1_0405+DRB1_0901+DRB1_1101+DRB1_1201+DRB1_1501","ALCALLYNARTATSS","ALLYNA","-ALLYNA--","-ALLYNA--",FALSE,TRUE,TRUE,TRUE,TRUE,TRUE,TRUE,FALSE,FALSE,"b19","I+N","1+2+3+4+5+B19_1_A4HTE9+B19_2_E9B964+B19_3_Q4QIM7+B19_4_E9AL77+B19_5_A4H515","I_HLA-DRB1*09:01_247.1+I_HLA-DRB1*15:01_285+I_HLA-DRB1*01:01_46+N_DRB1_0101_14.47+N_DRB1_0401_83.76+N_DRB1_0405_87.04+N_DRB1_1101_58.57+N_DRB1_1201_11.1","NP_000457.1 peroxisome biogenesis factor 1 isoform 1 [Homo sapiens]","data/classII/b19_iedbii.csv"
"HLA-DRB1*08:02+HLA-DRB1*03:01+HLA-DRB1*11:01+DRB1_0301+DRB1_0802+DRB1_1101+DRB1_1302","ALCALLYNARTATSS","LYN-R-AT","-LYN-R-AT","-LYNRAT--",FALSE,TRUE,TRUE,TRUE,FALSE,TRUE,FALSE,TRUE,TRUE,"b19","I+N","1+2+3+4+5+B19_1_A4HTE9+B19_2_E9B964+B19_3_Q4QIM7+B19_4_E9AL77+B19_5_A4H515","I_HLA-DRB1*08:02_42.5+I_HLA-DRB1*03:01_161.8+I_HLA-DRB1*11:01_48.4+N_DRB1_0301_218.37+N_DRB1_1302_264.6","NP_002628.2 phosphorylase b kinase regulatory subunit alpha, skeletal muscle  isoform isoform 1 [Homo sapiens]","data/classII/b19_iedbii.csv"
"HLA-DRB1*08:02+HLA-DRB1*04:01+HLA-DRB1*04:05+HLA-DRB1*11:01+DRB1_0101+DRB1_0401+DRB1_0802+DRB1_0901","ALCALLYNARTATSS","LYN-R-AT","LYN-R-AT-","LYNRAT---",TRUE,TRUE,TRUE,FALSE,TRUE,FALSE,TRUE,TRUE,FALSE,"b19","I+N","1+2+3+4+5+B19_1_A4HTE9+B19_2_E9B964+B19_3_Q4QIM7+B19_4_E9AL77+B19_5_A4H515","I_HLA-DRB1*04:01_41+I_HLA-DRB1*04:05_351+N_DRB1_0802_256.04+N_DRB1_0901_199.65","NP_002628.2 phosphorylase b kinase regulatory subunit alpha, skeletal muscle  isoform isoform 1 [Homo sapiens]","data/classII/b19_iedbii.csv"
"HLA-DRB1*03:01+HLA-DRB1*08:02+HLA-DRB1*13:02+DRB1_0301","ALLSSIRNNTDQLKQ","IRNN-DQ","IRNN-DQ--","IRNNDQ---",TRUE,TRUE,TRUE,TRUE,FALSE,TRUE,TRUE,FALSE,FALSE,"b19","I+N","1+2+3+4+5+B19_1_A4HTE9+B19_2_E9B964+B19_3_Q4QIM7+B19_4_E9AL77+B19_5_A4H515","I_HLA-DRB1*03:01_544+I_HLA-DRB1*08:02_1286+N_DRB1_0301_250.17","NP_612463.1 nucleoredoxin-like protein 1 [Homo sapiens]","data/classII/b19_iedbii.csv"
"HLA-DRB1*08:02+HLA-DRB1*03:01+HLA-DRB1*11:01+DRB1_0301+DRB1_0802+DRB1_1101+DRB1_1302","ALLYNARTATSSRNI","LYN-R-AT","-LYN-R-AT","-LYNRAT--",FALSE,TRUE,TRUE,TRUE,FALSE,TRUE,FALSE,TRUE,TRUE,"b19","I+N","1+2+3+4+5+B19_1_A4HTE9+B19_2_E9B964+B19_3_Q4QIM7+B19_4_E9AL77+B19_5_A4H515","I_HLA-DRB1*11:01_122.7+I_HLA-DRB1*03:01_2870","NP_002628.2 phosphorylase b kinase regulatory subunit alpha, skeletal muscle  isoform isoform 1 [Homo sapiens]","data/classII/b19_iedbii.csv"
"HLA-DRB1*08:02+HLA-DRB1*04:01+HLA-DRB1*04:05+HLA-DRB1*11:01+DRB1_0101+DRB1_0401+DRB1_0802+DRB1_0901","ALLYNARTATSSRNI","LYN-R-AT","LYN-R-AT-","LYNRAT---",TRUE,TRUE,TRUE,FALSE,TRUE,FALSE,TRUE,TRUE,FALSE,"b19","I+N","1+2+3+4+5+B19_1_A4HTE9+B19_2_E9B964+B19_3_Q4QIM7+B19_4_E9AL77+B19_5_A4H515","I_HLA-DRB1*04:01_41.9+I_HLA-DRB1*08:02_24.9+I_HLA-DRB1*04:05_525+N_DRB1_0401_129.02+N_DRB1_0802_293.09","NP_002628.2 phosphorylase b kinase regulatory subunit alpha, skeletal muscle  isoform isoform 1 [Homo sapiens]","data/classII/b19_iedbii.csv"
"HLA-DRB1*09:01+HLA-DRB1*07:01+HLA-DRB5*01:01+DRB1_0901","ALLYNARTATSSRNI","YN-RTA-SS","YN-RTA-SS","YNRTASS--",TRUE,TRUE,FALSE,TRUE,TRUE,TRUE,FALSE,TRUE,TRUE,"b19","I+N","1+2+3+4+5+B19_1_A4HTE9+B19_2_E9B964+B19_3_Q4QIM7+B19_4_E9AL77+B19_5_A4H515","I_HLA-DRB1*09:01_339.1+I_HLA-DRB1*07:01_106+N_DRB1_0901_177.23","NP_075384.3 protein KRI1 homolog [Homo sapiens]","data/classII/b19_iedbii.csv"
"HLA-DRB1*04:01+HLA-DRB1*09:01+HLA-DRB1*07:01+HLA-DRB1*11:01+HLA-DRB5*01:01+HLA-DRB1*15:01+HLA-DRB1*04:05+HLA-DRB1*08:02+DRB1_0401+DRB1_0701+DRB1_0901","ARFNPFSTRTMRKLQ","FNPF-ST--M","FNPF-ST--M","FNPFSTM--",TRUE,TRUE,TRUE,TRUE,FALSE,FALSE,FALSE,FALSE,FALSE,"b19","I+N","1+2+3+4+5+B19_1_A4HTE9+B19_2_E9B964+B19_3_Q4QIM7+B19_4_E9AL77+B19_5_A4H515","I_HLA-DRB1*04:01_12.3+I_HLA-DRB1*07:01_29.2+I_HLA-DRB1*09:01_208+I_HLA-DRB5*01:01_319+I_HLA-DRB1*08:02_3057+I_HLA-DRB1*04:05_447.6+N_DRB1_0401_230.8+N_DRB1_0701_53.17+N_DRB1_0901_166.92","XP_005269445.1 PREDICTED: transforming acidic coiled-coil-containing protein  2 isoform X1 [Homo sapiens]  XP_005269446.1 PREDICTED: transforming acidic coiled-coil-containing protein  2 isoform X1 [Homo sapiens]","data/classII/b19_iedbii.csv"
"HLA-DRB5*01:01+HLA-DRB1*07:01+DRB1_0802+DRB1_1101","ARFNPFSTRTMRKLQ","S-RTMRK","S-RTMRK--","-SRTMRK--",FALSE,FALSE,FALSE,FALSE,FALSE,FALSE,FALSE,FALSE,FALSE,"b19","I+N","1+2+3+4+5+B19_1_A4HTE9+B19_2_E9B964+B19_3_Q4QIM7+B19_4_E9AL77+B19_5_A4H515","N_DRB1_0802_506.85+N_DRB1_1101_51.87","NP_001342165.1 putative uncharacterized protein C3orf49 [Homo sapiens]","data/classII/b19_netmhciipan.csv"
"HLA-DRB1*11:01+HLA-DRB1*09:01+HLA-DRB1*15:01+HLA-DRB1*04:05+HLA-DRB5*01:01+HLA-DRB1*01:01+DRB1_0101+DRB1_0401+DRB1_0405+DRB1_0901+DRB1_1101+DRB1_1201+DRB1_1501","AVCALLYNARTATSS","ALLYNA","-ALLYNA--","-ALLYNA--",FALSE,TRUE,TRUE,TRUE,TRUE,TRUE,TRUE,FALSE,FALSE,"b19","I+N","1+2+3+4+5+B19_1_A4HTE9+B19_2_E9B964+B19_3_Q4QIM7+B19_4_E9AL77+B19_5_A4H515","I_HLA-DRB1*09:01_251.3+I_HLA-DRB1*15:01_290+I_HLA-DRB5*01:01_785+I_HLA-DRB1*01:01_46+N_DRB1_0101_14.68+N_DRB1_0401_85.95+N_DRB1_0405_93.57+N_DRB1_0901_194.64+N_DRB1_1101_64.29+N_DRB1_1201_12.21+N_DRB1_1501_88.57","NP_000457.1 peroxisome biogenesis factor 1 isoform 1 [Homo sapiens]","data/classII/b19_iedbii.csv"
"HLA-DRB1*08:02+HLA-DRB1*03:01+HLA-DRB1*11:01+DRB1_0301+DRB1_0802+DRB1_1101+DRB1_1302","AVCALLYNARTATSS","LYN-R-AT","-LYN-R-AT","-LYNRAT--",FALSE,TRUE,TRUE,TRUE,FALSE,TRUE,FALSE,TRUE,TRUE,"b19","I+N","1+2+3+4+5+B19_1_A4HTE9+B19_2_E9B964+B19_3_Q4QIM7+B19_4_E9AL77+B19_5_A4H515","I_HLA-DRB1*08:02_40.5+I_HLA-DRB1*03:01_200.7+I_HLA-DRB1*11:01_54.6+N_DRB1_0301_235.14+N_DRB1_1302_266.3","NP_002628.2 phosphorylase b kinase regulatory subunit alpha, skeletal muscle  isoform isoform 1 [Homo sapiens]","data/classII/b19_iedbii.csv"
"HLA-DRB1*08:02+HLA-DRB1*04:01+HLA-DRB1*04:05+HLA-DRB1*11:01+DRB1_0101+DRB1_0401+DRB1_0802+DRB1_0901","AVCALLYNARTATSS","LYN-R-AT","LYN-R-AT-","LYNRAT---",TRUE,TRUE,TRUE,FALSE,TRUE,FALSE,TRUE,TRUE,FALSE,"b19","I+N","1+2+3+4+5+B19_1_A4HTE9+B19_2_E9B964+B19_3_Q4QIM7+B19_4_E9AL77+B19_5_A4H515","I_HLA-DRB1*04:01_50.5+I_HLA-DRB1*04:05_389+N_DRB1_0802_254.22","NP_002628.2 phosphorylase b kinase regulatory subunit alpha, skeletal muscle  isoform isoform 1 [Homo sapiens]","data/classII/b19_iedbii.csv"
"HLA-DRB1*09:01+HLA-DRB1*01:01+HLA-DRB1*07:01+HLA-DRB1*04:01+HLA-DRB1*04:05+HLA-DRB1*11:01+HLA-DRB1*15:01+HLA-DRB5*01:01+HLA-DRB1*08:02+HLA-DRB1*13:02+HLA-DRB1*12:01+HLA-DRB4*01:01+HLA-DPA1*01:03/DPB1*02:01+HLA-DPA1*01/DPB1*04:01+HLA-DRB1*03:01+DRB1_0101+DRB1_0401+DRB1_0405+DRB1_0701+DRB1_0802+DRB1_0901+DRB1_1101+DRB1_1302+DRB1_1501","AVGDSFKAIQSMAVS","FKAIQS+","FKAIQS+--","FKAIQS+--",TRUE,TRUE,TRUE,TRUE,TRUE,TRUE,TRUE,FALSE,FALSE,"b19","I+N","1+2+3+4+5+B19_1_A4HTE9+B19_2_E9B964+B19_3_Q4QIM7+B19_4_E9AL77+B19_5_A4H515","I_HLA-DRB1*09:01_12.6+I_HLA-DRB1*01:01_4.4+I_HLA-DRB1*07:01_4.5+I_HLA-DRB1*04:05_37.5+I_HLA-DRB1*04:01_39.2+I_HLA-DRB1*11:01_106.1+I_HLA-DRB1*15:01_99.7+I_HLA-DRB5*01:01_41+I_HLA-DRB1*08:02_360+I_HLA-DRB1*13:02_207+I_HLA-DPA1*01:03/DPB1*02:01_848+N_DRB1_0101_5.22+N_DRB1_0401_33.93+N_DRB1_0405_40.82+N_DRB1_0701_15.86+N_DRB1_0802_472.75+N_DRB1_0901_24.32+N_DRB1_1101_78.71+N_DRB1_1302_222.42+N_DRB1_1501_113.13","NP_000375.2 apolipoprotein B-100 precursor [Homo sapiens]","data/classII/b19_iedbii.csv"
"HLA-DRB5*01:01+HLA-DRB1*12:01+HLA-DRB1*15:01+DRB1_0701+DRB1_0901+DRB1_1101","AYTPTAAYYKYDSLV","PT-AYYK","-PT-AYYK-","--PTAYYK-",FALSE,FALSE,FALSE,FALSE,TRUE,FALSE,TRUE,FALSE,FALSE,"b19","I+N","1+2+3+4+5+B19_1_A4HTE9+B19_2_E9B964+B19_3_Q4QIM7+B19_4_E9AL77+B19_5_A4H515","I_HLA-DRB5*01:01_5.7","NP_004238.3 116 kDa U5 small nuclear ribonucleoprotein component isoform  a [Homo sapiens]  NP_001245282.1 116 kDa U5 small nuclear ribonucleoprotein component isoform  a [Homo sapiens]","data/classII/b19_iedbii.csv"
"HLA-DRB1*04:05+HLA-DRB5*01:01+HLA-DRB1*04:01+HLA-DRB1*09:01+DRB1_0401+DRB1_0405+DRB1_0901","AYYKYDSLVSTERGY","YD-L---+STER","YD-L---+STER","YDL+STER-",TRUE,TRUE,FALSE,TRUE,FALSE,FALSE,FALSE,TRUE,FALSE,"b19","I+N","1+2+3+4+5+B19_1_A4HTE9+B19_2_E9B964+B19_3_Q4QIM7+B19_4_E9AL77+B19_5_A4H515","I_HLA-DRB1*04:05_47.8+I_HLA-DRB5*01:01_66+N_DRB1_0401_99.1+N_DRB1_0405_97.76+N_DRB1_0901_156.42","NP_079285.2 centrosomal protein of 135 kDa [Homo sapiens]","data/classII/b19_iedbii.csv"
"HLA-DRB3*01:01+HLA-DRB1*04:01+HLA-DPA1*02:01/DPB1*01:01+HLA-DPA1*03:01/DPB1*04:02+HLA-DRB1*08:02+HLA-DPA1*01:03/DPB1*02:01+HLA-DRB1*03:01+HLA-DPA1*01/DPB1*04:01+DRB1_0401+HLA-DPA10103-DPB10201+HLA-DPA10103-DPB10401+HLA-DPA10201-DPB11401","AYYKYDSLVSTERGY","YKYD---------SLVS","YKYD---------SLVS","YKYDSLVS-",TRUE,TRUE,TRUE,TRUE,FALSE,FALSE,FALSE,FALSE,FALSE,"b19","I+N","1+2+3+4+5+B19_1_A4HTE9+B19_2_E9B964+B19_3_Q4QIM7+B19_4_E9AL77+B19_5_A4H515","I_HLA-DRB3*01:01_25.9+I_HLA-DRB1*04:01_40.5+I_HLA-DPA1*03:01/DPB1*04:02_335+I_HLA-DRB1*08:02_2151+I_HLA-DRB1*03:01_3482+I_HLA-DPA1*01:03/DPB1*02:01_817","NP_060770.3 zinc finger protein 83 [Homo sapiens]  NP_001099019.1 zinc finger protein 83 [Homo sapiens]  NP_001099020.1 zinc finger protein 83 [Homo sapiens]  NP_001099021.1 zinc finger protein 83 [Homo sapiens]  NP_001099022.1 zinc finger protein 83 [Homo sapiens]  NP_001264874.1 zinc finger protein 83 [Homo sapiens]  NP_001264875.1 zinc finger protein 83 [Homo sapiens]  NP_001264876.1 zinc finger protein 83 [Homo sapiens]  NP_001264877.1 zinc finger protein 83 [Homo sapiens]  NP_001264878.1 zinc finger protein 83 [Homo sapiens]  NP_001264880.1 zinc finger protein 83 [Homo sapiens]  NP_001264881.1 zinc finger protein 83 [Homo sapiens]  NP_001334944.1 zinc finger protein 83 [Homo sapiens]  NP_001334945.1 zinc finger protein 83 [Homo sapiens]  NP_001334946.1 zinc finger protein 83 [Homo sapiens]  NP_001334947.1 zinc finger protein 83 [Homo sapiens]  NP_001334948.1 zinc finger protein 83 [Homo sapiens]","data/classII/b19_iedbii.csv"
"HLA-DRB1*11:01+HLA-DRB1*04:01+HLA-DPA1*03:01/DPB1*04:02+HLA-DRB1*08:02+HLA-DRB5*01:01+HLA-DRB1*03:01+HLA-DRB1*04:05+HLA-DRB1*15:01+DRB1_0401+DRB1_0405+DRB1_0901","AYYKYDSLVSTERGY","YY---KYDS-VS","YY---KYDS-VS","YYKYDSVS-",TRUE,TRUE,FALSE,FALSE,FALSE,FALSE,FALSE,FALSE,TRUE,"b19","I+N","1+2+3+4+5+B19_1_A4HTE9+B19_2_E9B964+B19_3_Q4QIM7+B19_4_E9AL77+B19_5_A4H515","I_HLA-DRB1*11:01_83.2","NP_001161726.1 OCIA domain-containing protein 1 isoform 4 [Homo sapiens]","data/classII/b19_iedbii.csv"
"HLA-DRB1*08:02+HLA-DRB1*03:01+HLA-DRB1*11:01+DRB1_0301+DRB1_0802+DRB1_1101+DRB1_1302","CALLYNARTATSSRN","LYN-R-AT","-LYN-R-AT","-LYNRAT--",FALSE,TRUE,TRUE,TRUE,FALSE,TRUE,FALSE,TRUE,TRUE,"b19","I+N","1+2+3+4+5+B19_1_A4HTE9+B19_2_E9B964+B19_3_Q4QIM7+B19_4_E9AL77+B19_5_A4H515","I_HLA-DRB1*03:01_299.4+I_HLA-DRB1*11:01_59.1+N_DRB1_0301_281.69+N_DRB1_1302_300.82","NP_002628.2 phosphorylase b kinase regulatory subunit alpha, skeletal muscle  isoform isoform 1 [Homo sapiens]","data/classII/b19_iedbii.csv"
"HLA-DRB1*08:02+HLA-DRB1*04:01+HLA-DRB1*04:05+HLA-DRB1*11:01+DRB1_0101+DRB1_0401+DRB1_0802+DRB1_0901","CALLYNARTATSSRN","LYN-R-AT","LYN-R-AT-","LYNRAT---",TRUE,TRUE,TRUE,FALSE,TRUE,FALSE,TRUE,TRUE,FALSE,"b19","I+N","1+2+3+4+5+B19_1_A4HTE9+B19_2_E9B964+B19_3_Q4QIM7+B19_4_E9AL77+B19_5_A4H515","I_HLA-DRB1*08:02_20.4+I_HLA-DRB1*04:01_36+I_HLA-DRB1*04:05_518+N_DRB1_0101_21.45+N_DRB1_0401_107.4+N_DRB1_0802_264.72","NP_002628.2 phosphorylase b kinase regulatory subunit alpha, skeletal muscle  isoform isoform 1 [Homo sapiens]","data/classII/b19_iedbii.csv"
"HLA-DRB1*09:01+HLA-DRB1*07:01+HLA-DRB5*01:01+DRB1_0901","CALLYNARTATSSRN","YN-RTA-SS","YN-RTA-SS","YNRTASS--",TRUE,TRUE,FALSE,TRUE,TRUE,TRUE,FALSE,TRUE,TRUE,"b19","I+N","1+2+3+4+5+B19_1_A4HTE9+B19_2_E9B964+B19_3_Q4QIM7+B19_4_E9AL77+B19_5_A4H515","I_HLA-DRB1*09:01_269.2+N_DRB1_0901_188.92","NP_075384.3 protein KRI1 homolog [Homo sapiens]","data/classII/b19_iedbii.csv"
"HLA-DRB1*11:01+HLA-DRB1*08:02+DRB1_0802+DRB1_1101+DRB1_1201","DPFRTSLLGRPHIRA","LGR-HIRA","LGR-HIRA-","-LGRHIRA-",TRUE,FALSE,FALSE,FALSE,FALSE,FALSE,FALSE,FALSE,FALSE,"b19","I+N","3+5+1+2+4+B19_1_A4HTE9+B19_2_E9B964+B19_4_E9AL77+B19_3_Q4QIM7+B19_5_A4H515","N_DRB1_0802_578.28","XP_005254194.1 PREDICTED: A disintegrin and metalloproteinase with thrombospondin  motifs 7 isoform X1 [Homo sapiens]","data/classII/b19_netmhciipan.csv"
"HLA-DRB1*09:01+HLA-DRB1*01:01+HLA-DRB1*07:01+HLA-DRB1*04:01+HLA-DRB1*04:05+HLA-DRB1*11:01+HLA-DRB1*15:01+HLA-DRB5*01:01+HLA-DRB1*08:02+HLA-DRB1*13:02+HLA-DRB1*12:01+HLA-DRB4*01:01+HLA-DPA1*01:03/DPB1*02:01+HLA-DPA1*01/DPB1*04:01+HLA-DRB1*03:01+DRB1_0101+DRB1_0401+DRB1_0405+DRB1_0701+DRB1_0802+DRB1_0901+DRB1_1101+DRB1_1302+DRB1_1501","DSFKAIQSMAVSNYI","FKAIQS+","FKAIQS+--","FKAIQS+--",TRUE,TRUE,TRUE,TRUE,TRUE,TRUE,TRUE,FALSE,FALSE,"b19","I+N","1+2+3+4+5+B19_1_A4HTE9+B19_2_E9B964+B19_3_Q4QIM7+B19_4_E9AL77+B19_5_A4H515","I_HLA-DRB1*09:01_8.4+I_HLA-DRB1*01:01_4.2+I_HLA-DRB1*04:05_74.8+I_HLA-DRB1*07:01_5.7+I_HLA-DRB1*04:01_17.3+I_HLA-DRB1*11:01_62.1+I_HLA-DRB5*01:01_42+I_HLA-DRB1*08:02_310+I_HLA-DRB1*13:02_170+I_HLA-DRB4*01:01_370+N_DRB1_0101_4.75+N_DRB1_0401_27.99+N_DRB1_0405_33.95+N_DRB1_0701_14.59+N_DRB1_0802_311.47+N_DRB1_0901_23.06+N_DRB1_1101_71.6+N_DRB1_1302_135.31+N_DRB1_1501_76.72","NP_000375.2 apolipoprotein B-100 precursor [Homo sapiens]","data/classII/b19_iedbii.csv"
"HLA-DRB1*04:01+HLA-DRB1*08:02+HLA-DRB1*12:01+HLA-DRB1*03:01+HLA-DRB5*01:01+HLA-DRB4*01:01+HLA-DRB1*09:01+HLA-DRB1*04:05+DRB1_0101+DRB1_0401+DRB1_0405+DRB1_0701+DRB1_0802+DRB1_0901+DRB1_1302+DRB1_1501","DSFKAIQSMAVSNYI","IQ-M-VS++","IQ-M-VS++","IQMVS++--",TRUE,TRUE,FALSE,TRUE,FALSE,TRUE,TRUE,TRUE,TRUE,"b19","I+N","5+1+2+3+4+B19_1_A4HTE9+B19_2_E9B964+B19_3_Q4QIM7+B19_4_E9AL77+B19_5_A4H515","I_HLA-DRB1*12:01_521+I_HLA-DRB1*03:01_3076","XP_016856320.1 PREDICTED: ubiquitin carboxyl-terminal hydrolase 24 isoform X1  [Homo sapiens]","data/classII/b19_iedbii.csv"
"HLA-DRB1*09:01+HLA-DRB1*01:01+HLA-DRB1*07:01+HLA-DRB1*04:01+HLA-DRB1*04:05+HLA-DRB1*11:01+HLA-DRB1*15:01+HLA-DRB5*01:01+HLA-DRB1*08:02+HLA-DRB1*13:02+HLA-DRB1*12:01+HLA-DRB4*01:01+HLA-DPA1*01:03/DPB1*02:01+HLA-DPA1*01/DPB1*04:01+HLA-DRB1*03:01+DRB1_0101+DRB1_0401+DRB1_0405+DRB1_0701+DRB1_0802+DRB1_0901+DRB1_1101+DRB1_1302+DRB1_1501","DSFKAIQSMAVSNYM","FKAIQS+","FKAIQS+--","FKAIQS+--",TRUE,TRUE,TRUE,TRUE,TRUE,TRUE,TRUE,FALSE,FALSE,"b19","I+N","1+2+3+4+5+B19_1_A4HTE9+B19_2_E9B964+B19_3_Q4QIM7+B19_4_E9AL77+B19_5_A4H515","I_HLA-DRB1*09:01_9.1+I_HLA-DRB1*01:01_4.2+I_HLA-DRB1*04:05_74.7+I_HLA-DRB1*04:01_17.1+I_HLA-DRB1*07:01_6+I_HLA-DRB1*11:01_62.2+I_HLA-DRB1*15:01_64+I_HLA-DRB5*01:01_42+I_HLA-DRB1*08:02_312+I_HLA-DRB1*13:02_176+I_HLA-DRB4*01:01_375+N_DRB1_0101_4.77+N_DRB1_0401_28.14+N_DRB1_0405_34.25+N_DRB1_0701_15.29+N_DRB1_0802_315.06+N_DRB1_0901_24.05+N_DRB1_1101_72.15+N_DRB1_1302_144.86","NP_000375.2 apolipoprotein B-100 precursor [Homo sapiens]","data/classII/b19_iedbii.csv"
"HLA-DRB1*04:01+HLA-DRB1*08:02+HLA-DRB1*12:01+HLA-DRB1*03:01+HLA-DRB5*01:01+HLA-DRB4*01:01+HLA-DRB1*09:01+HLA-DRB1*04:05+DRB1_0101+DRB1_0401+DRB1_0405+DRB1_0701+DRB1_0802+DRB1_0901+DRB1_1302+DRB1_1501","DSFKAIQSMAVSNYM","IQ-M-VS++","IQ-M-VS++","IQMVS++--",TRUE,TRUE,FALSE,TRUE,FALSE,TRUE,TRUE,TRUE,TRUE,"b19","I+N","5+1+2+3+4+B19_1_A4HTE9+B19_2_E9B964+B19_3_Q4QIM7+B19_4_E9AL77+B19_5_A4H515","I_HLA-DRB1*12:01_525+I_HLA-DRB1*03:01_3141","XP_016856320.1 PREDICTED: ubiquitin carboxyl-terminal hydrolase 24 isoform X1  [Homo sapiens]","data/classII/b19_iedbii.csv"
"HLA-DRB1*03:01+HLA-DRB1*13:02+DRB1_0301+DRB1_1302","EGVLHEIPVKLEVDA","LHEIPVK","-LHEIPVK-","-LHEIPVK-",FALSE,TRUE,TRUE,TRUE,TRUE,TRUE,TRUE,TRUE,FALSE,"b19","I+N","1+2+3+4+5+B19_1_A4HTE9+B19_2_E9B964+B19_3_Q4QIM7+B19_4_E9AL77+B19_5_A4H515","I_HLA-DRB1*03:01_28.6+I_HLA-DRB1*13:02_44+N_DRB1_1302_206.32","NP_001544.1 insulin-like growth factor-binding protein 7 isoform 1 precursor  [Homo sapiens]","data/classII/b19_iedbii.csv"
"HLA-DRB1*09:01+HLA-DRB1*03:01+DRB1_0901","ELHRESLPAILLTYD","+RE-LP-IL","+RE-LP-IL","+RELPIL--",TRUE,TRUE,TRUE,FALSE,TRUE,TRUE,FALSE,TRUE,TRUE,"b19","I+N","1+2+3+4+5+B19_1_A4HTE9+B19_2_E9B964+B19_3_Q4QIM7+B19_4_E9AL77+B19_5_A4H515","I_HLA-DRB1*09:01_68.1+I_HLA-DRB1*03:01_3492","XP_011544145.1 PREDICTED: integrin alpha-D isoform X9 [Homo sapiens]","data/classII/b19_iedbii.csv"
"HLA-DRB1*11:01+HLA-DRB1*04:01+HLA-DRB1*08:02+HLA-DRB5*01:01+DRB1_0802+DRB1_1101","ERGYQRRRSLAQYAK","QRR-SLAQ","QRR-SLAQ-","-QRRSLAQ-",FALSE,FALSE,TRUE,FALSE,FALSE,FALSE,FALSE,FALSE,FALSE,"b19","I+N","1+2+3+4+5+B19_1_A4HTE9+B19_2_E9B964+B19_3_Q4QIM7+B19_4_E9AL77+B19_5_A4H515","I_HLA-DRB1*11:01_38.5+I_HLA-DRB1*04:01_121.8+I_HLA-DRB5*01:01_245+N_DRB1_0802_326.12+N_DRB1_1101_51.97","NP_001418.2 homeobox protein engrailed-2 [Homo sapiens]","data/classII/b19_iedbii.csv"
"HLA-DRB1*03:01+HLA-DRB1*11:01+DRB1_0301","ERMERVRKERKLLDA","RKERKLL+","-RKERKLL+","-RKERKLL+",FALSE,TRUE,TRUE,TRUE,TRUE,TRUE,TRUE,TRUE,TRUE,"b19","I+N","5+1+2+3+4+B19_1_A4HTE9+B19_2_E9B964+B19_3_Q4QIM7+B19_4_E9AL77+B19_5_A4H515","I_HLA-DRB1*03:01_41.4+N_DRB1_0301_288.3","NP_149163.2 ATP-binding cassette sub-family C member 11 isoform a [Homo sapiens]  NP_115972.2 ATP-binding cassette sub-family C member 11 isoform a [Homo sapiens]  XP_016879284.1 PREDICTED: ATP-binding cassette sub-family C member 11 isoform  X1 [Homo sapiens]  XP_016879285.1 PREDICTED: ATP-binding cassette sub-family C member 11 isoform  X1 [Homo sapiens]  XP_016879286.1 PREDICTED: ATP-binding cassette sub-family C member 11 isoform  X1 [Homo sapiens]  XP_016879287.1 PREDICTED: ATP-binding cassette sub-family C member 11 isoform  X1 [Homo sapiens]  XP_016879288.1 PREDICTED: ATP-binding cassette sub-family C member 11 isoform  X1 [Homo sapiens]  XP_016879289.1 PREDICTED: ATP-binding cassette sub-family C member 11 isoform  X1 [Homo sapiens]","data/classII/b19_iedbii.csv"
"HLA-DRB1*03:01+HLA-DRB1*11:01+DRB1_0301","ERMERVRKERKLLDV","RKERKLL+","-RKERKLL+","-RKERKLL+",FALSE,TRUE,TRUE,TRUE,TRUE,TRUE,TRUE,TRUE,TRUE,"b19","I+N","5+1+2+3+4+B19_1_A4HTE9+B19_2_E9B964+B19_3_Q4QIM7+B19_4_E9AL77+B19_5_A4H515","I_HLA-DRB1*03:01_35.6+N_DRB1_0301_248.08","NP_149163.2 ATP-binding cassette sub-family C member 11 isoform a [Homo sapiens]  NP_115972.2 ATP-binding cassette sub-family C member 11 isoform a [Homo sapiens]  XP_016879284.1 PREDICTED: ATP-binding cassette sub-family C member 11 isoform  X1 [Homo sapiens]  XP_016879285.1 PREDICTED: ATP-binding cassette sub-family C member 11 isoform  X1 [Homo sapiens]  XP_016879286.1 PREDICTED: ATP-binding cassette sub-family C member 11 isoform  X1 [Homo sapiens]  XP_016879287.1 PREDICTED: ATP-binding cassette sub-family C member 11 isoform  X1 [Homo sapiens]  XP_016879288.1 PREDICTED: ATP-binding cassette sub-family C member 11 isoform  X1 [Homo sapiens]  XP_016879289.1 PREDICTED: ATP-binding cassette sub-family C member 11 isoform  X1 [Homo sapiens]","data/classII/b19_iedbii.csv"
"HLA-DRB1*03:01+HLA-DRB1*11:01+DRB1_0301","ERVRKERKLLDADKA","RKERKLL+","-RKERKLL+","-RKERKLL+",FALSE,TRUE,TRUE,TRUE,TRUE,TRUE,TRUE,TRUE,TRUE,"b19","I+N","5+1+2+3+4+B19_1_A4HTE9+B19_2_E9B964+B19_3_Q4QIM7+B19_4_E9AL77+B19_5_A4H515","I_HLA-DRB1*03:01_42.2+I_HLA-DRB1*11:01_508","NP_149163.2 ATP-binding cassette sub-family C member 11 isoform a [Homo sapiens]  NP_115972.2 ATP-binding cassette sub-family C member 11 isoform a [Homo sapiens]  XP_016879284.1 PREDICTED: ATP-binding cassette sub-family C member 11 isoform  X1 [Homo sapiens]  XP_016879285.1 PREDICTED: ATP-binding cassette sub-family C member 11 isoform  X1 [Homo sapiens]  XP_016879286.1 PREDICTED: ATP-binding cassette sub-family C member 11 isoform  X1 [Homo sapiens]  XP_016879287.1 PREDICTED: ATP-binding cassette sub-family C member 11 isoform  X1 [Homo sapiens]  XP_016879288.1 PREDICTED: ATP-binding cassette sub-family C member 11 isoform  X1 [Homo sapiens]  XP_016879289.1 PREDICTED: ATP-binding cassette sub-family C member 11 isoform  X1 [Homo sapiens]","data/classII/b19_iedbii.csv"
"HLA-DRB1*03:01+HLA-DRB1*11:01+DRB1_0301","ERVRKERKLLDVDKA","RKERKLL+","-RKERKLL+","-RKERKLL+",FALSE,TRUE,TRUE,TRUE,TRUE,TRUE,TRUE,TRUE,TRUE,"b19","I+N","5+1+2+3+4+B19_1_A4HTE9+B19_2_E9B964+B19_3_Q4QIM7+B19_4_E9AL77+B19_5_A4H515","I_HLA-DRB1*03:01_36.7+I_HLA-DRB1*11:01_522","NP_149163.2 ATP-binding cassette sub-family C member 11 isoform a [Homo sapiens]  NP_115972.2 ATP-binding cassette sub-family C member 11 isoform a [Homo sapiens]  XP_016879284.1 PREDICTED: ATP-binding cassette sub-family C member 11 isoform  X1 [Homo sapiens]  XP_016879285.1 PREDICTED: ATP-binding cassette sub-family C member 11 isoform  X1 [Homo sapiens]  XP_016879286.1 PREDICTED: ATP-binding cassette sub-family C member 11 isoform  X1 [Homo sapiens]  XP_016879287.1 PREDICTED: ATP-binding cassette sub-family C member 11 isoform  X1 [Homo sapiens]  XP_016879288.1 PREDICTED: ATP-binding cassette sub-family C member 11 isoform  X1 [Homo sapiens]  XP_016879289.1 PREDICTED: ATP-binding cassette sub-family C member 11 isoform  X1 [Homo sapiens]","data/classII/b19_iedbii.csv"
"HLA-DRB1*15:01+HLA-DPA1*02:01/DPB1*05:01+HLA-DRB3*01:01+HLA-DRB5*01:01+HLA-DRB1*03:01+HLA-DRB1*04:05+DRB1_0301+HLA-DPA10103-DPB10201","ESLPAILLTYDPFRT","LL-TYDPF","LL-TYDPF-","-LLTYDPF-",FALSE,TRUE,FALSE,TRUE,TRUE,TRUE,TRUE,TRUE,FALSE,"b19","I+N","1+2+3+4+5+B19_1_A4HTE9+B19_2_E9B964+B19_3_Q4QIM7+B19_4_E9AL77+B19_5_A4H515","I_HLA-DRB1*15:01_20.4+I_HLA-DRB3*01:01_7290+I_HLA-DRB5*01:01_774+N_HLA-DPA10103-DPB10201_112.7","NP_060023.1 DNA helicase INO80 [Homo sapiens]","data/classII/b19_iedbii.csv"
"HLA-DRB1*09:01+HLA-DRB1*07:01+HLA-DRB5*01:01+HLA-DRB1*11:01+HLA-DRB1*04:05+HLA-DRB1*04:01+HLA-DPA1*03:01/DPB1*04:02+HLA-DRB1*08:02+HLA-DRB1*15:01+DRB1_0101+DRB1_0405+DRB1_0701+DRB1_0901+DRB1_1501+HLA-DPA10201-DPB10101+HLA-DPA10103-DPB10201+HLA-DPA10103-DPB10401+HLA-DPA10301-DPB10402+HLA-DPA10201-DPB11401","FGSVIGLQLQDTVEV","SVIGLQ+","--SVIGLQ+","--SVIGLQ+",FALSE,FALSE,TRUE,TRUE,TRUE,TRUE,TRUE,TRUE,TRUE,"b19","I+N","1+2+3+4+5+B19_1_A4HTE9+B19_2_E9B964+B19_3_Q4QIM7+B19_4_E9AL77+B19_5_A4H515","I_HLA-DRB5*01:01_211.9+I_HLA-DRB1*11:01_1196+I_HLA-DRB1*04:05_372+I_HLA-DRB1*04:01_598+I_HLA-DRB1*09:01_289","NP_001830.1 calponin-3 isoform 1 [Homo sapiens]","data/classII/b19_iedbii.csv"
"HLA-DRB1*09:01+HLA-DRB1*07:01+HLA-DRB5*01:01+HLA-DRB1*11:01+HLA-DRB1*04:05+HLA-DRB1*04:01+HLA-DPA1*03:01/DPB1*04:02+HLA-DRB1*08:02+HLA-DRB1*15:01+DRB1_0101+DRB1_0405+DRB1_0701+DRB1_0901+DRB1_1501+HLA-DPA10201-DPB10101+HLA-DPA10103-DPB10201+HLA-DPA10103-DPB10401+HLA-DPA10301-DPB10402+HLA-DPA10201-DPB11401","FGSVIGLQLQDVVEV","SVIGLQ+","--SVIGLQ+","--SVIGLQ+",FALSE,FALSE,TRUE,TRUE,TRUE,TRUE,TRUE,TRUE,TRUE,"b19","I+N","1+2+3+4+5+B19_1_A4HTE9+B19_2_E9B964+B19_3_Q4QIM7+B19_4_E9AL77+B19_5_A4H515","I_HLA-DRB5*01:01_181.2+I_HLA-DRB1*11:01_1165+I_HLA-DRB1*04:05_361+I_HLA-DRB1*09:01_145.3","NP_001830.1 calponin-3 isoform 1 [Homo sapiens]","data/classII/b19_iedbii.csv"
"HLA-DRB1*09:01+HLA-DRB1*01:01+HLA-DRB1*07:01+HLA-DRB1*04:01+HLA-DRB1*04:05+HLA-DRB1*11:01+HLA-DRB1*15:01+HLA-DRB5*01:01+HLA-DRB1*08:02+HLA-DRB1*13:02+HLA-DRB1*12:01+HLA-DRB4*01:01+HLA-DPA1*01:03/DPB1*02:01+HLA-DPA1*01/DPB1*04:01+HLA-DRB1*03:01+DRB1_0101+DRB1_0401+DRB1_0405+DRB1_0701+DRB1_0802+DRB1_0901+DRB1_1101+DRB1_1302+DRB1_1501","FKAIQSMAVSNYIEA","FKAIQS+","FKAIQS+--","FKAIQS+--",TRUE,TRUE,TRUE,TRUE,TRUE,TRUE,TRUE,FALSE,FALSE,"b19","I+N","1+2+3+4+5+B19_1_A4HTE9+B19_2_E9B964+B19_3_Q4QIM7+B19_4_E9AL77+B19_5_A4H515","I_HLA-DRB1*09:01_15.5+I_HLA-DRB1*01:01_5+I_HLA-DRB1*11:01_166.2+I_HLA-DRB1*07:01_8.9+I_HLA-DRB1*04:05_181.8+I_HLA-DRB5*01:01_123+I_HLA-DRB4*01:01_128.1+I_HLA-DRB1*13:02_401.4+N_DRB1_0101_10.35+N_DRB1_0701_35.01+N_DRB1_0901_59.73","NP_000375.2 apolipoprotein B-100 precursor [Homo sapiens]","data/classII/b19_iedbii.csv"
"HLA-DRB1*04:01+HLA-DRB1*08:02+HLA-DRB1*12:01+HLA-DRB1*03:01+HLA-DRB5*01:01+HLA-DRB4*01:01+HLA-DRB1*09:01+HLA-DRB1*04:05+DRB1_0101+DRB1_0401+DRB1_0405+DRB1_0701+DRB1_0802+DRB1_0901+DRB1_1302+DRB1_1501","FKAIQSMAVSNYIEA","IQ-M-VS++","IQ-M-VS++","IQMVS++--",TRUE,TRUE,FALSE,TRUE,FALSE,TRUE,TRUE,TRUE,TRUE,"b19","I+N","5+1+2+3+4+B19_1_A4HTE9+B19_2_E9B964+B19_3_Q4QIM7+B19_4_E9AL77+B19_5_A4H515","I_HLA-DRB1*04:01_31.2+I_HLA-DRB1*08:02_558+I_HLA-DRB1*03:01_3178+I_HLA-DRB1*12:01_813+N_DRB1_0401_65.74+N_DRB1_0405_73.69+N_DRB1_0802_426.65+N_DRB1_1302_190.3+N_DRB1_1501_140.65","XP_016856320.1 PREDICTED: ubiquitin carboxyl-terminal hydrolase 24 isoform X1  [Homo sapiens]","data/classII/b19_iedbii.csv"
"HLA-DRB1*09:01+HLA-DRB1*01:01+HLA-DRB1*07:01+HLA-DRB1*04:01+HLA-DRB1*04:05+HLA-DRB1*11:01+HLA-DRB1*15:01+HLA-DRB5*01:01+HLA-DRB1*08:02+HLA-DRB1*13:02+HLA-DRB1*12:01+HLA-DRB4*01:01+HLA-DPA1*01:03/DPB1*02:01+HLA-DPA1*01/DPB1*04:01+HLA-DRB1*03:01+DRB1_0101+DRB1_0401+DRB1_0405+DRB1_0701+DRB1_0802+DRB1_0901+DRB1_1101+DRB1_1302+DRB1_1501","FKAIQSMAVSNYMEA","FKAIQS+","FKAIQS+--","FKAIQS+--",TRUE,TRUE,TRUE,TRUE,TRUE,TRUE,TRUE,FALSE,FALSE,"b19","I+N","1+2+3+4+5+B19_1_A4HTE9+B19_2_E9B964+B19_3_Q4QIM7+B19_4_E9AL77+B19_5_A4H515","I_HLA-DRB1*09:01_18.4+I_HLA-DRB1*01:01_5+I_HLA-DRB1*11:01_166.6+I_HLA-DRB1*07:01_9+I_HLA-DRB1*04:05_171.1+I_HLA-DRB5*01:01_124+I_HLA-DPA1*01/DPB1*04:01_807+I_HLA-DRB4*01:01_126.7+N_DRB1_0101_10.75+N_DRB1_0701_41.16+N_DRB1_0901_69.24","NP_000375.2 apolipoprotein B-100 precursor [Homo sapiens]","data/classII/b19_iedbii.csv"
"HLA-DRB1*04:01+HLA-DRB1*08:02+HLA-DRB1*12:01+HLA-DRB1*03:01+HLA-DRB5*01:01+HLA-DRB4*01:01+HLA-DRB1*09:01+HLA-DRB1*04:05+DRB1_0101+DRB1_0401+DRB1_0405+DRB1_0701+DRB1_0802+DRB1_0901+DRB1_1302+DRB1_1501","FKAIQSMAVSNYMEA","IQ-M-VS++","IQ-M-VS++","IQMVS++--",TRUE,TRUE,FALSE,TRUE,FALSE,TRUE,TRUE,TRUE,TRUE,"b19","I+N","5+1+2+3+4+B19_1_A4HTE9+B19_2_E9B964+B19_3_Q4QIM7+B19_4_E9AL77+B19_5_A4H515","I_HLA-DRB1*04:01_30.3+I_HLA-DRB1*08:02_563+I_HLA-DRB1*03:01_3216+I_HLA-DRB1*12:01_826+N_DRB1_0401_68.26+N_DRB1_0405_74.55+N_DRB1_0802_434.26+N_DRB1_1302_256.59","XP_016856320.1 PREDICTED: ubiquitin carboxyl-terminal hydrolase 24 isoform X1  [Homo sapiens]","data/classII/b19_iedbii.csv"
"HLA-DRB1*04:01+HLA-DRB1*09:01+HLA-DRB1*07:01+HLA-DRB1*11:01+HLA-DRB5*01:01+HLA-DRB1*15:01+HLA-DRB1*04:05+HLA-DRB1*08:02+DRB1_0401+DRB1_0701+DRB1_0901","FNPFSTRTMRKLQEL","FNPF-ST--M","FNPF-ST--M","FNPFSTM--",TRUE,TRUE,TRUE,TRUE,FALSE,FALSE,FALSE,FALSE,FALSE,"b19","I+N","1+2+3+4+5+B19_1_A4HTE9+B19_2_E9B964+B19_3_Q4QIM7+B19_4_E9AL77+B19_5_A4H515","I_HLA-DRB1*07:01_333+I_HLA-DRB1*04:01_177","XP_005269445.1 PREDICTED: transforming acidic coiled-coil-containing protein  2 isoform X1 [Homo sapiens]  XP_005269446.1 PREDICTED: transforming acidic coiled-coil-containing protein  2 isoform X1 [Homo sapiens]","data/classII/b19_iedbii.csv"
"HLA-DRB5*01:01+HLA-DRB1*07:01+DRB1_0802+DRB1_1101","FNPFSTRTMRKLQEL","S-RTMRK","S-RTMRK--","-SRTMRK--",FALSE,FALSE,FALSE,FALSE,FALSE,FALSE,FALSE,FALSE,FALSE,"b19","I+N","1+2+3+4+5+B19_1_A4HTE9+B19_2_E9B964+B19_3_Q4QIM7+B19_4_E9AL77+B19_5_A4H515","I_HLA-DRB5*01:01_615+N_DRB1_0802_545.83+N_DRB1_1101_59.56","NP_001342165.1 putative uncharacterized protein C3orf49 [Homo sapiens]","data/classII/b19_iedbii.csv"
"HLA-DRB1*11:01+HLA-DRB1*09:01+HLA-DRB1*15:01+HLA-DRB1*04:05+HLA-DRB5*01:01+HLA-DRB1*01:01+DRB1_0101+DRB1_0401+DRB1_0405+DRB1_0901+DRB1_1101+DRB1_1201+DRB1_1501","FPAVCALLYNARTAT","ALLYNA","-ALLYNA--","-ALLYNA--",FALSE,TRUE,TRUE,TRUE,TRUE,TRUE,TRUE,FALSE,FALSE,"b19","I+N","1+2+3+4+5+B19_1_A4HTE9+B19_2_E9B964+B19_3_Q4QIM7+B19_4_E9AL77+B19_5_A4H515","I_HLA-DRB1*15:01_290+I_HLA-DRB1*11:01_205+I_HLA-DRB1*04:05_426+N_DRB1_0101_18.66+N_DRB1_0401_159.6+N_DRB1_0405_111.84+N_DRB1_1101_71.96+N_DRB1_1201_12.93+N_DRB1_1501_83.21","NP_000457.1 peroxisome biogenesis factor 1 isoform 1 [Homo sapiens]","data/classII/b19_iedbii.csv"
"HLA-DRB1*11:01+HLA-DRB1*08:02+DRB1_0802+DRB1_1101+DRB1_1201","FRTGLLGRPHIRAYT","LGR-HIRA","LGR-HIRA-","-LGRHIRA-",TRUE,FALSE,FALSE,FALSE,FALSE,FALSE,FALSE,FALSE,FALSE,"b19","I+N","3+5+1+2+4+B19_1_A4HTE9+B19_2_E9B964+B19_4_E9AL77+B19_3_Q4QIM7+B19_5_A4H515","I_HLA-DRB1*08:02_752.5+N_DRB1_1101_95.95","XP_005254194.1 PREDICTED: A disintegrin and metalloproteinase with thrombospondin  motifs 7 isoform X1 [Homo sapiens]","data/classII/b19_iedbii.csv"
"HLA-DRB1*11:01+HLA-DRB1*08:02+DRB1_0802+DRB1_1101+DRB1_1201","FRTSLLGRPHIRAYT","LGR-HIRA","LGR-HIRA-","-LGRHIRA-",TRUE,FALSE,FALSE,FALSE,FALSE,FALSE,FALSE,FALSE,FALSE,"b19","I+N","3+5+1+2+4+B19_1_A4HTE9+B19_2_E9B964+B19_4_E9AL77+B19_3_Q4QIM7+B19_5_A4H515","I_HLA-DRB1*08:02_814.9+N_DRB1_0802_434.47+N_DRB1_1101_57.93+N_DRB1_1201_11.46","XP_005254194.1 PREDICTED: A disintegrin and metalloproteinase with thrombospondin  motifs 7 isoform X1 [Homo sapiens]","data/classII/b19_iedbii.csv"
"HLA-DRB1*11:01+HLA-DRB1*09:01+HLA-DRB1*15:01+HLA-DRB1*04:05+HLA-DRB5*01:01+HLA-DRB1*01:01+DRB1_0101+DRB1_0401+DRB1_0405+DRB1_0901+DRB1_1101+DRB1_1201+DRB1_1501","FSALCALLYNARTAT","ALLYNA","-ALLYNA--","-ALLYNA--",FALSE,TRUE,TRUE,TRUE,TRUE,TRUE,TRUE,FALSE,FALSE,"b19","I+N","1+2+3+4+5+B19_1_A4HTE9+B19_2_E9B964+B19_3_Q4QIM7+B19_4_E9AL77+B19_5_A4H515","I_HLA-DRB1*15:01_271+N_DRB1_0101_16.56+N_DRB1_0401_142.5+N_DRB1_0405_88.49","NP_000457.1 peroxisome biogenesis factor 1 isoform 1 [Homo sapiens]","data/classII/b19_iedbii.csv"
"HLA-DRB5*01:01+HLA-DRB1*11:01+HLA-DRB4*01:01+HLA-DRB1*03:01+DRB1_1101+DRB1_1201","FSTRTMRKLQELHRE","MR-LQ--ELHR","MR-LQ--ELHR","MRLQELHR-",TRUE,TRUE,FALSE,TRUE,TRUE,FALSE,FALSE,FALSE,FALSE,"b19","I+N","1+2+3+4+5+B19_1_A4HTE9+B19_2_E9B964+B19_3_Q4QIM7+B19_4_E9AL77+B19_5_A4H515","I_HLA-DRB5*01:01_117.4+N_DRB1_1101_74.76+N_DRB1_1201_13.16","NP_060045.4 telomerase-binding protein EST1A isoform 1 [Homo sapiens]","data/classII/b19_iedbii.csv"
"HLA-DRB1*09:01+HLA-DRB1*01:01+HLA-DRB1*07:01+HLA-DRB1*04:01+HLA-DRB1*04:05+HLA-DRB1*11:01+HLA-DRB1*15:01+HLA-DRB5*01:01+HLA-DRB1*08:02+HLA-DRB1*13:02+HLA-DRB1*12:01+HLA-DRB4*01:01+HLA-DPA1*01:03/DPB1*02:01+HLA-DPA1*01/DPB1*04:01+HLA-DRB1*03:01+DRB1_0101+DRB1_0401+DRB1_0405+DRB1_0701+DRB1_0802+DRB1_0901+DRB1_1101+DRB1_1302+DRB1_1501","GDSFKAIQSMAVSNY","FKAIQS+","FKAIQS+--","FKAIQS+--",TRUE,TRUE,TRUE,TRUE,TRUE,TRUE,TRUE,FALSE,FALSE,"b19","I+N","1+2+3+4+5+B19_1_A4HTE9+B19_2_E9B964+B19_3_Q4QIM7+B19_4_E9AL77+B19_5_A4H515","I_HLA-DRB1*01:01_3.9+I_HLA-DRB1*09:01_11+I_HLA-DRB1*04:01_14.5+I_HLA-DRB1*04:05_57.1+I_HLA-DRB1*07:01_5.5+I_HLA-DRB1*11:01_35.8+I_HLA-DRB1*15:01_74.8+I_HLA-DRB5*01:01_40+I_HLA-DRB1*08:02_301+I_HLA-DRB1*13:02_175+I_HLA-DRB1*12:01_515+I_HLA-DRB4*01:01_383+N_DRB1_0101_4.49+N_DRB1_0401_27.36+N_DRB1_0405_34.79+N_DRB1_0701_14.36+N_DRB1_0802_344.06+N_DRB1_0901_21.77+N_DRB1_1101_65.79+N_DRB1_1302_151.74+N_DRB1_1501_87.73","NP_000375.2 apolipoprotein B-100 precursor [Homo sapiens]","data/classII/b19_iedbii.csv"
"HLA-DRB1*03:01+HLA-DRB1*13:02+DRB1_0301+DRB1_1302","GITKEGVLHEIPVKL","LHEIPVK","-LHEIPVK-","-LHEIPVK-",FALSE,TRUE,TRUE,TRUE,TRUE,TRUE,TRUE,TRUE,FALSE,"b19","I+N","1+2+3+4+5+B19_1_A4HTE9+B19_2_E9B964+B19_3_Q4QIM7+B19_4_E9AL77+B19_5_A4H515","N_DRB1_1302_271.93","NP_001544.1 insulin-like growth factor-binding protein 7 isoform 1 precursor  [Homo sapiens]","data/classII/b19_netmhciipan.csv"
"HLA-DRB1*09:01+HLA-DRB1*08:02+HLA-DRB1*04:01+HLA-DRB1*15:01+HLA-DRB1*13:02+HLA-DRB1*01:01+DRB1_0101+DRB1_0401+DRB1_0405+DRB1_0701+DRB1_0802+DRB1_0901+DRB1_1101+DRB1_1302+DRB1_1501","GRPHIRAYTPTAAYY","IRAYTP","IRAYTP---","IRAYTP---",TRUE,TRUE,TRUE,TRUE,TRUE,TRUE,FALSE,FALSE,FALSE,"b19","I+N","1+2+3+4+5+B19_1_A4HTE9+B19_2_E9B964+B19_3_Q4QIM7+B19_4_E9AL77+B19_5_A4H515","I_HLA-DRB1*09:01_8.9+I_HLA-DRB1*08:02_18.1+I_HLA-DRB1*04:01_32.4+I_HLA-DRB1*15:01_682+I_HLA-DRB1*13:02_1513+N_DRB1_0101_17.45+N_DRB1_0401_64.47+N_DRB1_0405_114.32+N_DRB1_0701_93.4+N_DRB1_0802_215.77+N_DRB1_0901_68.5+N_DRB1_1302_275.36+N_DRB1_1501_138.8","XP_006722277.1 PREDICTED: probable helicase with zinc finger domain isoform  X1 [Homo sapiens]  XP_011523846.1 PREDICTED: probable helicase with zinc finger domain isoform  X1 [Homo sapiens]","data/classII/b19_iedbii.csv"
"HLA-DRB1*03:01+HLA-DRB1*13:02+DRB1_0301+DRB1_1302","GVLHEIPVKLEVDAF","LHEIPVK","-LHEIPVK-","-LHEIPVK-",FALSE,TRUE,TRUE,TRUE,TRUE,TRUE,TRUE,TRUE,FALSE,"b19","I+N","1+2+3+4+5+B19_1_A4HTE9+B19_2_E9B964+B19_3_Q4QIM7+B19_4_E9AL77+B19_5_A4H515","I_HLA-DRB1*03:01_882+I_HLA-DRB1*13:02_349+N_DRB1_1302_270.54","NP_001544.1 insulin-like growth factor-binding protein 7 isoform 1 precursor  [Homo sapiens]","data/classII/b19_iedbii.csv"
"HLA-DRB1*03:01+HLA-DRB1*13:02+DRB1_0301+DRB1_1302","GVTKEGVLHEIPVKL","LHEIPVK","-LHEIPVK-","-LHEIPVK-",FALSE,TRUE,TRUE,TRUE,TRUE,TRUE,TRUE,TRUE,FALSE,"b19","I+N","1+2+3+4+5+B19_1_A4HTE9+B19_2_E9B964+B19_3_Q4QIM7+B19_4_E9AL77+B19_5_A4H515","N_DRB1_1302_300.15","NP_001544.1 insulin-like growth factor-binding protein 7 isoform 1 precursor  [Homo sapiens]","data/classII/b19_netmhciipan.csv"
"HLA-DRB1*11:01+HLA-DRB1*04:01+HLA-DRB1*08:02+HLA-DRB5*01:01+DRB1_0802+DRB1_1101","GYQRRRSLAQYAKES","QRR-SLAQ","QRR-SLAQ-","-QRRSLAQ-",FALSE,FALSE,TRUE,FALSE,FALSE,FALSE,FALSE,FALSE,FALSE,"b19","I+N","1+2+3+4+5+B19_1_A4HTE9+B19_2_E9B964+B19_3_Q4QIM7+B19_4_E9AL77+B19_5_A4H515","I_HLA-DRB1*11:01_91.4+I_HLA-DRB1*04:01_735+N_DRB1_0802_462.25+N_DRB1_1101_85.33","NP_001418.2 homeobox protein engrailed-2 [Homo sapiens]","data/classII/b19_iedbii.csv"
"HLA-DRB1*09:01+HLA-DRB1*08:02+HLA-DRB1*04:01+HLA-DRB1*15:01+HLA-DRB1*13:02+HLA-DRB1*01:01+DRB1_0101+DRB1_0401+DRB1_0405+DRB1_0701+DRB1_0802+DRB1_0901+DRB1_1101+DRB1_1302+DRB1_1501","HIRAYTPTAAYYKYD","IRAYTP","IRAYTP---","IRAYTP---",TRUE,TRUE,TRUE,TRUE,TRUE,TRUE,FALSE,FALSE,FALSE,"b19","I+N","1+2+3+4+5+B19_1_A4HTE9+B19_2_E9B964+B19_3_Q4QIM7+B19_4_E9AL77+B19_5_A4H515","I_HLA-DRB1*09:01_12.8+I_HLA-DRB1*08:02_39.6+I_HLA-DRB1*04:01_588+N_DRB1_0101_24.58+N_DRB1_0401_117.87+N_DRB1_0802_284.5+N_DRB1_1501_134.5","XP_006722277.1 PREDICTED: probable helicase with zinc finger domain isoform  X1 [Homo sapiens]  XP_011523846.1 PREDICTED: probable helicase with zinc finger domain isoform  X1 [Homo sapiens]","data/classII/b19_iedbii.csv"
"HLA-DRB5*01:01+HLA-DRB1*12:01+HLA-DRB1*15:01+DRB1_0701+DRB1_0901+DRB1_1101","HIRAYTPTAAYYKYD","PT-AYYK","-PT-AYYK-","--PTAYYK-",FALSE,FALSE,FALSE,FALSE,TRUE,FALSE,TRUE,FALSE,FALSE,"b19","I+N","1+2+3+4+5+B19_1_A4HTE9+B19_2_E9B964+B19_3_Q4QIM7+B19_4_E9AL77+B19_5_A4H515","I_HLA-DRB5*01:01_3.5+I_HLA-DRB1*12:01_377+I_HLA-DRB1*15:01_823+N_DRB1_0701_72.97+N_DRB1_0901_56.66","NP_004238.3 116 kDa U5 small nuclear ribonucleoprotein component isoform  a [Homo sapiens]  NP_001245282.1 116 kDa U5 small nuclear ribonucleoprotein component isoform  a [Homo sapiens]","data/classII/b19_iedbii.csv"
"HLA-DRB1*09:01+HLA-DRB1*07:01+HLA-DRB5*01:01+HLA-DRB1*11:01+HLA-DRB1*04:05+HLA-DRB1*04:01+HLA-DPA1*03:01/DPB1*04:02+HLA-DRB1*08:02+HLA-DRB1*15:01+DRB1_0101+DRB1_0405+DRB1_0701+DRB1_0901+DRB1_1501+HLA-DPA10201-DPB10101+HLA-DPA10103-DPB10201+HLA-DPA10103-DPB10401+HLA-DPA10301-DPB10402+HLA-DPA10201-DPB11401","IFGSVIGLQLQDTVE","SVIGLQ+","--SVIGLQ+","--SVIGLQ+",FALSE,FALSE,TRUE,TRUE,TRUE,TRUE,TRUE,TRUE,TRUE,"b19","I+N","1+2+3+4+5+B19_1_A4HTE9+B19_2_E9B964+B19_3_Q4QIM7+B19_4_E9AL77+B19_5_A4H515","I_HLA-DRB5*01:01_117.1+I_HLA-DRB1*11:01_1156+I_HLA-DRB1*07:01_75+I_HLA-DRB1*08:02_2778+I_HLA-DRB1*09:01_295+N_DRB1_0701_98.74+N_DRB1_0901_190.97+N_HLA-DPA10201-DPB11401_36.82","NP_001830.1 calponin-3 isoform 1 [Homo sapiens]","data/classII/b19_iedbii.csv"
"HLA-DRB1*09:01+HLA-DRB1*07:01+HLA-DRB5*01:01+HLA-DRB1*11:01+HLA-DRB1*04:05+HLA-DRB1*04:01+HLA-DPA1*03:01/DPB1*04:02+HLA-DRB1*08:02+HLA-DRB1*15:01+DRB1_0101+DRB1_0405+DRB1_0701+DRB1_0901+DRB1_1501+HLA-DPA10201-DPB10101+HLA-DPA10103-DPB10201+HLA-DPA10103-DPB10401+HLA-DPA10301-DPB10402+HLA-DPA10201-DPB11401","IFGSVIGLQLQDVVE","SVIGLQ+","--SVIGLQ+","--SVIGLQ+",FALSE,FALSE,TRUE,TRUE,TRUE,TRUE,TRUE,TRUE,TRUE,"b19","I+N","1+2+3+4+5+B19_1_A4HTE9+B19_2_E9B964+B19_3_Q4QIM7+B19_4_E9AL77+B19_5_A4H515","I_HLA-DRB5*01:01_99.1+I_HLA-DRB1*11:01_1124+I_HLA-DRB1*07:01_71+I_HLA-DRB1*08:02_2459+I_HLA-DRB1*09:01_293+N_DRB1_0701_86.79+N_DRB1_0901_176.65","NP_001830.1 calponin-3 isoform 1 [Homo sapiens]","data/classII/b19_iedbii.csv"
"HLA-DRB1*09:01+HLA-DRB1*01:01+HLA-DRB1*07:01+HLA-DRB1*04:01+HLA-DRB1*04:05+HLA-DRB1*11:01+HLA-DRB1*15:01+HLA-DRB5*01:01+HLA-DRB1*08:02+HLA-DRB1*13:02+HLA-DRB1*12:01+HLA-DRB4*01:01+HLA-DPA1*01:03/DPB1*02:01+HLA-DPA1*01/DPB1*04:01+HLA-DRB1*03:01+DRB1_0101+DRB1_0401+DRB1_0405+DRB1_0701+DRB1_0802+DRB1_0901+DRB1_1101+DRB1_1302+DRB1_1501","IGDSFKAIQSMAVSN","FKAIQS+","FKAIQS+--","FKAIQS+--",TRUE,TRUE,TRUE,TRUE,TRUE,TRUE,TRUE,FALSE,FALSE,"b19","I+N","1+2+3+4+5+B19_1_A4HTE9+B19_2_E9B964+B19_3_Q4QIM7+B19_4_E9AL77+B19_5_A4H515","I_HLA-DRB1*01:01_4.2+I_HLA-DRB1*09:01_11.3+I_HLA-DRB1*07:01_5+I_HLA-DRB1*04:05_44.6+I_HLA-DRB1*04:01_29.7+I_HLA-DRB1*11:01_61.7+I_HLA-DRB1*15:01_87.8+I_HLA-DRB5*01:01_41+I_HLA-DRB1*08:02_356+I_HLA-DRB1*13:02_176+I_HLA-DRB1*03:01_2641+N_DRB1_0101_4.76+N_DRB1_0401_30.18+N_DRB1_0405_37.24+N_DRB1_0701_15.14+N_DRB1_0802_409.35+N_DRB1_0901_22.79+N_DRB1_1101_69.92+N_DRB1_1302_200.44","NP_000375.2 apolipoprotein B-100 precursor [Homo sapiens]","data/classII/b19_iedbii.csv"
"HLA-DRB1*15:01+HLA-DPA1*02:01/DPB1*05:01+HLA-DRB3*01:01+HLA-DRB5*01:01+HLA-DRB1*03:01+HLA-DRB1*04:05+DRB1_0301+HLA-DPA10103-DPB10201","ILLTYDPFRTGLLGR","LL-TYDPF","LL-TYDPF-","-LLTYDPF-",FALSE,TRUE,FALSE,TRUE,TRUE,TRUE,TRUE,TRUE,FALSE,"b19","I+N","1+2+3+4+5+B19_1_A4HTE9+B19_2_E9B964+B19_3_Q4QIM7+B19_4_E9AL77+B19_5_A4H515","I_HLA-DRB1*15:01_16.4","NP_060023.1 DNA helicase INO80 [Homo sapiens]","data/classII/b19_iedbii.csv"
"HLA-DRB1*15:01+HLA-DPA1*02:01/DPB1*05:01+HLA-DRB3*01:01+HLA-DRB5*01:01+HLA-DRB1*03:01+HLA-DRB1*04:05+DRB1_0301+HLA-DPA10103-DPB10201","ILLTYDPFRTSLLGR","LL-TYDPF","LL-TYDPF-","-LLTYDPF-",FALSE,TRUE,FALSE,TRUE,TRUE,TRUE,TRUE,TRUE,FALSE,"b19","I+N","1+2+3+4+5+B19_1_A4HTE9+B19_2_E9B964+B19_3_Q4QIM7+B19_4_E9AL77+B19_5_A4H515","I_HLA-DRB1*15:01_12.9+I_HLA-DRB1*03:01_1040","NP_060023.1 DNA helicase INO80 [Homo sapiens]","data/classII/b19_iedbii.csv"
"HLA-DRB1*04:01+HLA-DRB1*08:02+HLA-DRB1*12:01+HLA-DRB1*03:01+HLA-DRB5*01:01+HLA-DRB4*01:01+HLA-DRB1*09:01+HLA-DRB1*04:05+DRB1_0101+DRB1_0401+DRB1_0405+DRB1_0701+DRB1_0802+DRB1_0901+DRB1_1302+DRB1_1501","IQSMAVSNYIEALLS","IQ-M-VS++","IQ-M-VS++","IQMVS++--",TRUE,TRUE,FALSE,TRUE,FALSE,TRUE,TRUE,TRUE,TRUE,"b19","I+N","5+1+2+3+4+B19_1_A4HTE9+B19_2_E9B964+B19_3_Q4QIM7+B19_4_E9AL77+B19_5_A4H515","I_HLA-DRB1*04:01_568+I_HLA-DRB5*01:01_934","XP_016856320.1 PREDICTED: ubiquitin carboxyl-terminal hydrolase 24 isoform X1  [Homo sapiens]","data/classII/b19_iedbii.csv"
"HLA-DRB1*04:01+HLA-DRB1*08:02+HLA-DRB1*12:01+HLA-DRB1*03:01+HLA-DRB5*01:01+HLA-DRB4*01:01+HLA-DRB1*09:01+HLA-DRB1*04:05+DRB1_0101+DRB1_0401+DRB1_0405+DRB1_0701+DRB1_0802+DRB1_0901+DRB1_1302+DRB1_1501","IQSMAVSNYMEALLS","IQ-M-VS++","IQ-M-VS++","IQMVS++--",TRUE,TRUE,FALSE,TRUE,FALSE,TRUE,TRUE,TRUE,TRUE,"b19","I+N","5+1+2+3+4+B19_1_A4HTE9+B19_2_E9B964+B19_3_Q4QIM7+B19_4_E9AL77+B19_5_A4H515","I_HLA-DRB1*04:01_518+I_HLA-DRB5*01:01_863","XP_016856320.1 PREDICTED: ubiquitin carboxyl-terminal hydrolase 24 isoform X1  [Homo sapiens]","data/classII/b19_iedbii.csv"
"HLA-DRB1*09:01+HLA-DRB1*08:02+HLA-DRB1*04:01+HLA-DRB1*15:01+HLA-DRB1*13:02+HLA-DRB1*01:01+DRB1_0101+DRB1_0401+DRB1_0405+DRB1_0701+DRB1_0802+DRB1_0901+DRB1_1101+DRB1_1302+DRB1_1501","IRAYTPTAAYYKYDS","IRAYTP","IRAYTP---","IRAYTP---",TRUE,TRUE,TRUE,TRUE,TRUE,TRUE,FALSE,FALSE,FALSE,"b19","I+N","1+2+3+4+5+B19_1_A4HTE9+B19_2_E9B964+B19_3_Q4QIM7+B19_4_E9AL77+B19_5_A4H515","I_HLA-DRB1*09:01_17.6+I_HLA-DRB1*08:02_341.8+N_DRB1_0802_548.04","XP_006722277.1 PREDICTED: probable helicase with zinc finger domain isoform  X1 [Homo sapiens]  XP_011523846.1 PREDICTED: probable helicase with zinc finger domain isoform  X1 [Homo sapiens]","data/classII/b19_iedbii.csv"
"HLA-DRB5*01:01+HLA-DRB1*12:01+HLA-DRB1*15:01+DRB1_0701+DRB1_0901+DRB1_1101","IRAYTPTAAYYKYDS","PT-AYYK","-PT-AYYK-","--PTAYYK-",FALSE,FALSE,FALSE,FALSE,TRUE,FALSE,TRUE,FALSE,FALSE,"b19","I+N","1+2+3+4+5+B19_1_A4HTE9+B19_2_E9B964+B19_3_Q4QIM7+B19_4_E9AL77+B19_5_A4H515","I_HLA-DRB5*01:01_3.1+N_DRB1_0701_100.48+N_DRB1_0901_72.81","NP_004238.3 116 kDa U5 small nuclear ribonucleoprotein component isoform  a [Homo sapiens]  NP_001245282.1 116 kDa U5 small nuclear ribonucleoprotein component isoform  a [Homo sapiens]","data/classII/b19_iedbii.csv"
"HLA-DRB1*04:01+HLA-DRB1*09:01+HLA-DRB1*07:01+HLA-DRB1*11:01+HLA-DRB5*01:01+HLA-DRB1*15:01+HLA-DRB1*04:05+HLA-DRB1*08:02+DRB1_0401+DRB1_0701+DRB1_0901","ISSARFNPFSTRTMR","FNPF-ST--M","FNPF-ST--M","FNPFSTM--",TRUE,TRUE,TRUE,TRUE,FALSE,FALSE,FALSE,FALSE,FALSE,"b19","I+N","1+2+3+4+5+B19_1_A4HTE9+B19_2_E9B964+B19_3_Q4QIM7+B19_4_E9AL77+B19_5_A4H515","I_HLA-DRB1*04:01_13+I_HLA-DRB1*09:01_60.9+I_HLA-DRB1*11:01_1012.4+I_HLA-DRB1*07:01_164+I_HLA-DRB5*01:01_462+I_HLA-DRB1*15:01_430+I_HLA-DRB1*04:05_623+I_HLA-DRB1*08:02_3056","XP_005269445.1 PREDICTED: transforming acidic coiled-coil-containing protein  2 isoform X1 [Homo sapiens]  XP_005269446.1 PREDICTED: transforming acidic coiled-coil-containing protein  2 isoform X1 [Homo sapiens]","data/classII/b19_iedbii.csv"
"HLA-DRB1*03:01+HLA-DRB1*13:02+DRB1_0301+DRB1_1302","ITKEGVLHEIPVKLE","LHEIPVK","-LHEIPVK-","-LHEIPVK-",FALSE,TRUE,TRUE,TRUE,TRUE,TRUE,TRUE,TRUE,FALSE,"b19","I+N","1+2+3+4+5+B19_1_A4HTE9+B19_2_E9B964+B19_3_Q4QIM7+B19_4_E9AL77+B19_5_A4H515","I_HLA-DRB1*03:01_34.7+I_HLA-DRB1*13:02_120+N_DRB1_1302_195.21","NP_001544.1 insulin-like growth factor-binding protein 7 isoform 1 precursor  [Homo sapiens]","data/classII/b19_iedbii.csv"
"HLA-DRB1*04:01+HLA-DRB1*08:02+HLA-DRB1*12:01+HLA-DRB1*03:01+HLA-DRB5*01:01+HLA-DRB4*01:01+HLA-DRB1*09:01+HLA-DRB1*04:05+DRB1_0101+DRB1_0401+DRB1_0405+DRB1_0701+DRB1_0802+DRB1_0901+DRB1_1302+DRB1_1501","KAIQSMAVSNYIEAL","IQ-M-VS++","IQ-M-VS++","IQMVS++--",TRUE,TRUE,FALSE,TRUE,FALSE,TRUE,TRUE,TRUE,TRUE,"b19","I+N","5+1+2+3+4+B19_1_A4HTE9+B19_2_E9B964+B19_3_Q4QIM7+B19_4_E9AL77+B19_5_A4H515","I_HLA-DRB1*08:02_837+I_HLA-DRB1*04:01_243+I_HLA-DRB1*03:01_3180+I_HLA-DRB1*04:05_588+N_DRB1_0101_23.54+N_DRB1_0401_99.11+N_DRB1_0405_111.11+N_DRB1_0701_61.36+N_DRB1_0901_107.95+N_DRB1_1302_214.81","XP_016856320.1 PREDICTED: ubiquitin carboxyl-terminal hydrolase 24 isoform X1  [Homo sapiens]","data/classII/b19_iedbii.csv"
"HLA-DRB1*04:01+HLA-DRB1*08:02+HLA-DRB1*12:01+HLA-DRB1*03:01+HLA-DRB5*01:01+HLA-DRB4*01:01+HLA-DRB1*09:01+HLA-DRB1*04:05+DRB1_0101+DRB1_0401+DRB1_0405+DRB1_0701+DRB1_0802+DRB1_0901+DRB1_1302+DRB1_1501","KAIQSMAVSNYMEAL","IQ-M-VS++","IQ-M-VS++","IQMVS++--",TRUE,TRUE,FALSE,TRUE,FALSE,TRUE,TRUE,TRUE,TRUE,"b19","I+N","5+1+2+3+4+B19_1_A4HTE9+B19_2_E9B964+B19_3_Q4QIM7+B19_4_E9AL77+B19_5_A4H515","I_HLA-DRB1*08:02_879+I_HLA-DRB1*04:01_245+I_HLA-DRB1*03:01_3505+I_HLA-DRB1*09:01_851+I_HLA-DRB1*04:05_583+N_DRB1_0101_26.68+N_DRB1_0401_103.08+N_DRB1_0405_113.05+N_DRB1_0701_92.57+N_DRB1_0901_146.85","XP_016856320.1 PREDICTED: ubiquitin carboxyl-terminal hydrolase 24 isoform X1  [Homo sapiens]","data/classII/b19_iedbii.csv"
"HLA-DRB1*03:01+HLA-DRB1*13:02+DRB1_0301+DRB1_1302","KEGVLHEIPVKLEVD","LHEIPVK","-LHEIPVK-","-LHEIPVK-",FALSE,TRUE,TRUE,TRUE,TRUE,TRUE,TRUE,TRUE,FALSE,"b19","I+N","1+2+3+4+5+B19_1_A4HTE9+B19_2_E9B964+B19_3_Q4QIM7+B19_4_E9AL77+B19_5_A4H515","I_HLA-DRB1*03:01_15.3+I_HLA-DRB1*13:02_33.6+N_DRB1_0301_296.28+N_DRB1_1302_156.58","NP_001544.1 insulin-like growth factor-binding protein 7 isoform 1 precursor  [Homo sapiens]","data/classII/b19_iedbii.csv"
"HLA-DRB1*09:01+HLA-DRB1*03:01+DRB1_0901","KLQELHRESLPAILL","+RE-LP-IL","+RE-LP-IL","+RELPIL--",TRUE,TRUE,TRUE,FALSE,TRUE,TRUE,FALSE,TRUE,TRUE,"b19","I+N","1+2+3+4+5+B19_1_A4HTE9+B19_2_E9B964+B19_3_Q4QIM7+B19_4_E9AL77+B19_5_A4H515","I_HLA-DRB1*09:01_62.4+I_HLA-DRB1*03:01_2885","XP_011544145.1 PREDICTED: integrin alpha-D isoform X9 [Homo sapiens]","data/classII/b19_iedbii.csv"
"HLA-DRB1*01:01+DRB1_1302","KLQELHRESLPAILL","LH-ESLPA","LH-ESLPA-","LHESLPA--",TRUE,TRUE,FALSE,TRUE,TRUE,TRUE,TRUE,TRUE,FALSE,"b19","I+N","1+2+3+4+5+B19_1_A4HTE9+B19_2_E9B964+B19_3_Q4QIM7+B19_4_E9AL77+B19_5_A4H515","N_DRB1_1302_311.39","XP_016869592.1 PREDICTED: RB1-inducible coiled-coil protein 1 isoform X1 [Homo  sapiens]  XP_016869593.1 PREDICTED: RB1-inducible coiled-coil protein 1 isoform X1 [Homo  sapiens]","data/classII/b19_netmhciipan.csv"
"HLA-DRB1*04:05+HLA-DRB5*01:01+HLA-DRB1*04:01+HLA-DRB1*09:01+DRB1_0401+DRB1_0405+DRB1_0901","KYDSLVSTERGYQRR","YD-L---+STER","YD-L---+STER","YDL+STER-",TRUE,TRUE,FALSE,TRUE,FALSE,FALSE,FALSE,TRUE,FALSE,"b19","I+N","1+2+3+4+5+B19_1_A4HTE9+B19_2_E9B964+B19_3_Q4QIM7+B19_4_E9AL77+B19_5_A4H515","I_HLA-DRB5*01:01_148+I_HLA-DRB1*04:05_216.8","NP_079285.2 centrosomal protein of 135 kDa [Homo sapiens]","data/classII/b19_iedbii.csv"
"HLA-DRB1*11:01+HLA-DRB1*09:01+HLA-DRB1*15:01+HLA-DRB1*04:05+HLA-DRB5*01:01+HLA-DRB1*01:01+DRB1_0101+DRB1_0401+DRB1_0405+DRB1_0901+DRB1_1101+DRB1_1201+DRB1_1501","LCALLYNARTATSSR","ALLYNA","-ALLYNA--","-ALLYNA--",FALSE,TRUE,TRUE,TRUE,TRUE,TRUE,TRUE,FALSE,FALSE,"b19","I+N","1+2+3+4+5+B19_1_A4HTE9+B19_2_E9B964+B19_3_Q4QIM7+B19_4_E9AL77+B19_5_A4H515","N_DRB1_0101_14.71+N_DRB1_0405_103.17+N_DRB1_1201_12.86","NP_000457.1 peroxisome biogenesis factor 1 isoform 1 [Homo sapiens]","data/classII/b19_netmhciipan.csv"
"HLA-DRB1*08:02+HLA-DRB1*03:01+HLA-DRB1*11:01+DRB1_0301+DRB1_0802+DRB1_1101+DRB1_1302","LCALLYNARTATSSR","LYN-R-AT","-LYN-R-AT","-LYNRAT--",FALSE,TRUE,TRUE,TRUE,FALSE,TRUE,FALSE,TRUE,TRUE,"b19","I+N","1+2+3+4+5+B19_1_A4HTE9+B19_2_E9B964+B19_3_Q4QIM7+B19_4_E9AL77+B19_5_A4H515","I_HLA-DRB1*08:02_26.2+I_HLA-DRB1*03:01_114.3+I_HLA-DRB1*11:01_35.9+N_DRB1_0301_202.99+N_DRB1_1101_63.46+N_DRB1_1302_242.71","NP_002628.2 phosphorylase b kinase regulatory subunit alpha, skeletal muscle  isoform isoform 1 [Homo sapiens]","data/classII/b19_iedbii.csv"
"HLA-DRB1*08:02+HLA-DRB1*04:01+HLA-DRB1*04:05+HLA-DRB1*11:01+DRB1_0101+DRB1_0401+DRB1_0802+DRB1_0901","LCALLYNARTATSSR","LYN-R-AT","LYN-R-AT-","LYNRAT---",TRUE,TRUE,TRUE,FALSE,TRUE,FALSE,TRUE,TRUE,FALSE,"b19","I+N","1+2+3+4+5+B19_1_A4HTE9+B19_2_E9B964+B19_3_Q4QIM7+B19_4_E9AL77+B19_5_A4H515","I_HLA-DRB1*04:01_36.4+I_HLA-DRB1*04:05_452+N_DRB1_0401_78.67+N_DRB1_0802_225.47","NP_002628.2 phosphorylase b kinase regulatory subunit alpha, skeletal muscle  isoform isoform 1 [Homo sapiens]","data/classII/b19_iedbii.csv"
"HLA-DRB1*09:01+HLA-DRB1*07:01+HLA-DRB5*01:01+DRB1_0901","LCALLYNARTATSSR","YN-RTA-SS","YN-RTA-SS","YNRTASS--",TRUE,TRUE,FALSE,TRUE,TRUE,TRUE,FALSE,TRUE,TRUE,"b19","I+N","1+2+3+4+5+B19_1_A4HTE9+B19_2_E9B964+B19_3_Q4QIM7+B19_4_E9AL77+B19_5_A4H515","I_HLA-DRB1*09:01_407+I_HLA-DRB5*01:01_771+N_DRB1_0901_162.82","NP_075384.3 protein KRI1 homolog [Homo sapiens]","data/classII/b19_iedbii.csv"
"HLA-DRB1*09:01+HLA-DRB1*08:02+HLA-DRB1*04:01+HLA-DRB1*15:01+HLA-DRB1*13:02+HLA-DRB1*01:01+DRB1_0101+DRB1_0401+DRB1_0405+DRB1_0701+DRB1_0802+DRB1_0901+DRB1_1101+DRB1_1302+DRB1_1501","LGRPHIRAYTPTAAY","IRAYTP","IRAYTP---","IRAYTP---",TRUE,TRUE,TRUE,TRUE,TRUE,TRUE,FALSE,FALSE,FALSE,"b19","I+N","1+2+3+4+5+B19_1_A4HTE9+B19_2_E9B964+B19_3_Q4QIM7+B19_4_E9AL77+B19_5_A4H515","I_HLA-DRB1*09:01_14+I_HLA-DRB1*08:02_26.6+I_HLA-DRB1*04:01_42+I_HLA-DRB1*15:01_674+I_HLA-DRB1*13:02_1535+N_DRB1_0101_26.36+N_DRB1_0401_87.5+N_DRB1_0405_163.23+N_DRB1_0802_270.22+N_DRB1_0901_100.9","XP_006722277.1 PREDICTED: probable helicase with zinc finger domain isoform  X1 [Homo sapiens]  XP_011523846.1 PREDICTED: probable helicase with zinc finger domain isoform  X1 [Homo sapiens]","data/classII/b19_iedbii.csv"
"HLA-DRB1*09:01+HLA-DRB1*08:02+HLA-DRB1*04:01+HLA-DRB1*15:01+HLA-DRB1*13:02+HLA-DRB1*01:01+DRB1_0101+DRB1_0401+DRB1_0405+DRB1_0701+DRB1_0802+DRB1_0901+DRB1_1101+DRB1_1302+DRB1_1501","LLGRPHIRAYTPTAA","IRAYTP","IRAYTP---","IRAYTP---",TRUE,TRUE,TRUE,TRUE,TRUE,TRUE,FALSE,FALSE,FALSE,"b19","I+N","1+2+3+4+5+B19_1_A4HTE9+B19_2_E9B964+B19_3_Q4QIM7+B19_4_E9AL77+B19_5_A4H515","I_HLA-DRB1*09:01_23.8+I_HLA-DRB1*08:02_41.5+N_DRB1_0401_181.46+N_DRB1_0802_406.46+N_DRB1_0901_195.53","XP_006722277.1 PREDICTED: probable helicase with zinc finger domain isoform  X1 [Homo sapiens]  XP_011523846.1 PREDICTED: probable helicase with zinc finger domain isoform  X1 [Homo sapiens]","data/classII/b19_iedbii.csv"
"HLA-DRB1*03:01+HLA-DRB1*08:02+HLA-DRB1*13:02+DRB1_0301","LLSSIRNNTDQLKQK","IRNN-DQ","IRNN-DQ--","IRNNDQ---",TRUE,TRUE,TRUE,TRUE,FALSE,TRUE,TRUE,FALSE,FALSE,"b19","I+N","1+2+3+4+5+B19_1_A4HTE9+B19_2_E9B964+B19_3_Q4QIM7+B19_4_E9AL77+B19_5_A4H515","I_HLA-DRB1*03:01_538+N_DRB1_0301_260.38","NP_612463.1 nucleoredoxin-like protein 1 [Homo sapiens]","data/classII/b19_iedbii.csv"
"HLA-DRB1*08:02+HLA-DRB1*03:01+HLA-DRB1*11:01+DRB1_0301+DRB1_0802+DRB1_1101+DRB1_1302","LLYNARTATSSRNIF","LYN-R-AT","-LYN-R-AT","-LYNRAT--",FALSE,TRUE,TRUE,TRUE,FALSE,TRUE,FALSE,TRUE,TRUE,"b19","I+N","1+2+3+4+5+B19_1_A4HTE9+B19_2_E9B964+B19_3_Q4QIM7+B19_4_E9AL77+B19_5_A4H515","I_HLA-DRB1*11:01_210.4+I_HLA-DRB1*03:01_2660","NP_002628.2 phosphorylase b kinase regulatory subunit alpha, skeletal muscle  isoform isoform 1 [Homo sapiens]","data/classII/b19_iedbii.csv"
"HLA-DRB1*08:02+HLA-DRB1*04:01+HLA-DRB1*04:05+HLA-DRB1*11:01+DRB1_0101+DRB1_0401+DRB1_0802+DRB1_0901","LLYNARTATSSRNIF","LYN-R-AT","LYN-R-AT-","LYNRAT---",TRUE,TRUE,TRUE,FALSE,TRUE,FALSE,TRUE,TRUE,FALSE,"b19","I+N","1+2+3+4+5+B19_1_A4HTE9+B19_2_E9B964+B19_3_Q4QIM7+B19_4_E9AL77+B19_5_A4H515","I_HLA-DRB1*08:02_50.6+I_HLA-DRB1*04:01_66.2+N_DRB1_0401_189.07+N_DRB1_0802_405.17","NP_002628.2 phosphorylase b kinase regulatory subunit alpha, skeletal muscle  isoform isoform 1 [Homo sapiens]","data/classII/b19_iedbii.csv"
"HLA-DRB1*09:01+HLA-DRB1*07:01+HLA-DRB5*01:01+DRB1_0901","LLYNARTATSSRNIF","YN-RTA-SS","YN-RTA-SS","YNRTASS--",TRUE,TRUE,FALSE,TRUE,TRUE,TRUE,FALSE,TRUE,TRUE,"b19","I+N","1+2+3+4+5+B19_1_A4HTE9+B19_2_E9B964+B19_3_Q4QIM7+B19_4_E9AL77+B19_5_A4H515","N_DRB1_0901_207.44","NP_075384.3 protein KRI1 homolog [Homo sapiens]","data/classII/b19_netmhciipan.csv"
"HLA-DRB1*15:01+HLA-DPA1*02:01/DPB1*05:01+HLA-DRB3*01:01+HLA-DRB5*01:01+HLA-DRB1*03:01+HLA-DRB1*04:05+DRB1_0301+HLA-DPA10103-DPB10201","LPAILLTYDPFRTGL","LL-TYDPF","LL-TYDPF-","-LLTYDPF-",FALSE,TRUE,FALSE,TRUE,TRUE,TRUE,TRUE,TRUE,FALSE,"b19","I+N","1+2+3+4+5+B19_1_A4HTE9+B19_2_E9B964+B19_3_Q4QIM7+B19_4_E9AL77+B19_5_A4H515","I_HLA-DRB1*15:01_14.1+I_HLA-DPA1*02:01/DPB1*05:01_140.4+I_HLA-DRB5*01:01_738+I_HLA-DRB1*04:05_92.8+N_DRB1_0301_231.88","NP_060023.1 DNA helicase INO80 [Homo sapiens]","data/classII/b19_iedbii.csv"
"HLA-DRB1*15:01+HLA-DPA1*02:01/DPB1*05:01+HLA-DRB3*01:01+HLA-DRB5*01:01+HLA-DRB1*03:01+HLA-DRB1*04:05+DRB1_0301+HLA-DPA10103-DPB10201","LPAILLTYDPFRTSL","LL-TYDPF","LL-TYDPF-","-LLTYDPF-",FALSE,TRUE,FALSE,TRUE,TRUE,TRUE,TRUE,TRUE,FALSE,"b19","I+N","1+2+3+4+5+B19_1_A4HTE9+B19_2_E9B964+B19_3_Q4QIM7+B19_4_E9AL77+B19_5_A4H515","I_HLA-DRB1*15:01_12.3+I_HLA-DPA1*02:01/DPB1*05:01_106.7+I_HLA-DRB5*01:01_710+I_HLA-DRB1*03:01_394+I_HLA-DRB1*04:05_675+N_DRB1_0301_165.9","NP_060023.1 DNA helicase INO80 [Homo sapiens]","data/classII/b19_iedbii.csv"
"HLA-DRB1*09:01+HLA-DRB1*03:01+DRB1_0901","LQELHRESLPAILLT","+RE-LP-IL","+RE-LP-IL","+RELPIL--",TRUE,TRUE,TRUE,FALSE,TRUE,TRUE,FALSE,TRUE,TRUE,"b19","I+N","1+2+3+4+5+B19_1_A4HTE9+B19_2_E9B964+B19_3_Q4QIM7+B19_4_E9AL77+B19_5_A4H515","I_HLA-DRB1*09:01_51+I_HLA-DRB1*03:01_2865+N_DRB1_0901_201.59","XP_011544145.1 PREDICTED: integrin alpha-D isoform X9 [Homo sapiens]","data/classII/b19_iedbii.csv"
"HLA-DRB1*01:01+DRB1_1302","LQELHRESLPAILLT","LH-ESLPA","LH-ESLPA-","LHESLPA--",TRUE,TRUE,FALSE,TRUE,TRUE,TRUE,TRUE,TRUE,FALSE,"b19","I+N","1+2+3+4+5+B19_1_A4HTE9+B19_2_E9B964+B19_3_Q4QIM7+B19_4_E9AL77+B19_5_A4H515","I_HLA-DRB1*01:01_12.5+N_DRB1_1302_295.37","XP_016869592.1 PREDICTED: RB1-inducible coiled-coil protein 1 isoform X1 [Homo  sapiens]  XP_016869593.1 PREDICTED: RB1-inducible coiled-coil protein 1 isoform X1 [Homo  sapiens]","data/classII/b19_iedbii.csv"
"HLA-DRB1*11:01+HLA-DRB1*09:01+HLA-DRB1*15:01+HLA-DRB1*04:05+HLA-DRB5*01:01+HLA-DRB1*01:01+DRB1_0101+DRB1_0401+DRB1_0405+DRB1_0901+DRB1_1101+DRB1_1201+DRB1_1501","LSFPAVCALLYNART","ALLYNA","-ALLYNA--","-ALLYNA--",FALSE,TRUE,TRUE,TRUE,TRUE,TRUE,TRUE,FALSE,FALSE,"b19","I+N","1+2+3+4+5+B19_1_A4HTE9+B19_2_E9B964+B19_3_Q4QIM7+B19_4_E9AL77+B19_5_A4H515","N_DRB1_0405_155.24+N_DRB1_1501_125.5","NP_000457.1 peroxisome biogenesis factor 1 isoform 1 [Homo sapiens]","data/classII/b19_netmhciipan.csv"
"HLA-DRB1*11:01+HLA-DRB1*09:01+HLA-DRB1*15:01+HLA-DRB1*04:05+HLA-DRB5*01:01+HLA-DRB1*01:01+DRB1_0101+DRB1_0401+DRB1_0405+DRB1_0901+DRB1_1101+DRB1_1201+DRB1_1501","LSFSALCALLYNART","ALLYNA","-ALLYNA--","-ALLYNA--",FALSE,TRUE,TRUE,TRUE,TRUE,TRUE,TRUE,FALSE,FALSE,"b19","I+N","1+2+3+4+5+B19_1_A4HTE9+B19_2_E9B964+B19_3_Q4QIM7+B19_4_E9AL77+B19_5_A4H515","N_DRB1_0401_170.48","NP_000457.1 peroxisome biogenesis factor 1 isoform 1 [Homo sapiens]","data/classII/b19_netmhciipan.csv"
"HLA-DRB1*03:01+HLA-DRB1*08:02+HLA-DRB1*13:02+DRB1_0301","LSSIRNNTDQLKQKL","IRNN-DQ","IRNN-DQ--","IRNNDQ---",TRUE,TRUE,TRUE,TRUE,FALSE,TRUE,TRUE,FALSE,FALSE,"b19","I+N","1+2+3+4+5+B19_1_A4HTE9+B19_2_E9B964+B19_3_Q4QIM7+B19_4_E9AL77+B19_5_A4H515","I_HLA-DRB1*03:01_593+N_DRB1_0301_248.32","NP_612463.1 nucleoredoxin-like protein 1 [Homo sapiens]","data/classII/b19_iedbii.csv"
"HLA-DRB1*08:02+HLA-DRB1*04:01+HLA-DRB1*04:05+HLA-DRB1*11:01+DRB1_0101+DRB1_0401+DRB1_0802+DRB1_0901","LYNARTATSSRNIFG","LYN-R-AT","LYN-R-AT-","LYNRAT---",TRUE,TRUE,TRUE,FALSE,TRUE,FALSE,TRUE,TRUE,FALSE,"b19","I+N","1+2+3+4+5+B19_1_A4HTE9+B19_2_E9B964+B19_3_Q4QIM7+B19_4_E9AL77+B19_5_A4H515","I_HLA-DRB1*04:01_130.1+I_HLA-DRB1*08:02_326.4+I_HLA-DRB1*11:01_1654","NP_002628.2 phosphorylase b kinase regulatory subunit alpha, skeletal muscle  isoform isoform 1 [Homo sapiens]","data/classII/b19_iedbii.csv"
"HLA-DRB1*03:01+HLA-DRB1*11:01+DRB1_0301","MERVRKERKLLDADK","RKERKLL+","-RKERKLL+","-RKERKLL+",FALSE,TRUE,TRUE,TRUE,TRUE,TRUE,TRUE,TRUE,TRUE,"b19","I+N","5+1+2+3+4+B19_1_A4HTE9+B19_2_E9B964+B19_3_Q4QIM7+B19_4_E9AL77+B19_5_A4H515","I_HLA-DRB1*03:01_24.4+I_HLA-DRB1*11:01_356","NP_149163.2 ATP-binding cassette sub-family C member 11 isoform a [Homo sapiens]  NP_115972.2 ATP-binding cassette sub-family C member 11 isoform a [Homo sapiens]  XP_016879284.1 PREDICTED: ATP-binding cassette sub-family C member 11 isoform  X1 [Homo sapiens]  XP_016879285.1 PREDICTED: ATP-binding cassette sub-family C member 11 isoform  X1 [Homo sapiens]  XP_016879286.1 PREDICTED: ATP-binding cassette sub-family C member 11 isoform  X1 [Homo sapiens]  XP_016879287.1 PREDICTED: ATP-binding cassette sub-family C member 11 isoform  X1 [Homo sapiens]  XP_016879288.1 PREDICTED: ATP-binding cassette sub-family C member 11 isoform  X1 [Homo sapiens]  XP_016879289.1 PREDICTED: ATP-binding cassette sub-family C member 11 isoform  X1 [Homo sapiens]","data/classII/b19_iedbii.csv"
"HLA-DRB1*03:01+HLA-DRB1*11:01+DRB1_0301","MERVRKERKLLDVDK","RKERKLL+","-RKERKLL+","-RKERKLL+",FALSE,TRUE,TRUE,TRUE,TRUE,TRUE,TRUE,TRUE,TRUE,"b19","I+N","5+1+2+3+4+B19_1_A4HTE9+B19_2_E9B964+B19_3_Q4QIM7+B19_4_E9AL77+B19_5_A4H515","I_HLA-DRB1*03:01_21.5+I_HLA-DRB1*11:01_358+N_DRB1_0301_293.8","NP_149163.2 ATP-binding cassette sub-family C member 11 isoform a [Homo sapiens]  NP_115972.2 ATP-binding cassette sub-family C member 11 isoform a [Homo sapiens]  XP_016879284.1 PREDICTED: ATP-binding cassette sub-family C member 11 isoform  X1 [Homo sapiens]  XP_016879285.1 PREDICTED: ATP-binding cassette sub-family C member 11 isoform  X1 [Homo sapiens]  XP_016879286.1 PREDICTED: ATP-binding cassette sub-family C member 11 isoform  X1 [Homo sapiens]  XP_016879287.1 PREDICTED: ATP-binding cassette sub-family C member 11 isoform  X1 [Homo sapiens]  XP_016879288.1 PREDICTED: ATP-binding cassette sub-family C member 11 isoform  X1 [Homo sapiens]  XP_016879289.1 PREDICTED: ATP-binding cassette sub-family C member 11 isoform  X1 [Homo sapiens]","data/classII/b19_iedbii.csv"
"HLA-DRB5*01:01+HLA-DRB1*11:01+HLA-DRB4*01:01+HLA-DRB1*03:01+DRB1_1101+DRB1_1201","MRKLQELHRESLPAI","MR-LQ--ELHR","MR-LQ--ELHR","MRLQELHR-",TRUE,TRUE,FALSE,TRUE,TRUE,FALSE,FALSE,FALSE,FALSE,"b19","I+N","1+2+3+4+5+B19_1_A4HTE9+B19_2_E9B964+B19_3_Q4QIM7+B19_4_E9AL77+B19_5_A4H515","I_HLA-DRB5*01:01_476","NP_060045.4 telomerase-binding protein EST1A isoform 1 [Homo sapiens]","data/classII/b19_iedbii.csv"
"HLA-DRB1*09:01+HLA-DRB1*07:01+HLA-DRB5*01:01+HLA-DRB1*11:01+HLA-DRB1*04:05+HLA-DRB1*04:01+HLA-DPA1*03:01/DPB1*04:02+HLA-DRB1*08:02+HLA-DRB1*15:01+DRB1_0101+DRB1_0405+DRB1_0701+DRB1_0901+DRB1_1501+HLA-DPA10201-DPB10101+HLA-DPA10103-DPB10201+HLA-DPA10103-DPB10401+HLA-DPA10301-DPB10402+HLA-DPA10201-DPB11401","NIFGSVIGLQLQDTV","SVIGLQ+","--SVIGLQ+","--SVIGLQ+",FALSE,FALSE,TRUE,TRUE,TRUE,TRUE,TRUE,TRUE,TRUE,"b19","I+N","1+2+3+4+5+B19_1_A4HTE9+B19_2_E9B964+B19_3_Q4QIM7+B19_4_E9AL77+B19_5_A4H515","I_HLA-DRB5*01:01_60.8+I_HLA-DRB1*11:01_415+I_HLA-DRB1*07:01_25+I_HLA-DRB1*09:01_101+I_HLA-DPA1*03:01/DPB1*04:02_281+I_HLA-DRB1*08:02_1448+I_HLA-DRB1*04:01_698+N_DRB1_0101_23.55+N_DRB1_0701_56.41+N_DRB1_0901_118.97+N_HLA-DPA10201-DPB10101_76.36+N_HLA-DPA10301-DPB10402_109.93+N_HLA-DPA10201-DPB11401_27.01","NP_001830.1 calponin-3 isoform 1 [Homo sapiens]","data/classII/b19_iedbii.csv"
"HLA-DRB1*09:01+HLA-DRB1*07:01+HLA-DRB5*01:01+HLA-DRB1*11:01+HLA-DRB1*04:05+HLA-DRB1*04:01+HLA-DPA1*03:01/DPB1*04:02+HLA-DRB1*08:02+HLA-DRB1*15:01+DRB1_0101+DRB1_0405+DRB1_0701+DRB1_0901+DRB1_1501+HLA-DPA10201-DPB10101+HLA-DPA10103-DPB10201+HLA-DPA10103-DPB10401+HLA-DPA10301-DPB10402+HLA-DPA10201-DPB11401","NIFGSVIGLQLQDVV","SVIGLQ+","--SVIGLQ+","--SVIGLQ+",FALSE,FALSE,TRUE,TRUE,TRUE,TRUE,TRUE,TRUE,TRUE,"b19","I+N","1+2+3+4+5+B19_1_A4HTE9+B19_2_E9B964+B19_3_Q4QIM7+B19_4_E9AL77+B19_5_A4H515","I_HLA-DRB5*01:01_52.9+I_HLA-DRB1*07:01_24+I_HLA-DRB1*11:01_403+I_HLA-DRB1*09:01_99+I_HLA-DPA1*03:01/DPB1*04:02_217+I_HLA-DRB1*08:02_1332+I_HLA-DRB1*04:01_729+N_DRB1_0101_21.48+N_DRB1_0701_50.74+N_DRB1_0901_112.06+N_HLA-DPA10103-DPB10401_181.59+N_HLA-DPA10201-DPB11401_23.35","NP_001830.1 calponin-3 isoform 1 [Homo sapiens]","data/classII/b19_iedbii.csv"
"HLA-DRB5*01:01+HLA-DRB1*07:01+DRB1_0802+DRB1_1101","NPFSTRTMRKLQELH","S-RTMRK","S-RTMRK--","-SRTMRK--",FALSE,FALSE,FALSE,FALSE,FALSE,FALSE,FALSE,FALSE,FALSE,"b19","I+N","1+2+3+4+5+B19_1_A4HTE9+B19_2_E9B964+B19_3_Q4QIM7+B19_4_E9AL77+B19_5_A4H515","I_HLA-DRB1*07:01_557+N_DRB1_0802_563.46+N_DRB1_1101_68.74","NP_001342165.1 putative uncharacterized protein C3orf49 [Homo sapiens]","data/classII/b19_iedbii.csv"
"HLA-DRB1*15:01+HLA-DPA1*02:01/DPB1*05:01+HLA-DRB3*01:01+HLA-DRB5*01:01+HLA-DRB1*03:01+HLA-DRB1*04:05+DRB1_0301+HLA-DPA10103-DPB10201","PAILLTYDPFRTGLL","LL-TYDPF","LL-TYDPF-","-LLTYDPF-",FALSE,TRUE,FALSE,TRUE,TRUE,TRUE,TRUE,TRUE,FALSE,"b19","I+N","1+2+3+4+5+B19_1_A4HTE9+B19_2_E9B964+B19_3_Q4QIM7+B19_4_E9AL77+B19_5_A4H515","I_HLA-DRB1*15:01_12.5+I_HLA-DPA1*02:01/DPB1*05:01_104.9+I_HLA-DRB5*01:01_632+I_HLA-DRB1*04:05_110.8","NP_060023.1 DNA helicase INO80 [Homo sapiens]","data/classII/b19_iedbii.csv"
"HLA-DRB1*15:01+HLA-DPA1*02:01/DPB1*05:01+HLA-DRB3*01:01+HLA-DRB5*01:01+HLA-DRB1*03:01+HLA-DRB1*04:05+DRB1_0301+HLA-DPA10103-DPB10201","PAILLTYDPFRTSLL","LL-TYDPF","LL-TYDPF-","-LLTYDPF-",FALSE,TRUE,FALSE,TRUE,TRUE,TRUE,TRUE,TRUE,FALSE,"b19","I+N","1+2+3+4+5+B19_1_A4HTE9+B19_2_E9B964+B19_3_Q4QIM7+B19_4_E9AL77+B19_5_A4H515","I_HLA-DRB1*15:01_10.5+I_HLA-DPA1*02:01/DPB1*05:01_81.7+I_HLA-DRB5*01:01_639+I_HLA-DRB1*03:01_414","NP_060023.1 DNA helicase INO80 [Homo sapiens]","data/classII/b19_iedbii.csv"
"HLA-DRB1*11:01+HLA-DRB1*09:01+HLA-DRB1*15:01+HLA-DRB1*04:05+HLA-DRB5*01:01+HLA-DRB1*01:01+DRB1_0101+DRB1_0401+DRB1_0405+DRB1_0901+DRB1_1101+DRB1_1201+DRB1_1501","PAVCALLYNARTATS","ALLYNA","-ALLYNA--","-ALLYNA--",FALSE,TRUE,TRUE,TRUE,TRUE,TRUE,TRUE,FALSE,FALSE,"b19","I+N","1+2+3+4+5+B19_1_A4HTE9+B19_2_E9B964+B19_3_Q4QIM7+B19_4_E9AL77+B19_5_A4H515","I_HLA-DRB1*11:01_60.3+I_HLA-DRB1*04:05_362+I_HLA-DRB1*15:01_290+N_DRB1_0101_16.64+N_DRB1_0401_110.36+N_DRB1_0405_98.44+N_DRB1_1101_66.19+N_DRB1_1201_12.44+N_DRB1_1501_83.86","NP_000457.1 peroxisome biogenesis factor 1 isoform 1 [Homo sapiens]","data/classII/b19_iedbii.csv"
"HLA-DRB1*08:02+HLA-DRB1*03:01+HLA-DRB1*11:01+DRB1_0301+DRB1_0802+DRB1_1101+DRB1_1302","PAVCALLYNARTATS","LYN-R-AT","-LYN-R-AT","-LYNRAT--",FALSE,TRUE,TRUE,TRUE,FALSE,TRUE,FALSE,TRUE,TRUE,"b19","I+N","1+2+3+4+5+B19_1_A4HTE9+B19_2_E9B964+B19_3_Q4QIM7+B19_4_E9AL77+B19_5_A4H515","I_HLA-DRB1*08:02_79.2+I_HLA-DRB1*03:01_303.2+N_DRB1_0301_272.8+N_DRB1_0802_322.27+N_DRB1_1302_310.45","NP_002628.2 phosphorylase b kinase regulatory subunit alpha, skeletal muscle  isoform isoform 1 [Homo sapiens]","data/classII/b19_iedbii.csv"
"HLA-DRB1*08:02+HLA-DRB1*04:01+HLA-DRB1*04:05+HLA-DRB1*11:01+DRB1_0101+DRB1_0401+DRB1_0802+DRB1_0901","PAVCALLYNARTATS","LYN-R-AT","LYN-R-AT-","LYNRAT---",TRUE,TRUE,TRUE,FALSE,TRUE,FALSE,TRUE,TRUE,FALSE,"b19","I+N","1+2+3+4+5+B19_1_A4HTE9+B19_2_E9B964+B19_3_Q4QIM7+B19_4_E9AL77+B19_5_A4H515","I_HLA-DRB1*04:01_64.6","NP_002628.2 phosphorylase b kinase regulatory subunit alpha, skeletal muscle  isoform isoform 1 [Homo sapiens]","data/classII/b19_iedbii.csv"
"HLA-DRB1*11:01+HLA-DRB1*08:02+DRB1_0802+DRB1_1101+DRB1_1201","PFRTGLLGRPHIRAY","LGR-HIRA","LGR-HIRA-","-LGRHIRA-",TRUE,FALSE,FALSE,FALSE,FALSE,FALSE,FALSE,FALSE,FALSE,"b19","I+N","3+5+1+2+4+B19_1_A4HTE9+B19_2_E9B964+B19_4_E9AL77+B19_3_Q4QIM7+B19_5_A4H515","N_DRB1_1101_94.22","XP_005254194.1 PREDICTED: A disintegrin and metalloproteinase with thrombospondin  motifs 7 isoform X1 [Homo sapiens]","data/classII/b19_netmhciipan.csv"
"HLA-DRB1*11:01+HLA-DRB1*08:02+DRB1_0802+DRB1_1101+DRB1_1201","PFRTSLLGRPHIRAY","LGR-HIRA","LGR-HIRA-","-LGRHIRA-",TRUE,FALSE,FALSE,FALSE,FALSE,FALSE,FALSE,FALSE,FALSE,"b19","I+N","3+5+1+2+4+B19_1_A4HTE9+B19_2_E9B964+B19_4_E9AL77+B19_3_Q4QIM7+B19_5_A4H515","N_DRB1_0802_425.08+N_DRB1_1101_49.27","XP_005254194.1 PREDICTED: A disintegrin and metalloproteinase with thrombospondin  motifs 7 isoform X1 [Homo sapiens]","data/classII/b19_netmhciipan.csv"
"HLA-DRB5*01:01+HLA-DRB1*07:01+DRB1_0802+DRB1_1101","PFSTRTMRKLQELHR","S-RTMRK","S-RTMRK--","-SRTMRK--",FALSE,FALSE,FALSE,FALSE,FALSE,FALSE,FALSE,FALSE,FALSE,"b19","I+N","1+2+3+4+5+B19_1_A4HTE9+B19_2_E9B964+B19_3_Q4QIM7+B19_4_E9AL77+B19_5_A4H515","N_DRB1_0802_522.57+N_DRB1_1101_62.12","NP_001342165.1 putative uncharacterized protein C3orf49 [Homo sapiens]","data/classII/b19_netmhciipan.csv"
"HLA-DRB5*01:01+HLA-DRB1*11:01+HLA-DRB4*01:01+HLA-DRB1*03:01+DRB1_1101+DRB1_1201","PFSTRTMRKLQELHR","MR-LQ--ELHR","MR-LQ--ELHR","MRLQELHR-",TRUE,TRUE,FALSE,TRUE,TRUE,FALSE,FALSE,FALSE,FALSE,"b19","I+N","1+2+3+4+5+B19_1_A4HTE9+B19_2_E9B964+B19_3_Q4QIM7+B19_4_E9AL77+B19_5_A4H515","I_HLA-DRB5*01:01_132.1+N_DRB1_1201_12.75","NP_060045.4 telomerase-binding protein EST1A isoform 1 [Homo sapiens]","data/classII/b19_iedbii.csv"
"HLA-DRB1*09:01+HLA-DRB1*08:02+HLA-DRB1*04:01+HLA-DRB1*15:01+HLA-DRB1*13:02+HLA-DRB1*01:01+DRB1_0101+DRB1_0401+DRB1_0405+DRB1_0701+DRB1_0802+DRB1_0901+DRB1_1101+DRB1_1302+DRB1_1501","PHIRAYTPTAAYYKY","IRAYTP","IRAYTP---","IRAYTP---",TRUE,TRUE,TRUE,TRUE,TRUE,TRUE,FALSE,FALSE,FALSE,"b19","I+N","1+2+3+4+5+B19_1_A4HTE9+B19_2_E9B964+B19_3_Q4QIM7+B19_4_E9AL77+B19_5_A4H515","I_HLA-DRB1*09:01_9.8+I_HLA-DRB1*08:02_20.4+I_HLA-DRB1*04:01_257+I_HLA-DRB1*15:01_474+I_HLA-DRB1*13:02_1698+N_DRB1_0101_17.39+N_DRB1_0401_75.69+N_DRB1_0405_133.35+N_DRB1_0802_221.69+N_DRB1_1302_312.22+N_DRB1_1501_100.79","XP_006722277.1 PREDICTED: probable helicase with zinc finger domain isoform  X1 [Homo sapiens]  XP_011523846.1 PREDICTED: probable helicase with zinc finger domain isoform  X1 [Homo sapiens]","data/classII/b19_iedbii.csv"
"HLA-DRB5*01:01+HLA-DRB1*12:01+HLA-DRB1*15:01+DRB1_0701+DRB1_0901+DRB1_1101","PHIRAYTPTAAYYKY","PT-AYYK","-PT-AYYK-","--PTAYYK-",FALSE,FALSE,FALSE,FALSE,TRUE,FALSE,TRUE,FALSE,FALSE,"b19","I+N","1+2+3+4+5+B19_1_A4HTE9+B19_2_E9B964+B19_3_Q4QIM7+B19_4_E9AL77+B19_5_A4H515","I_HLA-DRB5*01:01_3.8+I_HLA-DRB1*12:01_364+N_DRB1_0701_56.3+N_DRB1_0901_46.31+N_DRB1_1101_88.73","NP_004238.3 116 kDa U5 small nuclear ribonucleoprotein component isoform  a [Homo sapiens]  NP_001245282.1 116 kDa U5 small nuclear ribonucleoprotein component isoform  a [Homo sapiens]","data/classII/b19_iedbii.csv"
"HLA-DRB3*01:01+HLA-DRB1*04:01+HLA-DPA1*02:01/DPB1*01:01+HLA-DPA1*03:01/DPB1*04:02+HLA-DRB1*08:02+HLA-DPA1*01:03/DPB1*02:01+HLA-DRB1*03:01+HLA-DPA1*01/DPB1*04:01+DRB1_0401+HLA-DPA10103-DPB10201+HLA-DPA10103-DPB10401+HLA-DPA10201-DPB11401","PTAAYYKYDSLVSTE","YKYD---------SLVS","YKYD---------SLVS","YKYDSLVS-",TRUE,TRUE,TRUE,TRUE,FALSE,FALSE,FALSE,FALSE,FALSE,"b19","I+N","1+2+3+4+5+B19_1_A4HTE9+B19_2_E9B964+B19_3_Q4QIM7+B19_4_E9AL77+B19_5_A4H515","I_HLA-DRB3*01:01_12.3+I_HLA-DPA1*02:01/DPB1*01:01_24+I_HLA-DPA1*03:01/DPB1*04:02_317+I_HLA-DRB1*08:02_1513+I_HLA-DPA1*01:03/DPB1*02:01_574+I_HLA-DRB1*03:01_3524+I_HLA-DPA1*01/DPB1*04:01_1237+N_DRB1_0401_142.72+N_HLA-DPA10103-DPB10201_108.82","NP_060770.3 zinc finger protein 83 [Homo sapiens]  NP_001099019.1 zinc finger protein 83 [Homo sapiens]  NP_001099020.1 zinc finger protein 83 [Homo sapiens]  NP_001099021.1 zinc finger protein 83 [Homo sapiens]  NP_001099022.1 zinc finger protein 83 [Homo sapiens]  NP_001264874.1 zinc finger protein 83 [Homo sapiens]  NP_001264875.1 zinc finger protein 83 [Homo sapiens]  NP_001264876.1 zinc finger protein 83 [Homo sapiens]  NP_001264877.1 zinc finger protein 83 [Homo sapiens]  NP_001264878.1 zinc finger protein 83 [Homo sapiens]  NP_001264880.1 zinc finger protein 83 [Homo sapiens]  NP_001264881.1 zinc finger protein 83 [Homo sapiens]  NP_001334944.1 zinc finger protein 83 [Homo sapiens]  NP_001334945.1 zinc finger protein 83 [Homo sapiens]  NP_001334946.1 zinc finger protein 83 [Homo sapiens]  NP_001334947.1 zinc finger protein 83 [Homo sapiens]  NP_001334948.1 zinc finger protein 83 [Homo sapiens]","data/classII/b19_iedbii.csv"
"HLA-DRB1*11:01+HLA-DRB1*04:01+HLA-DPA1*03:01/DPB1*04:02+HLA-DRB1*08:02+HLA-DRB5*01:01+HLA-DRB1*03:01+HLA-DRB1*04:05+HLA-DRB1*15:01+DRB1_0401+DRB1_0405+DRB1_0901","PTAAYYKYDSLVSTE","YY---KYDS-VS","YY---KYDS-VS","YYKYDSVS-",TRUE,TRUE,FALSE,FALSE,FALSE,FALSE,FALSE,FALSE,TRUE,"b19","I+N","1+2+3+4+5+B19_1_A4HTE9+B19_2_E9B964+B19_3_Q4QIM7+B19_4_E9AL77+B19_5_A4H515","I_HLA-DRB1*11:01_66.4+I_HLA-DRB1*04:01_47.4+I_HLA-DRB1*04:05_577+N_DRB1_0405_139.95","NP_001161726.1 OCIA domain-containing protein 1 isoform 4 [Homo sapiens]","data/classII/b19_iedbii.csv"
"HLA-DRB1*09:01+HLA-DRB1*03:01+DRB1_0901","QELHRESLPAILLTY","+RE-LP-IL","+RE-LP-IL","+RELPIL--",TRUE,TRUE,TRUE,FALSE,TRUE,TRUE,FALSE,TRUE,TRUE,"b19","I+N","1+2+3+4+5+B19_1_A4HTE9+B19_2_E9B964+B19_3_Q4QIM7+B19_4_E9AL77+B19_5_A4H515","I_HLA-DRB1*09:01_48.5+I_HLA-DRB1*03:01_3399+N_DRB1_0901_191.07","XP_011544145.1 PREDICTED: integrin alpha-D isoform X9 [Homo sapiens]","data/classII/b19_iedbii.csv"
"HLA-DRB5*01:01+HLA-DRB1*12:01+HLA-DRB1*15:01+DRB1_0701+DRB1_0901+DRB1_1101","RAYTPTAAYYKYDSL","PT-AYYK","-PT-AYYK-","--PTAYYK-",FALSE,FALSE,FALSE,FALSE,TRUE,FALSE,TRUE,FALSE,FALSE,"b19","I+N","1+2+3+4+5+B19_1_A4HTE9+B19_2_E9B964+B19_3_Q4QIM7+B19_4_E9AL77+B19_5_A4H515","I_HLA-DRB5*01:01_3.8+I_HLA-DRB1*12:01_672+N_DRB1_0901_116.63","NP_004238.3 116 kDa U5 small nuclear ribonucleoprotein component isoform  a [Homo sapiens]  NP_001245282.1 116 kDa U5 small nuclear ribonucleoprotein component isoform  a [Homo sapiens]","data/classII/b19_iedbii.csv"
"HLA-DRB1*04:01+HLA-DRB1*09:01+HLA-DRB1*07:01+HLA-DRB1*11:01+HLA-DRB5*01:01+HLA-DRB1*15:01+HLA-DRB1*04:05+HLA-DRB1*08:02+DRB1_0401+DRB1_0701+DRB1_0901","RFNPFSTRTMRKLQE","FNPF-ST--M","FNPF-ST--M","FNPFSTM--",TRUE,TRUE,TRUE,TRUE,FALSE,FALSE,FALSE,FALSE,FALSE,"b19","I+N","1+2+3+4+5+B19_1_A4HTE9+B19_2_E9B964+B19_3_Q4QIM7+B19_4_E9AL77+B19_5_A4H515","I_HLA-DRB1*04:01_17.1+I_HLA-DRB1*07:01_338+I_HLA-DRB5*01:01_618+I_HLA-DRB1*09:01_502+N_DRB1_0701_72.43","XP_005269445.1 PREDICTED: transforming acidic coiled-coil-containing protein  2 isoform X1 [Homo sapiens]  XP_005269446.1 PREDICTED: transforming acidic coiled-coil-containing protein  2 isoform X1 [Homo sapiens]","data/classII/b19_iedbii.csv"
"HLA-DRB5*01:01+HLA-DRB1*07:01+DRB1_0802+DRB1_1101","RFNPFSTRTMRKLQE","S-RTMRK","S-RTMRK--","-SRTMRK--",FALSE,FALSE,FALSE,FALSE,FALSE,FALSE,FALSE,FALSE,FALSE,"b19","I+N","1+2+3+4+5+B19_1_A4HTE9+B19_2_E9B964+B19_3_Q4QIM7+B19_4_E9AL77+B19_5_A4H515","N_DRB1_0802_559.5+N_DRB1_1101_57.57","NP_001342165.1 putative uncharacterized protein C3orf49 [Homo sapiens]","data/classII/b19_netmhciipan.csv"
"HLA-DRB1*11:01+HLA-DRB1*04:01+HLA-DRB1*08:02+HLA-DRB5*01:01+DRB1_0802+DRB1_1101","RGYQRRRSLAQYAKE","QRR-SLAQ","QRR-SLAQ-","-QRRSLAQ-",FALSE,FALSE,TRUE,FALSE,FALSE,FALSE,FALSE,FALSE,FALSE,"b19","I+N","1+2+3+4+5+B19_1_A4HTE9+B19_2_E9B964+B19_3_Q4QIM7+B19_4_E9AL77+B19_5_A4H515","I_HLA-DRB1*11:01_56.3+I_HLA-DRB1*04:01_178.5+I_HLA-DRB5*01:01_245+N_DRB1_0802_334.98+N_DRB1_1101_53.52","NP_001418.2 homeobox protein engrailed-2 [Homo sapiens]","data/classII/b19_iedbii.csv"
"HLA-DRB1*03:01+HLA-DRB1*11:01+DRB1_0301","RMERVRKERKLLDAD","RKERKLL+","-RKERKLL+","-RKERKLL+",FALSE,TRUE,TRUE,TRUE,TRUE,TRUE,TRUE,TRUE,TRUE,"b19","I+N","5+1+2+3+4+B19_1_A4HTE9+B19_2_E9B964+B19_3_Q4QIM7+B19_4_E9AL77+B19_5_A4H515","I_HLA-DRB1*03:01_30+I_HLA-DRB1*11:01_360+N_DRB1_0301_321.13","NP_149163.2 ATP-binding cassette sub-family C member 11 isoform a [Homo sapiens]  NP_115972.2 ATP-binding cassette sub-family C member 11 isoform a [Homo sapiens]  XP_016879284.1 PREDICTED: ATP-binding cassette sub-family C member 11 isoform  X1 [Homo sapiens]  XP_016879285.1 PREDICTED: ATP-binding cassette sub-family C member 11 isoform  X1 [Homo sapiens]  XP_016879286.1 PREDICTED: ATP-binding cassette sub-family C member 11 isoform  X1 [Homo sapiens]  XP_016879287.1 PREDICTED: ATP-binding cassette sub-family C member 11 isoform  X1 [Homo sapiens]  XP_016879288.1 PREDICTED: ATP-binding cassette sub-family C member 11 isoform  X1 [Homo sapiens]  XP_016879289.1 PREDICTED: ATP-binding cassette sub-family C member 11 isoform  X1 [Homo sapiens]","data/classII/b19_iedbii.csv"
"HLA-DRB1*03:01+HLA-DRB1*11:01+DRB1_0301","RMERVRKERKLLDVD","RKERKLL+","-RKERKLL+","-RKERKLL+",FALSE,TRUE,TRUE,TRUE,TRUE,TRUE,TRUE,TRUE,TRUE,"b19","I+N","5+1+2+3+4+B19_1_A4HTE9+B19_2_E9B964+B19_3_Q4QIM7+B19_4_E9AL77+B19_5_A4H515","I_HLA-DRB1*03:01_26.2+I_HLA-DRB1*11:01_360+N_DRB1_0301_274.23","NP_149163.2 ATP-binding cassette sub-family C member 11 isoform a [Homo sapiens]  NP_115972.2 ATP-binding cassette sub-family C member 11 isoform a [Homo sapiens]  XP_016879284.1 PREDICTED: ATP-binding cassette sub-family C member 11 isoform  X1 [Homo sapiens]  XP_016879285.1 PREDICTED: ATP-binding cassette sub-family C member 11 isoform  X1 [Homo sapiens]  XP_016879286.1 PREDICTED: ATP-binding cassette sub-family C member 11 isoform  X1 [Homo sapiens]  XP_016879287.1 PREDICTED: ATP-binding cassette sub-family C member 11 isoform  X1 [Homo sapiens]  XP_016879288.1 PREDICTED: ATP-binding cassette sub-family C member 11 isoform  X1 [Homo sapiens]  XP_016879289.1 PREDICTED: ATP-binding cassette sub-family C member 11 isoform  X1 [Homo sapiens]","data/classII/b19_iedbii.csv"
"HLA-DRB1*09:01+HLA-DRB1*07:01+HLA-DRB5*01:01+HLA-DRB1*11:01+HLA-DRB1*04:05+HLA-DRB1*04:01+HLA-DPA1*03:01/DPB1*04:02+HLA-DRB1*08:02+HLA-DRB1*15:01+DRB1_0101+DRB1_0405+DRB1_0701+DRB1_0901+DRB1_1501+HLA-DPA10201-DPB10101+HLA-DPA10103-DPB10201+HLA-DPA10103-DPB10401+HLA-DPA10301-DPB10402+HLA-DPA10201-DPB11401","RNIFGSVIGLQLQDT","SVIGLQ+","--SVIGLQ+","--SVIGLQ+",FALSE,FALSE,TRUE,TRUE,TRUE,TRUE,TRUE,TRUE,TRUE,"b19","I+N","1+2+3+4+5+B19_1_A4HTE9+B19_2_E9B964+B19_3_Q4QIM7+B19_4_E9AL77+B19_5_A4H515","I_HLA-DRB5*01:01_27.9+I_HLA-DRB1*07:01_15.3+I_HLA-DRB1*09:01_99+I_HLA-DRB1*11:01_402+I_HLA-DPA1*03:01/DPB1*04:02_262+I_HLA-DRB1*08:02_1333+I_HLA-DRB1*04:01_617+N_DRB1_0101_16.57+N_DRB1_0405_148.26+N_DRB1_0701_37.18+N_DRB1_0901_84.77+N_HLA-DPA10201-DPB10101_64.28+N_HLA-DPA10301-DPB10402_88.14+N_HLA-DPA10201-DPB11401_22.13","NP_001830.1 calponin-3 isoform 1 [Homo sapiens]","data/classII/b19_iedbii.csv"
"HLA-DRB1*09:01+HLA-DRB1*07:01+HLA-DRB5*01:01+HLA-DRB1*11:01+HLA-DRB1*04:05+HLA-DRB1*04:01+HLA-DPA1*03:01/DPB1*04:02+HLA-DRB1*08:02+HLA-DRB1*15:01+DRB1_0101+DRB1_0405+DRB1_0701+DRB1_0901+DRB1_1501+HLA-DPA10201-DPB10101+HLA-DPA10103-DPB10201+HLA-DPA10103-DPB10401+HLA-DPA10301-DPB10402+HLA-DPA10201-DPB11401","RNIFGSVIGLQLQDV","SVIGLQ+","--SVIGLQ+","--SVIGLQ+",FALSE,FALSE,TRUE,TRUE,TRUE,TRUE,TRUE,TRUE,TRUE,"b19","I+N","1+2+3+4+5+B19_1_A4HTE9+B19_2_E9B964+B19_3_Q4QIM7+B19_4_E9AL77+B19_5_A4H515","I_HLA-DRB5*01:01_25+I_HLA-DRB1*07:01_12.9+I_HLA-DRB1*09:01_96+I_HLA-DRB1*11:01_393+I_HLA-DPA1*03:01/DPB1*04:02_207+I_HLA-DRB1*08:02_1244+I_HLA-DRB1*04:01_613+N_DRB1_0101_15.73+N_DRB1_0405_141.55+N_DRB1_0701_34.41+N_DRB1_0901_79.83+N_HLA-DPA10201-DPB10101_53.67+N_HLA-DPA10103-DPB10201_89+N_HLA-DPA10103-DPB10401_161.15+N_HLA-DPA10301-DPB10402_71.22+N_HLA-DPA10201-DPB11401_20.4","NP_001830.1 calponin-3 isoform 1 [Homo sapiens]","data/classII/b19_iedbii.csv"
"HLA-DRB1*09:01+HLA-DRB1*08:02+HLA-DRB1*04:01+HLA-DRB1*15:01+HLA-DRB1*13:02+HLA-DRB1*01:01+DRB1_0101+DRB1_0401+DRB1_0405+DRB1_0701+DRB1_0802+DRB1_0901+DRB1_1101+DRB1_1302+DRB1_1501","RPHIRAYTPTAAYYK","IRAYTP","IRAYTP---","IRAYTP---",TRUE,TRUE,TRUE,TRUE,TRUE,TRUE,FALSE,FALSE,FALSE,"b19","I+N","1+2+3+4+5+B19_1_A4HTE9+B19_2_E9B964+B19_3_Q4QIM7+B19_4_E9AL77+B19_5_A4H515","I_HLA-DRB1*09:01_7.7+I_HLA-DRB1*08:02_15.4+I_HLA-DRB1*04:01_28.4+I_HLA-DRB1*15:01_442+I_HLA-DRB1*13:02_1511+I_HLA-DRB1*01:01_115+N_DRB1_0101_14.52+N_DRB1_0401_57.87+N_DRB1_0405_101.84+N_DRB1_0701_62.23+N_DRB1_0802_191.95+N_DRB1_0901_50.27+N_DRB1_1101_96.16+N_DRB1_1302_252.17+N_DRB1_1501_101.9","XP_006722277.1 PREDICTED: probable helicase with zinc finger domain isoform  X1 [Homo sapiens]  XP_011523846.1 PREDICTED: probable helicase with zinc finger domain isoform  X1 [Homo sapiens]","data/classII/b19_iedbii.csv"
"HLA-DRB5*01:01+HLA-DRB1*12:01+HLA-DRB1*15:01+DRB1_0701+DRB1_0901+DRB1_1101","RPHIRAYTPTAAYYK","PT-AYYK","-PT-AYYK-","--PTAYYK-",FALSE,FALSE,FALSE,FALSE,TRUE,FALSE,TRUE,FALSE,FALSE,"b19","I+N","1+2+3+4+5+B19_1_A4HTE9+B19_2_E9B964+B19_3_Q4QIM7+B19_4_E9AL77+B19_5_A4H515","I_HLA-DRB5*01:01_5.3","NP_004238.3 116 kDa U5 small nuclear ribonucleoprotein component isoform  a [Homo sapiens]  NP_001245282.1 116 kDa U5 small nuclear ribonucleoprotein component isoform  a [Homo sapiens]","data/classII/b19_iedbii.csv"
