"allele","seq_num","full_peptide","rank","peptide","score","protein","predictor","file"
"HLA-DRB1*03:01+HLA-DRB1*04:05+HLA-DRB1*04:01+DRB3_0101","1+2+3+4+5+6+A7_1_LACK1+A7_2_LACK2+A7_3_E9BK16+A7_4_Q95NJ3+A7_5_J9UU49+A7_6_A4HGX7","AALLWDLSTGEQLFK","2.76","LLWDLSTGE","I_47.8+I_144+I_237.6+N_422.35","a7","I+N","data/set2/a7_iedbii.csv"
"HLA-DRB1*07:01+HLA-DRB1*09:01+DRB1_0701+DRB1_0901","1+2+3+4+5+6+A7_1_LACK1+A7_2_LACK2+A7_3_E9BK16+A7_4_Q95NJ3+A7_5_J9UU49+A7_6_A4HGX7","AALLWDLSTGEQLFK","4.61","WDLSTGEQL","I_23.9+N_108.45+N_155.4","a7","I+N","data/set2/a7_iedbii.csv"
"HLA-DRB1*03:01+HLA-DRB1*04:05+HLA-DRB1*04:01+DRB3_0101","1+2+3+4+5+6+A7_1_LACK1+A7_2_LACK2+A7_3_E9BK16+A7_4_Q95NJ3+A7_5_J9UU49+A7_6_A4HGX7","AALLWDLSTGEQLFR","2.63","LLWDLSTGE","I_44.9+I_143.5+I_238.2+N_412.62","a7","I+N","data/set2/a7_iedbii.csv"
"HLA-DRB1*07:01+HLA-DRB1*09:01+DRB1_0701+DRB1_0901","1+2+3+4+5+6+A7_1_LACK1+A7_2_LACK2+A7_3_E9BK16+A7_4_Q95NJ3+A7_5_J9UU49+A7_6_A4HGX7","AALLWDLSTGEQLFR","4.47","WDLSTGEQL","I_23.1+N_101.37+N_146.77","a7","I+N","data/set2/a7_iedbii.csv"
"HLA-DRB3*01:01+HLA-DRB1*03:01+HLA-DRB1*11:01+DRB1_0301+DRB3_0101","1+2+3+4+5+6+A7_1_LACK1+A7_2_LACK2+A7_3_E9BK16+A7_4_Q95NJ3+A7_5_J9UU49+A7_6_A4HGX7","AFSPDDRLIVSAGRD","4","FSPDDRLIV","I_84+I_66.4+I_345.1+N_231.83+N_325.27","a7","I+N","data/set2/a7_iedbii.csv"
"HLA-DPA1*01/DPB1*04:01+HLA-DPA1*01:03/DPB1*02:01+HLA-DRB3*01:01+HLA-DPA10201-DPB10101+HLA-DPA10103-DPB10201+HLA-DPA10103-DPB10401","1+2+3+4+5+6+A7_1_LACK1+A7_2_LACK2+A7_3_E9BK16+A7_4_Q95NJ3+A7_5_J9UU49+A7_6_A4HGX7","AFSPNRFWMCVAAEK","1.61","FSPNRFWMC","I_24.6+I_39.4+I_3393.3","a7","I+N","data/set2/a7_iedbii.csv"
"HLA-DPA1*01/DPB1*04:01+HLA-DPA1*01:03/DPB1*02:01+HLA-DRB3*01:01+HLA-DPA10201-DPB10101+HLA-DPA10103-DPB10201+HLA-DPA10103-DPB10401","1+2+3+4+5+6+A7_1_LACK1+A7_2_LACK2+A7_3_E9BK16+A7_4_Q95NJ3+A7_5_J9UU49+A7_6_A4HGX7","AFSPNRFWMCVATER","4.44","FSPNRFWMC","I_41.3","a7","I+N","data/set2/a7_iedbii.csv"
"HLA-DRB1*08:02+HLA-DRB1*04:05+DRB1_0401+DRB1_0405+DRB1_0802","1+2+3+4+5+6+A7_1_LACK1+A7_2_LACK2+A7_3_E9BK16+A7_4_Q95NJ3+A7_5_J9UU49+A7_6_A4HGX7","AGSYIKVVSTSRDGT","0.81","IKVVSTSRD","I_22.9","a7","I+N","data/set2/a7_iedbii.csv"
"HLA-DRB1*07:01+HLA-DRB3*01:01+HLA-DRB1*09:01+HLA-DRB1*08:02+HLA-DRB5*01:01+HLA-DRB1*04:01+HLA-DRB1*04:05+HLA-DRB1*15:01+HLA-DRB1*03:01+DRB1_0101+DRB1_0401+DRB1_0405+DRB1_0701+DRB1_0802+DRB1_0901+DRB1_1101+DRB3_0202+DRB5_0101","1+2+3+4+5+6+A7_1_LACK1+A7_2_LACK2+A7_3_E9BK16+A7_4_Q95NJ3+A7_5_J9UU49+A7_6_A4HGX7","AGSYIKVVSTSRDGT","5.84","YIKVVSTSR","I_30.8+I_109.5+I_39+I_3.4+I_16.9+I_48.1+I_691.4+N_23.09+N_85.99+N_103.67+N_67.18+N_274.5+N_168.82+N_27.89+N_114.49+N_10.97","a7","I+N","data/set2/a7_iedbii.csv"
"HLA-DRB1*07:01+HLA-DRB1*09:01+HLA-DRB5*01:01+HLA-DRB1*04:01+DRB1_0701+DRB1_0901+DRB5_0101","1+2+3+4+5+6+A7_1_LACK1+A7_2_LACK2+A7_3_E9BK16+A7_4_Q95NJ3+A7_5_J9UU49+A7_6_A4HGX7","AHATDYALTASWDRS","5.19","YALTASWDR","I_27+I_8.4+N_203.7","a7","I+N","data/set2/a7_iedbii.csv"
"HLA-DPA1*01/DPB1*04:01+HLA-DPA1*01:03/DPB1*02:01+HLA-DRB3*01:01+HLA-DPA10201-DPB10101+HLA-DPA10103-DPB10201+HLA-DPA10103-DPB10401","1+2+3+4+5+6+A7_1_LACK1+A7_2_LACK2+A7_3_E9BK16+A7_4_Q95NJ3+A7_5_J9UU49+A7_6_A4HGX7","AINQIAFSPNRFWMC","1.05","FSPNRFWMC","I_9.4+I_20+N_64.77+N_116.75","a7","I+N","data/set2/a7_iedbii.csv"
"HLA-DRB3*01:01+HLA-DPA1*01:03/DPB1*02:01+HLA-DRB1*11:01+HLA-DRB5*01:01+DRB1_1501+DRB3_0101","6+1+2+3+4+5+A7_1_LACK1+A7_2_LACK2+A7_3_E9BK16+A7_4_Q95NJ3+A7_5_J9UU49+A7_6_A4HGX7","AINQIAFSPNRFWMC","10","IAFSPNRFW","N_155.28+N_636.37","a7","I+N","data/set2/a7_netmhciipan.csv"
"HLA-DRB1*03:01+HLA-DRB1*04:05+HLA-DRB1*04:01+DRB3_0101","1+2+3+4+5+6+A7_1_LACK1+A7_2_LACK2+A7_3_E9BK16+A7_4_Q95NJ3+A7_5_J9UU49+A7_6_A4HGX7","ALLWDLSTGEQLFKI","3.31","LLWDLSTGE","I_72.2+N_488.46","a7","I+N","data/set2/a7_iedbii.csv"
"HLA-DRB1*07:01+HLA-DRB1*09:01+DRB1_0701+DRB1_0901","1+2+3+4+5+6+A7_1_LACK1+A7_2_LACK2+A7_3_E9BK16+A7_4_Q95NJ3+A7_5_J9UU49+A7_6_A4HGX7","ALLWDLSTGEQLFKI","4.28","WDLSTGEQL","I_22.1+N_91.88+N_141.1","a7","I+N","data/set2/a7_iedbii.csv"
"HLA-DRB1*03:01+HLA-DRB1*04:05+HLA-DRB1*04:01+DRB3_0101","1+2+3+4+5+6+A7_1_LACK1+A7_2_LACK2+A7_3_E9BK16+A7_4_Q95NJ3+A7_5_J9UU49+A7_6_A4HGX7","ALLWDLSTGEQLFRI","3.21","LLWDLSTGE","I_57.7+N_459.71","a7","I+N","data/set2/a7_iedbii.csv"
"HLA-DRB1*07:01+HLA-DRB1*09:01+DRB1_0701+DRB1_0901","1+2+3+4+5+6+A7_1_LACK1+A7_2_LACK2+A7_3_E9BK16+A7_4_Q95NJ3+A7_5_J9UU49+A7_6_A4HGX7","ALLWDLSTGEQLFRI","4.1","WDLSTGEQL","I_21.2+I_144.3+N_85.7+N_132.9","a7","I+N","data/set2/a7_iedbii.csv"
"HLA-DRB1*03:01+DRB1_0301+DRB3_0101","1+2+3+4+5+6+A7_1_LACK1+A7_2_LACK2+A7_3_E9BK16+A7_4_Q95NJ3+A7_5_J9UU49+A7_6_A4HGX7","ALTASWDRSIRMWDL","3.66","ASWDRSIRM","I_67.1+N_274.71+N_431.04","a7","I+N","data/set2/a7_iedbii.csv"
"HLA-DRB1*03:01+DRB1_0301+DRB3_0101","1+2+3+4+5+6+A7_1_LACK1+A7_2_LACK2+A7_3_E9BK16+A7_4_Q95NJ3+A7_5_J9UU49+A7_6_A4HGX7","ASWDRSIRMWDLRNG","5.24","ASWDRSIRM","I_475.3","a7","I+N","data/set2/a7_iedbii.csv"
"HLA-DRB1*07:01+HLA-DRB1*09:01+HLA-DRB5*01:01+HLA-DRB1*04:01+DRB1_0701+DRB1_0901+DRB5_0101","1+2+3+4+5+6+A7_1_LACK1+A7_2_LACK2+A7_3_E9BK16+A7_4_Q95NJ3+A7_5_J9UU49+A7_6_A4HGX7","ATDYALTASWDRSIR","3.64","YALTASWDR","I_19.2+I_114.4+I_4.8+N_98.59+N_132.86+N_36.5","a7","I+N","data/set2/a7_iedbii.csv"
"HLA-DRB3*01:01+HLA-DRB1*03:01+HLA-DRB1*11:01+DRB1_0301+DRB3_0101","1+2+3+4+5+6+A7_1_LACK1+A7_2_LACK2+A7_3_E9BK16+A7_4_Q95NJ3+A7_5_J9UU49+A7_6_A4HGX7","AVAFSPDDRLIVSAG","1.18","FSPDDRLIV","I_19.2+I_17.6+I_205.4+N_104.16+N_150.08","a7","I+N","data/set2/a7_iedbii.csv"
"HLA-DRB3*01:01+HLA-DRB1*04:01+HLA-DRB1*03:01+DRB3_0101","1+2+3+4+5+6+A7_1_LACK1+A7_2_LACK2+A7_3_E9BK16+A7_4_Q95NJ3+A7_5_J9UU49+A7_6_A4HGX7","AWSADGNTLYSGHKD","2.2","WSADGNTLY","I_37+N_380.92","a7","I+N","data/set2/a7_iedbii.csv"
"HLA-DRB1*07:01+HLA-DRB1*04:05+HLA-DRB1*12:01+DRB1_0901","1+2+3+4+5+6+A7_1_LACK1+A7_2_LACK2+A7_3_E9BK16+A7_4_Q95NJ3+A7_5_J9UU49+A7_6_A4HGX7","CFSPSLEHPIVVSGS","9.24","FSPSLEHPI","I_54","a7","I+N","data/set2/a7_iedbii.csv"
"HLA-DRB3*01:01+HLA-DRB1*04:01+HLA-DRB1*03:01+DRB3_0101","1+2+3+4+5+6+A7_1_LACK1+A7_2_LACK2+A7_3_E9BK16+A7_4_Q95NJ3+A7_5_J9UU49+A7_6_A4HGX7","CISIAWSADGNTLYS","0.45","WSADGNTLY","I_9.3+I_258.9+I_336+N_174.53","a7","I+N","data/set2/a7_iedbii.csv"
"HLA-DRB1*03:01+HLA-DRB1*04:01+HLA-DRB1*12:01+DRB1_0301+DRB1_1101+DRB1_1201","1+2+3+4+5+6+A7_1_LACK1+A7_2_LACK2+A7_3_E9BK16+A7_4_Q95NJ3+A7_5_J9UU49+A7_6_A4HGX7","CQRKFLKHTKDVLAV","7.61","FLKHTKDVL","I_184.3+I_954.9+I_755+N_12.24","a7","I+N","data/set2/a7_iedbii.csv"
"HLA-DRB1*09:01+HLA-DRB1*07:01+HLA-DRB1*08:02+HLA-DRB1*04:01+DRB1_0101+DRB1_0401+DRB1_0405+DRB1_0701+DRB1_0802+DRB1_1302+DRB3_0202+DRB4_0101","1+2+3+4+5+6+A7_1_LACK1+A7_2_LACK2+A7_3_E9BK16+A7_4_Q95NJ3+A7_5_J9UU49+A7_6_A4HGX7","CQRKFLKHTKDVLAV","5.84","LKHTKDVLA","I_30.8+N_96.44+N_429.74+N_165.83","a7","I+N","data/set2/a7_iedbii.csv"
"HLA-DRB1*03:01+DRB1_0301","1+2+3+4+5+6+A7_1_LACK1+A7_2_LACK2+A7_3_E9BK16+A7_4_Q95NJ3+A7_5_J9UU49+A7_6_A4HGX7","DDRLIVSAGRDNVIR","2.71","IVSAGRDNV","I_1048","a7","I+N","data/set2/a7_iedbii.csv"
"HLA-DRB1*03:01+HLA-DRB1*04:05+HLA-DRB1*04:01+DRB3_0101","1+2+3+4+5+6+A7_1_LACK1+A7_2_LACK2+A7_3_E9BK16+A7_4_Q95NJ3+A7_5_J9UU49+A7_6_A4HGX7","DGAALLWDLSTGEQL","3.31","LLWDLSTGE","I_72.9+I_196.8+I_241.2+N_513.3","a7","I+N","data/set2/a7_iedbii.csv"
"HLA-DRB1*07:01+HLA-DRB1*09:01+DRB1_0701+DRB1_0901","1+2+3+4+5+6+A7_1_LACK1+A7_2_LACK2+A7_3_E9BK16+A7_4_Q95NJ3+A7_5_J9UU49+A7_6_A4HGX7","DGAALLWDLSTGEQL","3.88","WDLSTGEQL","I_20.2","a7","I+N","data/set2/a7_iedbii.csv"
"HLA-DRB1*03:01+DRB1_0301","1+2+3+4+5+6+A7_1_LACK1+A7_2_LACK2+A7_3_E9BK16+A7_4_Q95NJ3+A7_5_J9UU49+A7_6_A4HGX7","DRLIVSAGRDNVIRV","2.71","IVSAGRDNV","I_436","a7","I+N","data/set2/a7_iedbii.csv"
"HLA-DRB3*01:01+HLA-DRB1*03:01+HLA-DRB1*11:01+DRB1_0301+DRB3_0101","1+2+3+4+5+6+A7_1_LACK1+A7_2_LACK2+A7_3_E9BK16+A7_4_Q95NJ3+A7_5_J9UU49+A7_6_A4HGX7","DVLAVAFSPDDRLIV","0.88","FSPDDRLIV","I_14.8+I_28.9+I_1369.4+N_176.88+N_212.04","a7","I+N","data/set2/a7_iedbii.csv"
"HLA-DRB1*03:01+HLA-DRB5*01:01+HLA-DRB1*04:01+HLA-DRB1*11:01+DRB1_0301","1+2+3+4+5+6+A7_1_LACK1+A7_2_LACK2+A7_3_E9BK16+A7_4_Q95NJ3+A7_5_J9UU49+A7_6_A4HGX7","DWVSSICFSPSLEHP","5.69","ICFSPSLEH","I_952.9+I_298.5","a7","I+N","data/set2/a7_iedbii.csv"
"HLA-DRB1*03:01+DRB1_0301+DRB3_0101","1+2+3+4+5+6+A7_1_LACK1+A7_2_LACK2+A7_3_E9BK16+A7_4_Q95NJ3+A7_5_J9UU49+A7_6_A4HGX7","DYALTASWDRSIRMW","7.78","ASWDRSIRM","I_190.2+N_241.98+N_416.44","a7","I+N","data/set2/a7_iedbii.csv"
"HLA-DRB1*07:01+HLA-DRB1*09:01+HLA-DRB5*01:01+HLA-DRB1*04:01+DRB1_0701+DRB1_0901+DRB5_0101","1+2+3+4+5+6+A7_1_LACK1+A7_2_LACK2+A7_3_E9BK16+A7_4_Q95NJ3+A7_5_J9UU49+A7_6_A4HGX7","DYALTASWDRSIRMW","4.79","YALTASWDR","I_24.8+I_11+N_64","a7","I+N","data/set2/a7_iedbii.csv"
"HLA-DRB3*01:01+HLA-DRB1*04:01+HLA-DRB1*03:01+DRB3_0101","1+2+3+4+5+6+A7_1_LACK1+A7_2_LACK2+A7_3_E9BK16+A7_4_Q95NJ3+A7_5_J9UU49+A7_6_A4HGX7","ECISIAWSADGNTLY","0.5","WSADGNTLY","I_9.8+I_289.9+I_614.8+N_294.97","a7","I+N","data/set2/a7_iedbii.csv"
"HLA-DRB1*03:01+HLA-DRB5*01:01+HLA-DRB1*04:01+HLA-DRB1*11:01+DRB1_0301","1+2+3+4+5+6+A7_1_LACK1+A7_2_LACK2+A7_3_E9BK16+A7_4_Q95NJ3+A7_5_J9UU49+A7_6_A4HGX7","EDWVSSICFSPSLEH","5.69","ICFSPSLEH","I_1432.9+I_293.8+I_1092.9+I_935","a7","I+N","data/set2/a7_iedbii.csv"
"HLA-DRB3*01:01+HLA-DRB1*07:01+HLA-DRB1*11:01+HLA-DRB1*04:01+HLA-DRB5*01:01+HLA-DRB1*04:05+HLA-DRB1*08:02+DRB1_0401+DRB1_0405+DRB1_0701+DRB1_0802+DRB1_0901+DRB1_1101+DRB5_0101","1+2+3+4+5+6+A7_1_LACK1+A7_2_LACK2+A7_3_E9BK16+A7_4_Q95NJ3+A7_5_J9UU49+A7_6_A4HGX7","EGHTGFVSCVSLAHA","8.99","FVSCVSLAH","I_51.9+I_170.4+I_89+I_57.5+I_800.1+I_1496.1+N_189.41+N_152.3+N_96.7+N_78.02+N_69.3","a7","I+N","data/set2/a7_iedbii.csv"
"HLA-DRB1*09:01+HLA-DRB1*07:01+HLA-DRB1*08:02+HLA-DRB1*04:01+DRB1_0101+DRB1_0401+DRB1_0405+DRB1_0701+DRB1_0802+DRB1_1302+DRB3_0202+DRB4_0101","1+2+3+4+5+6+A7_1_LACK1+A7_2_LACK2+A7_3_E9BK16+A7_4_Q95NJ3+A7_5_J9UU49+A7_6_A4HGX7","FLKHTKDVLAVAFSP","9.71","LKHTKDVLA","I_76.8","a7","I+N","data/set2/a7_iedbii.csv"
"HLA-DRB3*01:01+HLA-DRB1*03:01+HLA-DRB1*11:01+DRB1_0301+DRB3_0101","1+2+3+4+5+6+A7_1_LACK1+A7_2_LACK2+A7_3_E9BK16+A7_4_Q95NJ3+A7_5_J9UU49+A7_6_A4HGX7","FSPDDRLIVSAGRDN","6.87","FSPDDRLIV","I_200.2+I_168+I_462.2","a7","I+N","data/set2/a7_iedbii.csv"
"HLA-DPA1*01/DPB1*04:01+HLA-DPA1*01:03/DPB1*02:01+HLA-DRB3*01:01+HLA-DPA10201-DPB10101+HLA-DPA10103-DPB10201+HLA-DPA10103-DPB10401","1+2+3+4+5+6+A7_1_LACK1+A7_2_LACK2+A7_3_E9BK16+A7_4_Q95NJ3+A7_5_J9UU49+A7_6_A4HGX7","FSPNRFWMCVAAEKS","4.51","FSPNRFWMC","I_80.7+I_4529.2","a7","I+N","data/set2/a7_iedbii.csv"
"HLA-DPA1*01/DPB1*04:01+HLA-DPA1*01:03/DPB1*02:01+HLA-DRB3*01:01+HLA-DPA10201-DPB10101+HLA-DPA10103-DPB10201+HLA-DPA10103-DPB10401","1+2+3+4+5+6+A7_1_LACK1+A7_2_LACK2+A7_3_E9BK16+A7_4_Q95NJ3+A7_5_J9UU49+A7_6_A4HGX7","FSPNRFWMCVATERS","5.19","FSPNRFWMC","I_97.3","a7","I+N","data/set2/a7_iedbii.csv"
"HLA-DRB3*01:01+HLA-DRB1*07:01+HLA-DRB1*11:01+HLA-DRB1*04:01+HLA-DRB5*01:01+HLA-DRB1*04:05+HLA-DRB1*08:02+DRB1_0401+DRB1_0405+DRB1_0701+DRB1_0802+DRB1_0901+DRB1_1101+DRB5_0101","1+2+3+4+5+6+A7_1_LACK1+A7_2_LACK2+A7_3_E9BK16+A7_4_Q95NJ3+A7_5_J9UU49+A7_6_A4HGX7","FVSCVSLAHATDYAL","1.49","FVSCVSLAH","I_66+I_104.6+I_190.5","a7","I+N","data/set2/a7_iedbii.csv"
"HLA-DRB1*03:01+HLA-DRB1*04:05+HLA-DRB1*04:01+DRB3_0101","1+2+3+4+5+6+A7_1_LACK1+A7_2_LACK2+A7_3_E9BK16+A7_4_Q95NJ3+A7_5_J9UU49+A7_6_A4HGX7","GAALLWDLSTGEQLF","1.88","LLWDLSTGE","I_32+I_141.8+I_181.7+N_400.24","a7","I+N","data/set2/a7_iedbii.csv"
"HLA-DRB1*07:01+HLA-DRB1*09:01+DRB1_0701+DRB1_0901","1+2+3+4+5+6+A7_1_LACK1+A7_2_LACK2+A7_3_E9BK16+A7_4_Q95NJ3+A7_5_J9UU49+A7_6_A4HGX7","GAALLWDLSTGEQLF","3.55","WDLSTGEQL","I_18.7+N_187.32","a7","I+N","data/set2/a7_iedbii.csv"
"HLA-DRB3*01:01+HLA-DRB1*07:01+HLA-DRB1*11:01+HLA-DRB1*04:01+HLA-DRB5*01:01+HLA-DRB1*04:05+HLA-DRB1*08:02+DRB1_0401+DRB1_0405+DRB1_0701+DRB1_0802+DRB1_0901+DRB1_1101+DRB5_0101","1+2+3+4+5+6+A7_1_LACK1+A7_2_LACK2+A7_3_E9BK16+A7_4_Q95NJ3+A7_5_J9UU49+A7_6_A4HGX7","GFVSCVSLAHATDYA","1.54","FVSCVSLAH","I_54.1+I_116.1+I_85.3+N_169.76+N_108.09+N_193.9","a7","I+N","data/set2/a7_iedbii.csv"
"HLA-DRB1*04:01+HLA-DRB1*04:05+HLA-DRB1*08:02+HLA-DRB1*11:01+DRB1_0401+DRB1_0405+DRB1_0901","1+2+3+4+5+6+A7_1_LACK1+A7_2_LACK2+A7_3_E9BK16+A7_4_Q95NJ3+A7_5_J9UU49+A7_6_A4HGX7","GHSNYVSTVTVSPDG","1.22","YVSTVTVSP","I_43.2+I_260.4+I_1074.6+N_100.2+N_132.19+N_159.09","a7","I+N","data/set2/a7_iedbii.csv"
"HLA-DRB3*01:01+HLA-DRB1*07:01+HLA-DRB1*11:01+HLA-DRB1*04:01+HLA-DRB5*01:01+HLA-DRB1*04:05+HLA-DRB1*08:02+DRB1_0401+DRB1_0405+DRB1_0701+DRB1_0802+DRB1_0901+DRB1_1101+DRB5_0101","1+2+3+4+5+6+A7_1_LACK1+A7_2_LACK2+A7_3_E9BK16+A7_4_Q95NJ3+A7_5_J9UU49+A7_6_A4HGX7","GHTGFVSCVSLAHAT","0.49","FVSCVSLAH","I_91.4+I_63.6+I_39+I_711.4+I_991.6+N_152.62+N_123.35+N_80.6+N_565.11+N_186.03+N_64.83+N_55.71","a7","I+N","data/set2/a7_iedbii.csv"
"HLA-DRB1*03:01+HLA-DRB1*04:05+HLA-DRB1*04:01+DRB3_0101","1+2+3+4+5+6+A7_1_LACK1+A7_2_LACK2+A7_3_E9BK16+A7_4_Q95NJ3+A7_5_J9UU49+A7_6_A4HGX7","GKDGAALLWDLSTGE","3.31","LLWDLSTGE","I_491.8+I_374.7+I_606.3","a7","I+N","data/set2/a7_iedbii.csv"
"HLA-DRB1*08:02+HLA-DRB1*04:05+DRB1_0401+DRB1_0405+DRB1_0802","1+2+3+4+5+6+A7_1_LACK1+A7_2_LACK2+A7_3_E9BK16+A7_4_Q95NJ3+A7_5_J9UU49+A7_6_A4HGX7","GSYIKVVSTSRDGTA","0.29","IKVVSTSRD","I_34.5+I_24.7+N_110.2","a7","I+N","data/set2/a7_iedbii.csv"
"HLA-DRB1*07:01+HLA-DRB3*01:01+HLA-DRB1*09:01+HLA-DRB1*08:02+HLA-DRB5*01:01+HLA-DRB1*04:01+HLA-DRB1*04:05+HLA-DRB1*15:01+HLA-DRB1*03:01+DRB1_0101+DRB1_0401+DRB1_0405+DRB1_0701+DRB1_0802+DRB1_0901+DRB1_1101+DRB3_0202+DRB5_0101","1+2+3+4+5+6+A7_1_LACK1+A7_2_LACK2+A7_3_E9BK16+A7_4_Q95NJ3+A7_5_J9UU49+A7_6_A4HGX7","GSYIKVVSTSRDGTA","6.58","YIKVVSTSR","I_35.7+I_145.2+I_4.4+I_23.7+I_68.5+I_1186.7+N_26.55+N_93.09+N_76.51+N_286.67+N_197.21+N_30.68+N_129.52+N_12.38","a7","I+N","data/set2/a7_iedbii.csv"
"HLA-DRB1*07:01+HLA-DRB1*09:01+HLA-DRB5*01:01+HLA-DRB1*04:01+DRB1_0701+DRB1_0901+DRB5_0101","1+2+3+4+5+6+A7_1_LACK1+A7_2_LACK2+A7_3_E9BK16+A7_4_Q95NJ3+A7_5_J9UU49+A7_6_A4HGX7","HATDYALTASWDRSI","3.12","YALTASWDR","I_16.6+I_135+I_6.2+N_141.66+N_47.88","a7","I+N","data/set2/a7_iedbii.csv"
"HLA-DRB1*04:01+HLA-DRB1*04:05+HLA-DRB1*08:02+HLA-DRB1*11:01+DRB1_0401+DRB1_0405+DRB1_0901","1+2+3+4+5+6+A7_1_LACK1+A7_2_LACK2+A7_3_E9BK16+A7_4_Q95NJ3+A7_5_J9UU49+A7_6_A4HGX7","HSNYVSTVTVSPDGS","1.2","YVSTVTVSP","I_30.4+I_177.4+I_505.3+N_88.83+N_115.32+N_149.14","a7","I+N","data/set2/a7_iedbii.csv"
"HLA-DRB3*01:01+HLA-DRB1*07:01+HLA-DRB1*11:01+HLA-DRB1*04:01+HLA-DRB5*01:01+HLA-DRB1*04:05+HLA-DRB1*08:02+DRB1_0401+DRB1_0405+DRB1_0701+DRB1_0802+DRB1_0901+DRB1_1101+DRB5_0101","1+2+3+4+5+6+A7_1_LACK1+A7_2_LACK2+A7_3_E9BK16+A7_4_Q95NJ3+A7_5_J9UU49+A7_6_A4HGX7","HTGFVSCVSLAHATD","6.22","FVSCVSLAH","I_1998.8+I_60.1+I_52.9+I_34.7+I_774.7+N_157.29+N_125.56+N_91.64+N_190.15+N_75.95+N_67.64","a7","I+N","data/set2/a7_iedbii.csv"
"HLA-DPA1*01/DPB1*04:01+HLA-DPA1*01:03/DPB1*02:01+HLA-DRB3*01:01+HLA-DPA10201-DPB10101+HLA-DPA10103-DPB10201+HLA-DPA10103-DPB10401","1+2+3+4+5+6+A7_1_LACK1+A7_2_LACK2+A7_3_E9BK16+A7_4_Q95NJ3+A7_5_J9UU49+A7_6_A4HGX7","IAFSPNRFWMCVAAE","0.41","FSPNRFWMC","I_8.2+I_10.4+N_87.12+N_151.59","a7","I+N","data/set2/a7_iedbii.csv"
"HLA-DRB3*01:01+HLA-DPA1*01:03/DPB1*02:01+HLA-DRB1*11:01+HLA-DRB5*01:01+DRB1_1501+DRB3_0101","6+1+2+3+4+5+A7_1_LACK1+A7_2_LACK2+A7_3_E9BK16+A7_4_Q95NJ3+A7_5_J9UU49+A7_6_A4HGX7","IAFSPNRFWMCVAAE","5.67","IAFSPNRFW","I_1147.9","a7","I+N","data/set2/a7_iedbii.csv"
"HLA-DPA1*01/DPB1*04:01+HLA-DPA1*01:03/DPB1*02:01+HLA-DRB3*01:01+HLA-DPA10201-DPB10101+HLA-DPA10103-DPB10201+HLA-DPA10103-DPB10401","1+2+3+4+5+6+A7_1_LACK1+A7_2_LACK2+A7_3_E9BK16+A7_4_Q95NJ3+A7_5_J9UU49+A7_6_A4HGX7","IAFSPNRFWMCVATE","0.41","FSPNRFWMC","I_8.2+I_10.4+N_91.44+N_156.79","a7","I+N","data/set2/a7_iedbii.csv"
"HLA-DRB3*01:01+HLA-DRB1*04:01+HLA-DRB1*03:01+DRB3_0101","1+2+3+4+5+6+A7_1_LACK1+A7_2_LACK2+A7_3_E9BK16+A7_4_Q95NJ3+A7_5_J9UU49+A7_6_A4HGX7","IAWSADGNTLYSGHK","1.14","WSADGNTLY","I_18.5+I_344.8+N_216.92","a7","I+N","data/set2/a7_iedbii.csv"
"HLA-DRB1*07:01+HLA-DRB1*04:05+HLA-DRB1*12:01+DRB1_0901","1+2+3+4+5+6+A7_1_LACK1+A7_2_LACK2+A7_3_E9BK16+A7_4_Q95NJ3+A7_5_J9UU49+A7_6_A4HGX7","ICFSPSLEHPIVVSG","4.39","FSPSLEHPI","I_22.7+I_182.4+I_831","a7","I+N","data/set2/a7_iedbii.csv"
"HLA-DRB1*08:02+HLA-DRB1*04:05+DRB1_0401+DRB1_0405+DRB1_0802","1+2+3+4+5+6+A7_1_LACK1+A7_2_LACK2+A7_3_E9BK16+A7_4_Q95NJ3+A7_5_J9UU49+A7_6_A4HGX7","IKVVSTSRDGTAISW","6.5","IKVVSTSRD","I_279.6","a7","I+N","data/set2/a7_iedbii.csv"
"HLA-DPA1*01/DPB1*04:01+HLA-DPA1*01:03/DPB1*02:01+HLA-DRB3*01:01+HLA-DPA10201-DPB10101+HLA-DPA10103-DPB10201+HLA-DPA10103-DPB10401","1+2+3+4+5+6+A7_1_LACK1+A7_2_LACK2+A7_3_E9BK16+A7_4_Q95NJ3+A7_5_J9UU49+A7_6_A4HGX7","INQIAFSPNRFWMCV","0.25","FSPNRFWMC","I_6.1+I_6.9+N_86.61+N_47.22+N_81.45","a7","I+N","data/set2/a7_iedbii.csv"
"HLA-DRB3*01:01+HLA-DPA1*01:03/DPB1*02:01+HLA-DRB1*11:01+HLA-DRB5*01:01+DRB1_1501+DRB3_0101","6+1+2+3+4+5+A7_1_LACK1+A7_2_LACK2+A7_3_E9BK16+A7_4_Q95NJ3+A7_5_J9UU49+A7_6_A4HGX7","INQIAFSPNRFWMCV","8.22","IAFSPNRFW","I_47.7+I_44+N_140.33+N_585.21","a7","I+N","data/set2/a7_iedbii.csv"
"HLA-DRB3*01:01+HLA-DRB1*04:01+HLA-DRB1*03:01+DRB3_0101","1+2+3+4+5+6+A7_1_LACK1+A7_2_LACK2+A7_3_E9BK16+A7_4_Q95NJ3+A7_5_J9UU49+A7_6_A4HGX7","ISIAWSADGNTLYSG","0.5","WSADGNTLY","I_9.9+I_220.1+I_262.6+N_178.75","a7","I+N","data/set2/a7_iedbii.csv"
"HLA-DRB1*03:01+HLA-DRB1*04:05+HLA-DRB1*04:01+DRB3_0101","1+2+3+4+5+6+A7_1_LACK1+A7_2_LACK2+A7_3_E9BK16+A7_4_Q95NJ3+A7_5_J9UU49+A7_6_A4HGX7","KDGAALLWDLSTGEQ","3.31","LLWDLSTGE","I_205.4+I_282+I_389.8","a7","I+N","data/set2/a7_iedbii.csv"
"HLA-DRB1*09:01+HLA-DRB1*07:01+HLA-DRB1*08:02+HLA-DRB1*04:01+DRB1_0101+DRB1_0401+DRB1_0405+DRB1_0701+DRB1_0802+DRB1_1302+DRB3_0202+DRB4_0101","1+2+3+4+5+6+A7_1_LACK1+A7_2_LACK2+A7_3_E9BK16+A7_4_Q95NJ3+A7_5_J9UU49+A7_6_A4HGX7","KFLKHTKDVLAVAFS","8.64","LKHTKDVLA","I_49.5+I_358.6+N_224.93+N_205.49","a7","I+N","data/set2/a7_iedbii.csv"
"HLA-DRB1*04:01+HLA-DRB1*04:05+HLA-DRB1*08:02+HLA-DRB1*11:01+DRB1_0401+DRB1_0405+DRB1_0901","1+2+3+4+5+6+A7_1_LACK1+A7_2_LACK2+A7_3_E9BK16+A7_4_Q95NJ3+A7_5_J9UU49+A7_6_A4HGX7","KGHSNYVSTVTVSPD","1.23","YVSTVTVSP","I_59+I_1925.2+I_474.8+N_119.19+N_156.61+N_173.54","a7","I+N","data/set2/a7_iedbii.csv"
"HLA-DRB1*07:01+HLA-DRB1*09:01+HLA-DRB5*01:01+HLA-DRB1*04:01+DRB1_0701+DRB1_0901+DRB5_0101","1+2+3+4+5+6+A7_1_LACK1+A7_2_LACK2+A7_3_E9BK16+A7_4_Q95NJ3+A7_5_J9UU49+A7_6_A4HGX7","LAHATDYALTASWDR","4.71","YALTASWDR","I_24.4+I_11.1+I_296.8","a7","I+N","data/set2/a7_iedbii.csv"
"HLA-DRB3*01:01+HLA-DRB1*03:01+HLA-DRB1*11:01+DRB1_0301+DRB3_0101","1+2+3+4+5+6+A7_1_LACK1+A7_2_LACK2+A7_3_E9BK16+A7_4_Q95NJ3+A7_5_J9UU49+A7_6_A4HGX7","LAVAFSPDDRLIVSA","0.96","FSPDDRLIV","I_15.8+I_15.7+I_340.6+N_89.34+N_129.56","a7","I+N","data/set2/a7_iedbii.csv"
"HLA-DRB3*01:01+HLA-DRB1*07:01+HLA-DRB1*11:01+HLA-DRB1*04:01+HLA-DRB5*01:01+HLA-DRB1*04:05+HLA-DRB1*08:02+DRB1_0401+DRB1_0405+DRB1_0701+DRB1_0802+DRB1_0901+DRB1_1101+DRB5_0101","1+2+3+4+5+6+A7_1_LACK1+A7_2_LACK2+A7_3_E9BK16+A7_4_Q95NJ3+A7_5_J9UU49+A7_6_A4HGX7","LEGHTGFVSCVSLAH","8.31","FVSCVSLAH","I_47.3+I_350.7+I_140.5+I_97.4+I_874.1","a7","I+N","data/set2/a7_iedbii.csv"
"HLA-DRB1*04:01+HLA-DRB1*04:05+HLA-DRB1*08:02+HLA-DRB1*11:01+DRB1_0401+DRB1_0405+DRB1_0901","1+2+3+4+5+6+A7_1_LACK1+A7_2_LACK2+A7_3_E9BK16+A7_4_Q95NJ3+A7_5_J9UU49+A7_6_A4HGX7","LKGHSNYVSTVTVSP","1.23","YVSTVTVSP","I_63.3+I_120.3+I_2722.8+I_1068.3+N_216.56","a7","I+N","data/set2/a7_iedbii.csv"
"HLA-DRB1*03:01+HLA-DRB1*04:05+HLA-DRB1*04:01+DRB3_0101","1+2+3+4+5+6+A7_1_LACK1+A7_2_LACK2+A7_3_E9BK16+A7_4_Q95NJ3+A7_5_J9UU49+A7_6_A4HGX7","LLWDLSTGEQLFKIN","3.31","LLWDLSTGE","I_120.2","a7","I+N","data/set2/a7_iedbii.csv"
"HLA-DRB1*07:01+HLA-DRB1*09:01+DRB1_0701+DRB1_0901","1+2+3+4+5+6+A7_1_LACK1+A7_2_LACK2+A7_3_E9BK16+A7_4_Q95NJ3+A7_5_J9UU49+A7_6_A4HGX7","LLWDLSTGEQLFKIN","5.54","WDLSTGEQL","I_29.1+N_181.49","a7","I+N","data/set2/a7_iedbii.csv"
"HLA-DRB1*03:01+HLA-DRB1*04:05+HLA-DRB1*04:01+DRB3_0101","1+2+3+4+5+6+A7_1_LACK1+A7_2_LACK2+A7_3_E9BK16+A7_4_Q95NJ3+A7_5_J9UU49+A7_6_A4HGX7","LLWDLSTGEQLFRIN","3.31","LLWDLSTGE","I_77.5","a7","I+N","data/set2/a7_iedbii.csv"
"HLA-DRB1*07:01+HLA-DRB1*09:01+DRB1_0701+DRB1_0901","1+2+3+4+5+6+A7_1_LACK1+A7_2_LACK2+A7_3_E9BK16+A7_4_Q95NJ3+A7_5_J9UU49+A7_6_A4HGX7","LLWDLSTGEQLFRIN","5.38","WDLSTGEQL","I_28.1+N_108.05+N_170.11","a7","I+N","data/set2/a7_iedbii.csv"
"HLA-DRB1*03:01+DRB1_0301+DRB3_0101","1+2+3+4+5+6+A7_1_LACK1+A7_2_LACK2+A7_3_E9BK16+A7_4_Q95NJ3+A7_5_J9UU49+A7_6_A4HGX7","LTASWDRSIRMWDLR","5.38","ASWDRSIRM","I_110.2+N_330.53+N_527.44","a7","I+N","data/set2/a7_iedbii.csv"
"HLA-DRB1*07:01+HLA-DRB1*09:01+DRB1_0701+DRB1_0901","1+2+3+4+5+6+A7_1_LACK1+A7_2_LACK2+A7_3_E9BK16+A7_4_Q95NJ3+A7_5_J9UU49+A7_6_A4HGX7","LWDLSTGEQLFKINV","8.58","WDLSTGEQL","I_49.1","a7","I+N","data/set2/a7_iedbii.csv"
"HLA-DRB1*07:01+HLA-DRB1*09:01+DRB1_0701+DRB1_0901","1+2+3+4+5+6+A7_1_LACK1+A7_2_LACK2+A7_3_E9BK16+A7_4_Q95NJ3+A7_5_J9UU49+A7_6_A4HGX7","LWDLSTGEQLFRINV","8.32","WDLSTGEQL","I_47.4","a7","I+N","data/set2/a7_iedbii.csv"
"HLA-DPA1*01/DPB1*04:01+HLA-DPA1*01:03/DPB1*02:01+HLA-DRB3*01:01+HLA-DPA10201-DPB10101+HLA-DPA10103-DPB10201+HLA-DPA10103-DPB10401","1+2+3+4+5+6+A7_1_LACK1+A7_2_LACK2+A7_3_E9BK16+A7_4_Q95NJ3+A7_5_J9UU49+A7_6_A4HGX7","NQIAFSPNRFWMCVA","0.24","FSPNRFWMC","I_6+I_7.2+N_48.79+N_82.69","a7","I+N","data/set2/a7_iedbii.csv"
"HLA-DRB3*01:01+HLA-DPA1*01:03/DPB1*02:01+HLA-DRB1*11:01+HLA-DRB5*01:01+DRB1_1501+DRB3_0101","6+1+2+3+4+5+A7_1_LACK1+A7_2_LACK2+A7_3_E9BK16+A7_4_Q95NJ3+A7_5_J9UU49+A7_6_A4HGX7","NQIAFSPNRFWMCVA","9.5","IAFSPNRFW","N_668.41","a7","I+N","data/set2/a7_netmhciipan.csv"
"HLA-DRB1*04:01+HLA-DRB1*04:05+HLA-DRB1*08:02+HLA-DRB1*11:01+DRB1_0401+DRB1_0405+DRB1_0901","1+2+3+4+5+6+A7_1_LACK1+A7_2_LACK2+A7_3_E9BK16+A7_4_Q95NJ3+A7_5_J9UU49+A7_6_A4HGX7","NYVSTVTVSPDGSLC","4.08","YVSTVTVSP","I_65.6+N_184.68","a7","I+N","data/set2/a7_iedbii.csv"
"HLA-DRB1*03:01+DRB1_0301","1+2+3+4+5+6+A7_1_LACK1+A7_2_LACK2+A7_3_E9BK16+A7_4_Q95NJ3+A7_5_J9UU49+A7_6_A4HGX7","PDDRLIVSAGRDNVI","2.71","IVSAGRDNV","I_2121","a7","I+N","data/set2/a7_iedbii.csv"
"HLA-DPA1*01/DPB1*04:01+HLA-DPA1*01:03/DPB1*02:01+HLA-DRB3*01:01+HLA-DPA10201-DPB10101+HLA-DPA10103-DPB10201+HLA-DPA10103-DPB10401","1+2+3+4+5+6+A7_1_LACK1+A7_2_LACK2+A7_3_E9BK16+A7_4_Q95NJ3+A7_5_J9UU49+A7_6_A4HGX7","PINQIAFSPNRFWMC","1.08","FSPNRFWMC","I_9.6+I_20+N_66.67+N_122.83","a7","I+N","data/set2/a7_iedbii.csv"
"HLA-DRB3*01:01+HLA-DPA1*01:03/DPB1*02:01+HLA-DRB1*11:01+HLA-DRB5*01:01+DRB1_1501+DRB3_0101","6+1+2+3+4+5+A7_1_LACK1+A7_2_LACK2+A7_3_E9BK16+A7_4_Q95NJ3+A7_5_J9UU49+A7_6_A4HGX7","PINQIAFSPNRFWMC","9","IAFSPNRFW","N_642.87","a7","I+N","data/set2/a7_netmhciipan.csv"
"HLA-DRB1*07:01+HLA-DRB3*01:01+HLA-DRB1*09:01+HLA-DRB1*08:02+HLA-DRB5*01:01+HLA-DRB1*04:01+HLA-DRB1*04:05+HLA-DRB1*15:01+HLA-DRB1*03:01+DRB1_0101+DRB1_0401+DRB1_0405+DRB1_0701+DRB1_0802+DRB1_0901+DRB1_1101+DRB3_0202+DRB5_0101","1+2+3+4+5+6+A7_1_LACK1+A7_2_LACK2+A7_3_E9BK16+A7_4_Q95NJ3+A7_5_J9UU49+A7_6_A4HGX7","PQQAGSYIKVVSTSR","5.93","YIKVVSTSR","I_31.4+I_4.1+I_21.4+I_81.2+I_395.5+N_215.7+N_105.68+N_438.29+N_48.87+N_18.05","a7","I+N","data/set2/a7_iedbii.csv"
"HLA-DRB1*08:02+HLA-DRB1*04:05+DRB1_0401+DRB1_0405+DRB1_0802","1+2+3+4+5+6+A7_1_LACK1+A7_2_LACK2+A7_3_E9BK16+A7_4_Q95NJ3+A7_5_J9UU49+A7_6_A4HGX7","QAGSYIKVVSTSRDG","0.82","IKVVSTSRD","I_24","a7","I+N","data/set2/a7_iedbii.csv"
"HLA-DRB1*07:01+HLA-DRB3*01:01+HLA-DRB1*09:01+HLA-DRB1*08:02+HLA-DRB5*01:01+HLA-DRB1*04:01+HLA-DRB1*04:05+HLA-DRB1*15:01+HLA-DRB1*03:01+DRB1_0101+DRB1_0401+DRB1_0405+DRB1_0701+DRB1_0802+DRB1_0901+DRB1_1101+DRB3_0202+DRB5_0101","1+2+3+4+5+6+A7_1_LACK1+A7_2_LACK2+A7_3_E9BK16+A7_4_Q95NJ3+A7_5_J9UU49+A7_6_A4HGX7","QAGSYIKVVSTSRDG","5.34","YIKVVSTSR","I_27.9+I_138.1+I_3.7+I_54.6+I_18.3+I_1129.9+N_26.23+N_98.01+N_118.49+N_71.84+N_299.32+N_180.82+N_29.98+N_130.54+N_11.57","a7","I+N","data/set2/a7_iedbii.csv"
"HLA-DRB1*03:01+HLA-DRB1*04:01+HLA-DRB1*12:01+DRB1_0301+DRB1_1101+DRB1_1201","1+2+3+4+5+6+A7_1_LACK1+A7_2_LACK2+A7_3_E9BK16+A7_4_Q95NJ3+A7_5_J9UU49+A7_6_A4HGX7","QCQRKFLKHTKDVLA","9.44","FLKHTKDVL","I_1461+I_781","a7","I+N","data/set2/a7_iedbii.csv"
"HLA-DRB1*09:01+HLA-DRB1*07:01+HLA-DRB1*08:02+HLA-DRB1*04:01+DRB1_0101+DRB1_0401+DRB1_0405+DRB1_0701+DRB1_0802+DRB1_1302+DRB3_0202+DRB4_0101","1+2+3+4+5+6+A7_1_LACK1+A7_2_LACK2+A7_3_E9BK16+A7_4_Q95NJ3+A7_5_J9UU49+A7_6_A4HGX7","QCQRKFLKHTKDVLA","2.82","LKHTKDVLA","I_232.5+I_35.9","a7","I+N","data/set2/a7_iedbii.csv"
"HLA-DPA1*01/DPB1*04:01+HLA-DPA1*01:03/DPB1*02:01+HLA-DRB3*01:01+HLA-DPA10201-DPB10101+HLA-DPA10103-DPB10201+HLA-DPA10103-DPB10401","1+2+3+4+5+6+A7_1_LACK1+A7_2_LACK2+A7_3_E9BK16+A7_4_Q95NJ3+A7_5_J9UU49+A7_6_A4HGX7","QIAFSPNRFWMCVAA","0.83","FSPNRFWMC","I_7.8+N_51.86+N_88.16","a7","I+N","data/set2/a7_iedbii.csv"
"HLA-DPA1*01/DPB1*04:01+HLA-DPA1*01:03/DPB1*02:01+HLA-DRB3*01:01+HLA-DPA10201-DPB10101+HLA-DPA10103-DPB10201+HLA-DPA10103-DPB10401","1+2+3+4+5+6+A7_1_LACK1+A7_2_LACK2+A7_3_E9BK16+A7_4_Q95NJ3+A7_5_J9UU49+A7_6_A4HGX7","QIAFSPNRFWMCVAT","0.83","FSPNRFWMC","I_7.8+N_53.54+N_90.86","a7","I+N","data/set2/a7_iedbii.csv"
"HLA-DRB1*08:02+HLA-DRB1*04:05+DRB1_0401+DRB1_0405+DRB1_0802","1+2+3+4+5+6+A7_1_LACK1+A7_2_LACK2+A7_3_E9BK16+A7_4_Q95NJ3+A7_5_J9UU49+A7_6_A4HGX7","QQAGSYIKVVSTSRD","0.82","IKVVSTSRD","I_25","a7","I+N","data/set2/a7_iedbii.csv"
"HLA-DRB1*07:01+HLA-DRB3*01:01+HLA-DRB1*09:01+HLA-DRB1*08:02+HLA-DRB5*01:01+HLA-DRB1*04:01+HLA-DRB1*04:05+HLA-DRB1*15:01+HLA-DRB1*03:01+DRB1_0101+DRB1_0401+DRB1_0405+DRB1_0701+DRB1_0802+DRB1_0901+DRB1_1101+DRB3_0202+DRB5_0101","1+2+3+4+5+6+A7_1_LACK1+A7_2_LACK2+A7_3_E9BK16+A7_4_Q95NJ3+A7_5_J9UU49+A7_6_A4HGX7","QQAGSYIKVVSTSRD","4.63","YIKVVSTSR","I_24+I_3.8+I_87.7+I_19.8+I_1379.3+N_120.6+N_141.03+N_72.64+N_343.91+N_191.81+N_32.85+N_150.88+N_12.23","a7","I+N","data/set2/a7_iedbii.csv"
"HLA-DRB1*03:01+HLA-DRB1*04:01+HLA-DRB1*12:01+DRB1_0301+DRB1_1101+DRB1_1201","1+2+3+4+5+6+A7_1_LACK1+A7_2_LACK2+A7_3_E9BK16+A7_4_Q95NJ3+A7_5_J9UU49+A7_6_A4HGX7","QRKFLKHTKDVLAVA","6.55","FLKHTKDVL","I_146.2+I_384.9+I_727+N_320.55+N_79.93+N_11.91","a7","I+N","data/set2/a7_iedbii.csv"
"HLA-DRB1*09:01+HLA-DRB1*07:01+HLA-DRB1*08:02+HLA-DRB1*04:01+DRB1_0101+DRB1_0401+DRB1_0405+DRB1_0701+DRB1_0802+DRB1_1302+DRB3_0202+DRB4_0101","1+2+3+4+5+6+A7_1_LACK1+A7_2_LACK2+A7_3_E9BK16+A7_4_Q95NJ3+A7_5_J9UU49+A7_6_A4HGX7","QRKFLKHTKDVLAVA","6.37","LKHTKDVLA","I_34.1+I_327.8+N_179.03+N_174.89+N_79.85+N_434.1+N_263.47+N_130.93+N_209.26","a7","I+N","data/set2/a7_iedbii.csv"
"HLA-DRB1*03:01+HLA-DRB1*04:01+HLA-DRB1*12:01+DRB1_0301+DRB1_1101+DRB1_1201","1+2+3+4+5+6+A7_1_LACK1+A7_2_LACK2+A7_3_E9BK16+A7_4_Q95NJ3+A7_5_J9UU49+A7_6_A4HGX7","QSQRKFLKHTKDVLA","9.44","FLKHTKDVL","I_1424.7+I_794","a7","I+N","data/set2/a7_iedbii.csv"
"HLA-DRB1*09:01+HLA-DRB1*07:01+HLA-DRB1*08:02+HLA-DRB1*04:01+DRB1_0101+DRB1_0401+DRB1_0405+DRB1_0701+DRB1_0802+DRB1_1302+DRB3_0202+DRB4_0101","1+2+3+4+5+6+A7_1_LACK1+A7_2_LACK2+A7_3_E9BK16+A7_4_Q95NJ3+A7_5_J9UU49+A7_6_A4HGX7","QSQRKFLKHTKDVLA","6.58","LKHTKDVLA","I_35.7","a7","I+N","data/set2/a7_iedbii.csv"
"HLA-DRB1*03:01+HLA-DRB1*04:01+HLA-DRB1*12:01+DRB1_0301+DRB1_1101+DRB1_1201","1+2+3+4+5+6+A7_1_LACK1+A7_2_LACK2+A7_3_E9BK16+A7_4_Q95NJ3+A7_5_J9UU49+A7_6_A4HGX7","RKFLKHTKDVLAVAF","7.56","FLKHTKDVL","I_681","a7","I+N","data/set2/a7_iedbii.csv"
"HLA-DRB1*09:01+HLA-DRB1*07:01+HLA-DRB1*08:02+HLA-DRB1*04:01+DRB1_0101+DRB1_0401+DRB1_0405+DRB1_0701+DRB1_0802+DRB1_1302+DRB3_0202+DRB4_0101","1+2+3+4+5+6+A7_1_LACK1+A7_2_LACK2+A7_3_E9BK16+A7_4_Q95NJ3+A7_5_J9UU49+A7_6_A4HGX7","RKFLKHTKDVLAVAF","6.03","LKHTKDVLA","I_32+I_288.4+I_320.1+N_27.39+N_160.16+N_169.94+N_77.8+N_245.18+N_132.7+N_210.51","a7","I+N","data/set2/a7_iedbii.csv"
"HLA-DRB1*03:01+DRB1_0301","1+2+3+4+5+6+A7_1_LACK1+A7_2_LACK2+A7_3_E9BK16+A7_4_Q95NJ3+A7_5_J9UU49+A7_6_A4HGX7","RLIVSAGRDNVIRVW","2.71","IVSAGRDNV","I_464.5+N_332.3","a7","I+N","data/set2/a7_iedbii.csv"
"HLA-DRB3*01:01+HLA-DPA1*01:03/DPB1*02:01+HLA-DRB1*11:01+HLA-DRB5*01:01+DRB1_1501+DRB3_0101","6+1+2+3+4+5+A7_1_LACK1+A7_2_LACK2+A7_3_E9BK16+A7_4_Q95NJ3+A7_5_J9UU49+A7_6_A4HGX7","SAINQIAFSPNRFWM","6.36","IAFSPNRFW","I_67.2","a7","I+N","data/set2/a7_iedbii.csv"
"HLA-DRB3*01:01+HLA-DRB1*04:01+HLA-DRB1*03:01+DRB3_0101","1+2+3+4+5+6+A7_1_LACK1+A7_2_LACK2+A7_3_E9BK16+A7_4_Q95NJ3+A7_5_J9UU49+A7_6_A4HGX7","SIAWSADGNTLYSGH","0.55","WSADGNTLY","I_10.4+I_217+I_161.1+N_183.35","a7","I+N","data/set2/a7_iedbii.csv"
"HLA-DRB1*07:01+HLA-DRB1*04:05+HLA-DRB1*12:01+DRB1_0901","1+2+3+4+5+6+A7_1_LACK1+A7_2_LACK2+A7_3_E9BK16+A7_4_Q95NJ3+A7_5_J9UU49+A7_6_A4HGX7","SICFSPSLEHPIVVS","3.45","FSPSLEHPI","I_18.2+I_112.7","a7","I+N","data/set2/a7_iedbii.csv"
"HLA-DRB1*04:01+HLA-DRB1*04:05+HLA-DRB1*08:02+HLA-DRB1*11:01+DRB1_0401+DRB1_0405+DRB1_0901","1+2+3+4+5+6+A7_1_LACK1+A7_2_LACK2+A7_3_E9BK16+A7_4_Q95NJ3+A7_5_J9UU49+A7_6_A4HGX7","SNYVSTVTVSPDGSL","1.19","YVSTVTVSP","I_44+I_899.3+N_109.81+N_138.63+N_192.55","a7","I+N","data/set2/a7_iedbii.csv"
"HLA-DRB1*03:01+DRB1_0301","1+2+3+4+5+6+A7_1_LACK1+A7_2_LACK2+A7_3_E9BK16+A7_4_Q95NJ3+A7_5_J9UU49+A7_6_A4HGX7","SPDDRLIVSAGRDNV","2.71","IVSAGRDNV","I_4635.4","a7","I+N","data/set2/a7_iedbii.csv"
"HLA-DRB3*01:01+HLA-DPA1*01:03/DPB1*02:01+HLA-DRB1*11:01+HLA-DRB5*01:01+DRB1_1501+DRB3_0101","6+1+2+3+4+5+A7_1_LACK1+A7_2_LACK2+A7_3_E9BK16+A7_4_Q95NJ3+A7_5_J9UU49+A7_6_A4HGX7","SPINQIAFSPNRFWM","6.46","IAFSPNRFW","I_68.6","a7","I+N","data/set2/a7_iedbii.csv"
"HLA-DRB1*03:01+HLA-DRB1*04:01+HLA-DRB1*12:01+DRB1_0301+DRB1_1101+DRB1_1201","1+2+3+4+5+6+A7_1_LACK1+A7_2_LACK2+A7_3_E9BK16+A7_4_Q95NJ3+A7_5_J9UU49+A7_6_A4HGX7","SQRKFLKHTKDVLAV","7.6","FLKHTKDVL","I_184+I_933.9+I_759+N_12.56","a7","I+N","data/set2/a7_iedbii.csv"
"HLA-DRB1*09:01+HLA-DRB1*07:01+HLA-DRB1*08:02+HLA-DRB1*04:01+DRB1_0101+DRB1_0401+DRB1_0405+DRB1_0701+DRB1_0802+DRB1_1302+DRB3_0202+DRB4_0101","1+2+3+4+5+6+A7_1_LACK1+A7_2_LACK2+A7_3_E9BK16+A7_4_Q95NJ3+A7_5_J9UU49+A7_6_A4HGX7","SQRKFLKHTKDVLAV","5.81","LKHTKDVLA","I_30.6+N_95.99+N_439.5+N_166.08","a7","I+N","data/set2/a7_iedbii.csv"
"HLA-DRB1*07:01+HLA-DRB1*04:05+HLA-DRB1*12:01+DRB1_0901","1+2+3+4+5+6+A7_1_LACK1+A7_2_LACK2+A7_3_E9BK16+A7_4_Q95NJ3+A7_5_J9UU49+A7_6_A4HGX7","SSICFSPSLEHPIVV","2.85","FSPSLEHPI","I_15.2+I_102+N_207.37","a7","I+N","data/set2/a7_iedbii.csv"
"HLA-DRB1*03:01+HLA-DRB5*01:01+HLA-DRB1*04:01+HLA-DRB1*11:01+DRB1_0301","1+2+3+4+5+6+A7_1_LACK1+A7_2_LACK2+A7_3_E9BK16+A7_4_Q95NJ3+A7_5_J9UU49+A7_6_A4HGX7","SSICFSPSLEHPIVV","9.87","ICFSPSLEH","I_699.7","a7","I+N","data/set2/a7_iedbii.csv"
"HLA-DRB1*08:02+HLA-DRB1*04:05+DRB1_0401+DRB1_0405+DRB1_0802","1+2+3+4+5+6+A7_1_LACK1+A7_2_LACK2+A7_3_E9BK16+A7_4_Q95NJ3+A7_5_J9UU49+A7_6_A4HGX7","SYIKVVSTSRDGTAI","0.76","IKVVSTSRD","I_49.6+I_32.9+N_127.79+N_142.18","a7","I+N","data/set2/a7_iedbii.csv"
"HLA-DRB1*07:01+HLA-DRB3*01:01+HLA-DRB1*09:01+HLA-DRB1*08:02+HLA-DRB5*01:01+HLA-DRB1*04:01+HLA-DRB1*04:05+HLA-DRB1*15:01+HLA-DRB1*03:01+DRB1_0101+DRB1_0401+DRB1_0405+DRB1_0701+DRB1_0802+DRB1_0901+DRB1_1101+DRB3_0202+DRB5_0101","1+2+3+4+5+6+A7_1_LACK1+A7_2_LACK2+A7_3_E9BK16+A7_4_Q95NJ3+A7_5_J9UU49+A7_6_A4HGX7","SYIKVVSTSRDGTAI","6.9","YIKVVSTSR","I_37.9+I_6.3+I_34.1+I_1951.4+N_103.3+N_347.32+N_39.49+N_177.95+N_16.9","a7","I+N","data/set2/a7_iedbii.csv"
"HLA-DRB1*03:01+DRB1_0301+DRB3_0101","1+2+3+4+5+6+A7_1_LACK1+A7_2_LACK2+A7_3_E9BK16+A7_4_Q95NJ3+A7_5_J9UU49+A7_6_A4HGX7","TASWDRSIRMWDLRN","8.69","ASWDRSIRM","I_227.3","a7","I+N","data/set2/a7_iedbii.csv"
"HLA-DRB1*03:01+DRB1_0301+DRB3_0101","1+2+3+4+5+6+A7_1_LACK1+A7_2_LACK2+A7_3_E9BK16+A7_4_Q95NJ3+A7_5_J9UU49+A7_6_A4HGX7","TDYALTASWDRSIRM","8","ASWDRSIRM","N_586.07","a7","I+N","data/set2/a7_netmhciipan.csv"
"HLA-DRB1*07:01+HLA-DRB1*09:01+HLA-DRB5*01:01+HLA-DRB1*04:01+DRB1_0701+DRB1_0901+DRB5_0101","1+2+3+4+5+6+A7_1_LACK1+A7_2_LACK2+A7_3_E9BK16+A7_4_Q95NJ3+A7_5_J9UU49+A7_6_A4HGX7","TDYALTASWDRSIRM","3.9","YALTASWDR","I_20.3+I_143.1+I_7+I_279.4+N_156.82+N_42.8","a7","I+N","data/set2/a7_iedbii.csv"
"HLA-DRB3*01:01+HLA-DRB1*07:01+HLA-DRB1*11:01+HLA-DRB1*04:01+HLA-DRB5*01:01+HLA-DRB1*04:05+HLA-DRB1*08:02+DRB1_0401+DRB1_0405+DRB1_0701+DRB1_0802+DRB1_0901+DRB1_1101+DRB5_0101","1+2+3+4+5+6+A7_1_LACK1+A7_2_LACK2+A7_3_E9BK16+A7_4_Q95NJ3+A7_5_J9UU49+A7_6_A4HGX7","TGFVSCVSLAHATDY","6.22","FVSCVSLAH","I_2085.5+I_77.9+I_65.2+I_41.7+N_185.19+N_136.69+N_93.37+N_184.39+N_87.39","a7","I+N","data/set2/a7_iedbii.csv"
"HLA-DRB3*01:01+HLA-DRB1*03:01+HLA-DRB1*11:01+DRB1_0301+DRB3_0101","1+2+3+4+5+6+A7_1_LACK1+A7_2_LACK2+A7_3_E9BK16+A7_4_Q95NJ3+A7_5_J9UU49+A7_6_A4HGX7","VAFSPDDRLIVSAGR","2.32","FSPDDRLIV","I_39.3+I_31.8+I_242+N_132.65+N_192.28","a7","I+N","data/set2/a7_iedbii.csv"
"HLA-DRB3*01:01+HLA-DRB1*03:01+HLA-DRB1*11:01+DRB1_0301+DRB3_0101","1+2+3+4+5+6+A7_1_LACK1+A7_2_LACK2+A7_3_E9BK16+A7_4_Q95NJ3+A7_5_J9UU49+A7_6_A4HGX7","VLAVAFSPDDRLIVS","0.9","FSPDDRLIV","I_15+I_19.9+I_704.6+N_104.52+N_144.89","a7","I+N","data/set2/a7_iedbii.csv"
"HLA-DRB1*07:01+HLA-DRB1*04:05+HLA-DRB1*12:01+DRB1_0901","1+2+3+4+5+6+A7_1_LACK1+A7_2_LACK2+A7_3_E9BK16+A7_4_Q95NJ3+A7_5_J9UU49+A7_6_A4HGX7","VSSICFSPSLEHPIV","2.88","FSPSLEHPI","I_15.3+I_91.4","a7","I+N","data/set2/a7_iedbii.csv"
"HLA-DRB1*03:01+HLA-DRB5*01:01+HLA-DRB1*04:01+HLA-DRB1*11:01+DRB1_0301","1+2+3+4+5+6+A7_1_LACK1+A7_2_LACK2+A7_3_E9BK16+A7_4_Q95NJ3+A7_5_J9UU49+A7_6_A4HGX7","VSSICFSPSLEHPIV","8.09","ICFSPSLEH","I_202.5+I_492.4+N_315.24","a7","I+N","data/set2/a7_iedbii.csv"
"HLA-DRB3*01:01+HLA-DRB1*04:01+HLA-DRB1*03:01+DRB3_0101","1+2+3+4+5+6+A7_1_LACK1+A7_2_LACK2+A7_3_E9BK16+A7_4_Q95NJ3+A7_5_J9UU49+A7_6_A4HGX7","WSADGNTLYSGHKDN","4.18","WSADGNTLY","I_89.8","a7","I+N","data/set2/a7_iedbii.csv"
"HLA-DRB1*07:01+HLA-DRB1*04:05+HLA-DRB1*12:01+DRB1_0901","1+2+3+4+5+6+A7_1_LACK1+A7_2_LACK2+A7_3_E9BK16+A7_4_Q95NJ3+A7_5_J9UU49+A7_6_A4HGX7","WVSSICFSPSLEHPI","3.23","FSPSLEHPI","I_17.1+I_102","a7","I+N","data/set2/a7_iedbii.csv"
"HLA-DRB1*03:01+HLA-DRB5*01:01+HLA-DRB1*04:01+HLA-DRB1*11:01+DRB1_0301","1+2+3+4+5+6+A7_1_LACK1+A7_2_LACK2+A7_3_E9BK16+A7_4_Q95NJ3+A7_5_J9UU49+A7_6_A4HGX7","WVSSICFSPSLEHPI","5.69","ICFSPSLEH","I_386.9+I_376.9+I_675","a7","I+N","data/set2/a7_iedbii.csv"
"HLA-DRB1*03:01+DRB1_0301+DRB3_0101","1+2+3+4+5+6+A7_1_LACK1+A7_2_LACK2+A7_3_E9BK16+A7_4_Q95NJ3+A7_5_J9UU49+A7_6_A4HGX7","YALTASWDRSIRMWD","5.61","ASWDRSIRM","I_117.4+N_276.38+N_442.33","a7","I+N","data/set2/a7_iedbii.csv"
"HLA-DRB1*07:01+HLA-DRB1*09:01+HLA-DRB5*01:01+HLA-DRB1*04:01+DRB1_0701+DRB1_0901+DRB5_0101","1+2+3+4+5+6+A7_1_LACK1+A7_2_LACK2+A7_3_E9BK16+A7_4_Q95NJ3+A7_5_J9UU49+A7_6_A4HGX7","YALTASWDRSIRMWD","5.48","YALTASWDR","I_28.7+I_15.3","a7","I+N","data/set2/a7_iedbii.csv"
"HLA-DRB1*08:02+HLA-DRB1*04:05+DRB1_0401+DRB1_0405+DRB1_0802","1+2+3+4+5+6+A7_1_LACK1+A7_2_LACK2+A7_3_E9BK16+A7_4_Q95NJ3+A7_5_J9UU49+A7_6_A4HGX7","YIKVVSTSRDGTAIS","1.47","IKVVSTSRD","I_72.7+I_69.3+N_524.85","a7","I+N","data/set2/a7_iedbii.csv"
"HLA-DRB1*07:01+HLA-DRB3*01:01+HLA-DRB1*09:01+HLA-DRB1*08:02+HLA-DRB5*01:01+HLA-DRB1*04:01+HLA-DRB1*04:05+HLA-DRB1*15:01+HLA-DRB1*03:01+DRB1_0101+DRB1_0401+DRB1_0405+DRB1_0701+DRB1_0802+DRB1_0901+DRB1_1101+DRB3_0202+DRB5_0101","1+2+3+4+5+6+A7_1_LACK1+A7_2_LACK2+A7_3_E9BK16+A7_4_Q95NJ3+A7_5_J9UU49+A7_6_A4HGX7","YIKVVSTSRDGTAIS","5.18","YIKVVSTSR","I_17990.5+I_51+I_9.6+I_56+N_83.49+N_47.48","a7","I+N","data/set2/a7_iedbii.csv"
"HLA-DRB1*04:01+HLA-DRB1*04:05+HLA-DRB1*08:02+HLA-DRB1*11:01+DRB1_0401+DRB1_0405+DRB1_0901","1+2+3+4+5+6+A7_1_LACK1+A7_2_LACK2+A7_3_E9BK16+A7_4_Q95NJ3+A7_5_J9UU49+A7_6_A4HGX7","YVSTVTVSPDGSLCA","3.65","YVSTVTVSP","I_91.6","a7","I+N","data/set2/a7_iedbii.csv"
