"protein","supertype","peptide","predictor","seq_num","score","file","middle","blast","blast_info","middle2"
"a7","I_A01","ACPQQAGSY","I+S","LACK1+LACK2+3+4+5+6+A7_1","I_565","data/a7_iedb.csv","CPQQA-SY","-CPQQASY-","NP_005260.1 zinc finger protein GLI1 isoform 1 [Homo sapiens]  XP_011536491.1 PREDICTED: zinc finger protein GLI1 isoform X1 [Homo sapiens]","-CPQQA-SY"
"a7","I_A02","ALLWDLSTG","I+S","LACK1+LACK2+3+4+5+6+A7_1","I_148","data/a7_iedb.csv","ALLWDL","ALLWDL---","NP_001080.2 ATP-binding cassette sub-family A member 3 [Homo sapiens]","ALLWDL---"
"a7","I_B58","ASWDRSIRM","I+S","LACK1+LACK2+3+4+5+6+A7_1","I_21","data/a7_iedb.csv","SWDRSI","-SWDRSI--","NP_689824.2 leucine-rich repeat neuronal protein 4 precursor [Homo sapiens]","-SWDRSI--"
"a7","I_A03","AVAFSPDDR","I+S","LACK1+LACK2+3+4+5+6+A7_1","I_98","data/a7_iedb.csv","A-AFSPDDR","AAFSPDDR-","XP_016878512.1 PREDICTED: WD repeat-containing protein 90 isoform X1 [Homo sapiens]","A-AFSPDDR"
"a7","I_B07+N_B07","CPQQAGSYI","I+N+S","LACK1+LACK2+3+4+5+6+A7_3_E9BK16+A7_4_Q95NJ3+A7_5_J9UU49+A7_6_A4HGX7+A7_1","I_95+I_629+I_203+N_84.0065+N_65.9","data/a7_iedb.csv","CPQQA-SY","CPQQASY--","NP_005260.1 zinc finger protein GLI1 isoform 1 [Homo sapiens]  XP_011536491.1 PREDICTED: zinc finger protein GLI1 isoform X1 [Homo sapiens]","CPQQA-SY-"
"a7","I_B08+N_B08","DNLIRVWSI","I+N+S","LACK1+LACK2+3+4+5+6+A7_3_E9BK16+A7_4_Q95NJ3+A7_5_J9UU49+A7_6_A4HGX7+A7_1","I_208+N_530.2911+N_1000.1","data/a7_iedb.csv","DNL+RVW","DNL+RVW--","NP_006089.1 receptor of activated protein C kinase 1 [Homo sapiens]","DNL+RVW--"
"a7","I_A03","DRLIVSAGR","I+S","LACK1+LACK2+3+4+5+6+A7_1","I_246","data/a7_iedb.csv","DRLIV--AGR","DRLIVAGR-","NP_004716.1 mitotic checkpoint protein BUB3 isoform a [Homo sapiens]","DRLIV--AGR"
"a7","I_A02+N_B08","FLKHTKDVL","I+N+S","LACK1+LACK2+3+4+5+6+A7_3_E9BK16+A7_4_Q95NJ3+A7_5_J9UU49+A7_6_A4HGX7+A7_1","I_368+N_388.4872+N_272.6","data/a7_iedb.csv","FLKHTK","FLKHTK---","NP_060606.3 abnormal spindle-like microcephaly-associated protein isoform  1 [Homo sapiens]","FLKHTK---"
"a7","I_B07","FVSCVSLAH","I+S","LACK1+LACK2+3+4+5+6+A7_1","I_84","data/a7_iedb.csv","FV-----CVSLAH","FVCVSLAH-","XP_011524280.1 PREDICTED: laminin subunit alpha-3 isoform X1 [Homo sapiens]","FV-----CVSLAH"
"a7","I_A03","GSLCASGGK","I+S","LACK1+LACK2+3+4+5+6+A7_1","I_168+I_86","data/a7_iedb.csv","GSLCASGGK","GSLCASGGK","NP_006089.1 receptor of activated protein C kinase 1 [Homo sapiens]","GSLCASGGK"
"a7","I_A02","GSWDNTIKV","I+S","LACK1+LACK2+3+4+5+6+A7_1","I_45","data/a7_iedb.csv","GSWD-TIKV","GSWDTIKV-","NP_733828.2 WD repeat-containing protein 17 isoform 1 [Homo sapiens]","GSWD-TIKV"
"a7","I_B07","HATDYALTA","I+S","LACK1+LACK2+3+4+5+6+A7_1","I_304","data/a7_iedb.csv","ATD+ALT","-ATD+ALT-","XP_016872500.1 PREDICTED: deleted in malignant brain tumors 1 protein [Homo  sapiens]","-ATD+ALT-"
"a7","I_B44","HEDWVSSIC","I+S","LACK1+LACK2+3+4+5+6+A7_1","I_113","data/a7_iedb.csv","H+DW+SSI","H+DW+SSI-","NP_060726.3 ribosome biogenesis protein WDR12 [Homo sapiens]","H+DW+SSI-"
"a7","I_A02+N_B08","HLKGHRGWV","I+N+S","LACK1+LACK2+3+4+5+6+A7_3_E9BK16+A7_4_Q95NJ3+A7_5_J9UU49+A7_6_A4HGX7+A7_1","I_25+N_277.0256+N_735.8","data/a7_iedb.csv","LKGH-GWV","-LKGHGWV-","NP_006089.1 receptor of activated protein C kinase 1 [Homo sapiens]","-LKGH-GWV"
"a7","I_B07+I_B58","HPIVVSGSW","I+S","LACK1+LACK2+3+4+5+6+A7_1","I_71+I_159+I_29+I_510","data/a7_iedb.csv","H-+VV-GSW","H+VVGSW--","NP_001034568.1 apoptosis-resistant E3 ubiquitin protein ligase 1 [Homo sapiens]  XP_011535717.1 PREDICTED: apoptosis-resistant E3 ubiquitin protein ligase 1  isoform X1 [Homo sapiens]","H-+VV-GSW"
"a7","I_B27+N_B27","HRLEGHTGF","I+N+S","LACK1+LACK2+3+4+5+6+A7_3_E9BK16+A7_4_Q95NJ3+A7_5_J9UU49+A7_6_A4HGX7+A7_1","I_90+N_218.6401+N_83.4","data/a7_iedb.csv","HRL-GHT","HRLGHT---","NP_872358.4 WD repeat-containing protein 27 isoform 1 [Homo sapiens]","HRL-GHT--"
"a7","I_B58","HSVDSDYGL","I+S","LACK1+LACK2+3+4+5+6+A7_1","I_8","data/a7_iedb.csv","HS-DSDY","HSDSDY---","NP_942595.1 BMP-2-inducible protein kinase isoform a [Homo sapiens]","HS-DSDY--"
"a7","I_A03","HTKDVLAVA","I+S","LACK1+LACK2+3+4+5+6+A7_1","I_20","data/a7_iedb.csv","HTKDVL-VA","HTKDVLVA-","NP_006089.1 receptor of activated protein C kinase 1 [Homo sapiens]","HTKDVL-VA"
"a7","I_B07+I_B58+N_B58","IAFSPNRFW","I+N+S","LACK1+LACK2+3+4+5+6+A7_3_E9BK16+A7_4_Q95NJ3+A7_5_J9UU49+A7_6_A4HGX7+A7_1","I_9+I_103+I_14+I_12+N_4.1985+N_6.3","data/a7_iedb.csv","FSPNR+W","--FSPNR+W","NP_006089.1 receptor of activated protein C kinase 1 [Homo sapiens]","--FSPNR+W"
"a7","I_B07+I_B58+N_B07","LAHATDYAL","I+N+S","LACK1+LACK2+3+4+5+6+A7_3_E9BK16+A7_4_Q95NJ3+A7_5_J9UU49+A7_6_A4HGX7+A7_1","I_41+I_8+N_631.6181+N_1311","data/a7_iedb.csv","AHATDY","-AHATDY--","XP_011509205.1 PREDICTED: coiled-coil domain-containing protein 108 isoform  X1 [Homo sapiens]  XP_011509206.1 PREDICTED: coiled-coil domain-containing protein 108 isoform  X1 [Homo sapiens]","-AHATDY--"
"a7","I_B44","LESKAVIAE","I+S","LACK1+LACK2+3+4+5+6+A7_1","I_434","data/a7_iedb.csv","L+SKAVI","L+SKAVI--","NP_001254479.2 titin isoform IC [Homo sapiens]","L+SKAVI--"
"a7","I_B58","LTASWDRSI","I+S","LACK1+LACK2+3+4+5+6+A7_1","I_97","data/a7_iedb.csv","SWDRSI","---SWDRSI","NP_689824.2 leucine-rich repeat neuronal protein 4 precursor [Homo sapiens]","---SWDRSI"
"a7","I_A03","NQIAFSPNR","I+S","LACK1+LACK2+3+4+5+6+A7_1","I_269+I_135","data/a7_iedb.csv","IAFSPN","--IAFSPN-","NP_065734.5 transmembrane and immunoglobulin domain containing 3 isoform  1 [Homo sapiens]","--IAFSPN-"
"a7","I_B27+N_B27","QRKFLKHTK","I+N+S","LACK1+LACK2+3+4+5+6+A7_3_E9BK16+A7_4_Q95NJ3+A7_5_J9UU49+A7_6_A4HGX7+A7_1","I_150+N_513.0272+N_580.6","data/a7_iedb.csv","QRK-LKHTK","QRKLKHTK-","NP_116564.2 nuclear RNA export factor 5 [Homo sapiens]","QRK-LKHTK"
"a7","I_A02","RLEGHTGFV","I+S","LACK1+LACK2+3+4+5+6+A7_1","I_11+I_9","data/a7_iedb.csv","RL-GHT-FV","RLGHTFV--","NP_004805.2 U5 small nuclear ribonucleoprotein 40 kDa protein [Homo sapiens]","RL-GHT-FV"
"a7","I_A02+I_A03","RMWDLRNGQ","I+S","LACK1+LACK2+3+4+5+6+A7_1","I_147+I_264","data/a7_iedb.csv","RM-DLRN","RMDLRN---","NP_000703.2 biliverdin reductase A precursor [Homo sapiens]  NP_001240752.1 biliverdin reductase A precursor [Homo sapiens]  XP_011513776.1 PREDICTED: biliverdin reductase A isoform X1 [Homo sapiens]  XP_016868009.1 PREDICTED: biliverdin reductase A isoform X1 [Homo sapiens]","RM-DLRN--"
"a7","I_A03","RSIRMWDLR","I+S","LACK1+LACK2+3+4+5+6+A7_1","I_98+I_9","data/a7_iedb.csv","I-MWDLR","--IMWDLR-","NP_001070675.1 protein transport protein Sec31A isoform 1 [Homo sapiens]  NP_001305049.1 protein transport protein Sec31A isoform 1 [Homo sapiens]","-I-MWDLR-"
"a7","I_A01+I_A03+I_B58+I_B62+N_B58+N_B62","RTLKGHSNY","I+N+S","LACK1+LACK2+3+4+5+6+A7_3_E9BK16+A7_4_Q95NJ3+A7_5_J9UU49+A7_6_A4HGX7+A7_1","I_200+I_264+I_54+I_191+I_3+I_325+I_262+N_252.8021+N_203.2016+N_140.7+N_170.2","data/a7_iedb.csv","TLKGHSNY","-TLKGHSNY","NP_060058.1 WD repeat-containing protein 5 [Homo sapiens]  NP_438172.1 WD repeat-containing protein 5 [Homo sapiens]  XP_005272220.1 PREDICTED: WD repeat-containing protein 5 isoform X1 [Homo sapiens]","-TLKGHSNY"
"a7","I_B44","SECISIAWS","I+S","LACK1+LACK2+3+4+5+6+A7_1","I_132","data/a7_iedb.csv","EC+SI-W","-EC+SIW--","NP_003033.3 sodium- and chloride-dependent GABA transporter 1 isoform a [Homo  sapiens]  NP_001335179.1 sodium- and chloride-dependent GABA transporter 1 isoform a [Homo  sapiens]  XP_005265467.1 PREDICTED: sodium- and chloride-dependent GABA transporter 1  isoform X1 [Homo sapiens]  XP_005265468.1 PREDICTED: sodium- and chloride-dependent GABA transporter 1  isoform X1 [Homo sapiens]  XP_011532327.1 PREDICTED: sodium- and chloride-dependent GABA transporter 1  isoform X1 [Homo sapiens]  XP_011532329.1 PREDICTED: sodium- and chloride-dependent GABA transporter 1  isoform X1 [Homo sapiens]  XP_016862560.1 PREDICTED: sodium- and chloride-dependent GABA transporter 1  isoform X1 [Homo sapiens]  XP_016862561.1 PREDICTED: sodium- and chloride-dependent GABA transporter 1  isoform X1 [Homo sapiens]","-EC+SI-W-"
"a7","I_A02+N_A02","SLAHATDYA","I+N+S","LACK1+LACK2+3+4+5+6+A7_3_E9BK16+A7_4_Q95NJ3+A7_5_J9UU49+A7_6_A4HGX7+A7_1","I_64+I_4+I_8+N_101.8198+N_135.5","data/a7_iedb.csv","AHATDY","--AHATDY-","XP_011509205.1 PREDICTED: coiled-coil domain-containing protein 108 isoform  X1 [Homo sapiens]  XP_011509206.1 PREDICTED: coiled-coil domain-containing protein 108 isoform  X1 [Homo sapiens]","--AHATDY-"
"a7","I_B07+N_B07","SPNRFWMCV","I+N+S","LACK1+LACK2+3+4+5+6+A7_3_E9BK16+A7_4_Q95NJ3+A7_5_J9UU49+A7_6_A4HGX7+A7_1","I_324+N_244.9903+N_263.6","data/a7_iedb.csv","SPNR+W+C","SPNR+W+C-","NP_006089.1 receptor of activated protein C kinase 1 [Homo sapiens]","SPNR+W+C-"
"a7","I_A03+I_B58+I_B62","SSICFSPSL","I+S","LACK1+LACK2+3+4+5+6+A7_1","I_65+I_408+I_28","data/a7_iedb.csv","SICFSPS","-SICFSPS-","XP_016871153.1 PREDICTED: arf-GAP with GTPase, ANK repeat and PH domain-containing  protein 4 isoform X1 [Homo sapiens]","-SICFSPS-"
"a7","I_A02","SVYDLESKA","I+S","LACK1+LACK2+3+4+5+6+A7_1","I_185","data/a7_iedb.csv","YDLE-KA","--YDLEKA-","NP_006008.1 prominin-1 isoform 1 precursor [Homo sapiens]  XP_011512192.1 PREDICTED: prominin-1 isoform X1 [Homo sapiens]  XP_011512194.1 PREDICTED: prominin-1 isoform X1 [Homo sapiens]  XP_011512195.1 PREDICTED: prominin-1 isoform X1 [Homo sapiens]  XP_011512196.1 PREDICTED: prominin-1 isoform X1 [Homo sapiens]  XP_011512197.1 PREDICTED: prominin-1 isoform X1 [Homo sapiens]  XP_011512198.1 PREDICTED: prominin-1 isoform X1 [Homo sapiens]  XP_011512199.1 PREDICTED: prominin-1 isoform X1 [Homo sapiens]","--YDLE-KA"
"a7","I_A03","TASWDRSIR","I+S","LACK1+LACK2+3+4+5+6+A7_1","I_313+I_259+I_13","data/a7_iedb.csv","SWDRSI","--SWDRSI-","NP_689824.2 leucine-rich repeat neuronal protein 4 precursor [Homo sapiens]","--SWDRSI-"
"a7","I_B44+I_B58","TDYALTASW","I+S","LACK1+LACK2+3+4+5+6+A7_1","I_83+I_582","data/a7_iedb.csv","DYAL--ASW","-DYALASW-","XP_011507723.1 PREDICTED: acyl-coenzyme A thioesterase THEM5 isoform X1 [Homo  sapiens]","DYAL--ASW"
"a7","I_A02+I_B08+N_A02+N_B08","TLKGHSNYV","I+N+S","LACK1+LACK2+3+4+5+6+A7_3_E9BK16+A7_4_Q95NJ3+A7_5_J9UU49+A7_6_A4HGX7+A7_1","I_3+I_61+I_444+N_204.5517+N_132.385+N_304.8+N_534.5","data/a7_iedb.csv","TLKGHSNYV","TLKGHSNYV","NP_060058.1 WD repeat-containing protein 5 [Homo sapiens]  NP_438172.1 WD repeat-containing protein 5 [Homo sapiens]  XP_005272220.1 PREDICTED: WD repeat-containing protein 5 isoform X1 [Homo sapiens]","TLKGHSNYV"
"a7","I_A24+I_B07+I_B58+N_B58","VAGECMHEF","I+N+S","LACK1+LACK2+3+4+5+6+A7_3_E9BK16+A7_4_Q95NJ3+A7_5_J9UU49+A7_6_A4HGX7+A7_1","I_370+I_219+I_101+N_423.7314+N_393.6","data/a7_iedb.csv","VAGECM","VAGECM---","XP_005245867.1 PREDICTED: probable cation-transporting ATPase 13A2 isoform X1  [Homo sapiens]","VAGECM---"
"a7","I_A01+I_B58","VSLAHATDY","I+S","LACK1+LACK2+3+4+5+6+A7_1","I_126+I_7+I_278","data/a7_iedb.csv","AHATDY","---AHATDY","XP_011509205.1 PREDICTED: coiled-coil domain-containing protein 108 isoform  X1 [Homo sapiens]  XP_011509206.1 PREDICTED: coiled-coil domain-containing protein 108 isoform  X1 [Homo sapiens]","---AHATDY"
"a7","I_B58","VTVSPDGSL","I+S","LACK1+LACK2+3+4+5+6+A7_1","I_7","data/a7_iedb.csv","VTVSPDGSL","VTVSPDGSL","NP_006089.1 receptor of activated protein C kinase 1 [Homo sapiens]","VTVSPDGSL"
"a7","I_A01+I_A26+I_B07+I_B58+I_B62+N_A01+N_A26+N_B62","WSADGNTLY","I+N+S","LACK1+LACK2+3+4+5+6+A7_3_E9BK16+A7_4_Q95NJ3+A7_5_J9UU49+A7_6_A4HGX7+A7_1","I_10+I_575+I_148+I_90+I_12+I_14+I_320+N_108.7973+N_271.3066+N_13.9038+N_16.2+N_255.6+N_85.8","data/a7_iedb.csv","WSADG-TL+","WSADGTL+-","NP_006089.1 receptor of activated protein C kinase 1 [Homo sapiens]","WSADG-TL+"
"a7","I_A03","YALTASWDR","I+S","LACK1+LACK2+3+4+5+6+A7_1","I_150+I_74","data/a7_iedb.csv","A-TASWDR","-ATASWDR-","NP_054742.2 WD repeat-containing protein 37 [Homo sapiens]","A-TASWDR-"
"a7","I_A03","YIKVVSTSR","I+S","LACK1+LACK2+3+4+5+6+A7_1","I_64+I_23+I_30","data/a7_iedb.csv","YIK--STSR","YIKSTSR--","NP_068579.3 exocyst complex component 4 isoform a [Homo sapiens]","YIK--STSR"
"a7","N_B07","KPSECISIA","N+S","LACK1+LACK2+A7_3_E9BK16+A7_4_Q95NJ3+A7_5_J9UU49+A7_6_A4HGX7+A7_1","N_565.2654+N_276.9","data/a7_netmhcpan.csv","PSECIS","-PSECIS--","NP_060089.1 RNA-binding protein 40 [Homo sapiens]","-PSECIS--"
"a7","N_B07","SPSLEHPIV","N+S","LACK1+LACK2+A7_3_E9BK16+A7_4_Q95NJ3+A7_5_J9UU49+A7_6_A4HGX7+A7_1","N_580.4692+N_424.6","data/a7_netmhcpan.csv","PSL+HPI","-PSL+HPI-","NP_002908.1 beta-1,3-N-acetylglucosaminyltransferase radical fringe precursor  [Homo sapiens]","-PSL+HPI-"
