"peptide","middle","middle2","subject","m_1","m_2","m_3","m_4","m_5","m_6","m_7","m_8","m_9","protein","supertype","predictor","seq_num","score","blast_info","file"
"ACPQQAGSY","CPQQA-SY","-CPQQA-SY","-CPQQASY-",FALSE,TRUE,TRUE,TRUE,TRUE,TRUE,FALSE,TRUE,TRUE,"a7","I_A01","I+S","LACK1+LACK2+3+4+5+6+A7_1","I_565","NP_005260.1 zinc finger protein GLI1 isoform 1 [Homo sapiens]  XP_011536491.1 PREDICTED: zinc finger protein GLI1 isoform X1 [Homo sapiens]","data/a7_iedb.csv"
"ALLWDLSTG","ALLWDL","ALLWDL---","ALLWDL---",TRUE,TRUE,TRUE,TRUE,TRUE,TRUE,FALSE,FALSE,FALSE,"a7","I_A02","I+S","LACK1+LACK2+3+4+5+6+A7_1","I_148","NP_001080.2 ATP-binding cassette sub-family A member 3 [Homo sapiens]","data/a7_iedb.csv"
"ASWDRSIRM","SWDRSI","-SWDRSI--","-SWDRSI--",FALSE,TRUE,TRUE,TRUE,TRUE,TRUE,TRUE,FALSE,FALSE,"a7","I_B58","I+S","LACK1+LACK2+3+4+5+6+A7_1","I_21","NP_689824.2 leucine-rich repeat neuronal protein 4 precursor [Homo sapiens]","data/a7_iedb.csv"
"AVAFSPDDR","A-AFSPDDR","A-AFSPDDR","AAFSPDDR-",TRUE,FALSE,TRUE,TRUE,TRUE,TRUE,TRUE,TRUE,TRUE,"a7","I_A03","I+S","LACK1+LACK2+3+4+5+6+A7_1","I_98","XP_016878512.1 PREDICTED: WD repeat-containing protein 90 isoform X1 [Homo sapiens]","data/a7_iedb.csv"
"CPQQAGSYI","CPQQA-SY","CPQQA-SY-","CPQQASY--",TRUE,TRUE,TRUE,TRUE,TRUE,FALSE,TRUE,TRUE,FALSE,"a7","I_B07+N_B07","I+N+S","LACK1+LACK2+3+4+5+6+A7_3_E9BK16+A7_4_Q95NJ3+A7_5_J9UU49+A7_6_A4HGX7+A7_1","I_95+I_629+I_203+N_84.0065+N_65.9","NP_005260.1 zinc finger protein GLI1 isoform 1 [Homo sapiens]  XP_011536491.1 PREDICTED: zinc finger protein GLI1 isoform X1 [Homo sapiens]","data/a7_iedb.csv"
"DNLIRVWSI","DNL+RVW","DNL+RVW--","DNL+RVW--",TRUE,TRUE,TRUE,TRUE,TRUE,TRUE,TRUE,FALSE,FALSE,"a7","I_B08+N_B08","I+N+S","LACK1+LACK2+3+4+5+6+A7_3_E9BK16+A7_4_Q95NJ3+A7_5_J9UU49+A7_6_A4HGX7+A7_1","I_208+N_530.2911+N_1000.1","NP_006089.1 receptor of activated protein C kinase 1 [Homo sapiens]","data/a7_iedb.csv"
"DRLIVSAGR","DRLIV--AGR","DRLIV--AGR","DRLIVAGR-",TRUE,TRUE,TRUE,TRUE,TRUE,FALSE,FALSE,FALSE,FALSE,"a7","I_A03","I+S","LACK1+LACK2+3+4+5+6+A7_1","I_246","NP_004716.1 mitotic checkpoint protein BUB3 isoform a [Homo sapiens]","data/a7_iedb.csv"
"FLKHTKDVL","FLKHTK","FLKHTK---","FLKHTK---",TRUE,TRUE,TRUE,TRUE,TRUE,TRUE,FALSE,FALSE,FALSE,"a7","I_A02+N_B08","I+N+S","LACK1+LACK2+3+4+5+6+A7_3_E9BK16+A7_4_Q95NJ3+A7_5_J9UU49+A7_6_A4HGX7+A7_1","I_368+N_388.4872+N_272.6","NP_060606.3 abnormal spindle-like microcephaly-associated protein isoform  1 [Homo sapiens]","data/a7_iedb.csv"
"FVSCVSLAH","FV-----CVSLAH","FV-----CVSLAH","FVCVSLAH-",TRUE,TRUE,FALSE,FALSE,FALSE,FALSE,FALSE,FALSE,FALSE,"a7","I_B07","I+S","LACK1+LACK2+3+4+5+6+A7_1","I_84","XP_011524280.1 PREDICTED: laminin subunit alpha-3 isoform X1 [Homo sapiens]","data/a7_iedb.csv"
"GSLCASGGK","GSLCASGGK","GSLCASGGK","GSLCASGGK",TRUE,TRUE,TRUE,TRUE,TRUE,TRUE,TRUE,TRUE,TRUE,"a7","I_A03","I+S","LACK1+LACK2+3+4+5+6+A7_1","I_168+I_86","NP_006089.1 receptor of activated protein C kinase 1 [Homo sapiens]","data/a7_iedb.csv"
"GSWDNTIKV","GSWD-TIKV","GSWD-TIKV","GSWDTIKV-",TRUE,TRUE,TRUE,TRUE,FALSE,TRUE,TRUE,TRUE,TRUE,"a7","I_A02","I+S","LACK1+LACK2+3+4+5+6+A7_1","I_45","NP_733828.2 WD repeat-containing protein 17 isoform 1 [Homo sapiens]","data/a7_iedb.csv"
"HATDYALTA","ATD+ALT","-ATD+ALT-","-ATD+ALT-",FALSE,TRUE,TRUE,TRUE,TRUE,TRUE,TRUE,TRUE,FALSE,"a7","I_B07","I+S","LACK1+LACK2+3+4+5+6+A7_1","I_304","XP_016872500.1 PREDICTED: deleted in malignant brain tumors 1 protein [Homo  sapiens]","data/a7_iedb.csv"
"HEDWVSSIC","H+DW+SSI","H+DW+SSI-","H+DW+SSI-",TRUE,TRUE,TRUE,TRUE,TRUE,TRUE,TRUE,TRUE,FALSE,"a7","I_B44","I+S","LACK1+LACK2+3+4+5+6+A7_1","I_113","NP_060726.3 ribosome biogenesis protein WDR12 [Homo sapiens]","data/a7_iedb.csv"
"HLKGHRGWV","LKGH-GWV","-LKGH-GWV","-LKGHGWV-",FALSE,TRUE,TRUE,TRUE,TRUE,FALSE,TRUE,TRUE,TRUE,"a7","I_A02+N_B08","I+N+S","LACK1+LACK2+3+4+5+6+A7_3_E9BK16+A7_4_Q95NJ3+A7_5_J9UU49+A7_6_A4HGX7+A7_1","I_25+N_277.0256+N_735.8","NP_006089.1 receptor of activated protein C kinase 1 [Homo sapiens]","data/a7_iedb.csv"
"HPIVVSGSW","H-+VV-GSW","H-+VV-GSW","H+VVGSW--",TRUE,FALSE,TRUE,TRUE,TRUE,FALSE,TRUE,TRUE,TRUE,"a7","I_B07+I_B58","I+S","LACK1+LACK2+3+4+5+6+A7_1","I_71+I_159+I_29+I_510","NP_001034568.1 apoptosis-resistant E3 ubiquitin protein ligase 1 [Homo sapiens]  XP_011535717.1 PREDICTED: apoptosis-resistant E3 ubiquitin protein ligase 1  isoform X1 [Homo sapiens]","data/a7_iedb.csv"
"HRLEGHTGF","HRL-GHT","HRL-GHT--","HRLGHT---",TRUE,TRUE,TRUE,FALSE,TRUE,TRUE,TRUE,FALSE,FALSE,"a7","I_B27+N_B27","I+N+S","LACK1+LACK2+3+4+5+6+A7_3_E9BK16+A7_4_Q95NJ3+A7_5_J9UU49+A7_6_A4HGX7+A7_1","I_90+N_218.6401+N_83.4","NP_872358.4 WD repeat-containing protein 27 isoform 1 [Homo sapiens]","data/a7_iedb.csv"
"HSVDSDYGL","HS-DSDY","HS-DSDY--","HSDSDY---",TRUE,TRUE,FALSE,TRUE,TRUE,TRUE,TRUE,FALSE,FALSE,"a7","I_B58","I+S","LACK1+LACK2+3+4+5+6+A7_1","I_8","NP_942595.1 BMP-2-inducible protein kinase isoform a [Homo sapiens]","data/a7_iedb.csv"
"HTKDVLAVA","HTKDVL-VA","HTKDVL-VA","HTKDVLVA-",TRUE,TRUE,TRUE,TRUE,TRUE,TRUE,FALSE,TRUE,TRUE,"a7","I_A03","I+S","LACK1+LACK2+3+4+5+6+A7_1","I_20","NP_006089.1 receptor of activated protein C kinase 1 [Homo sapiens]","data/a7_iedb.csv"
"IAFSPNRFW","FSPNR+W","--FSPNR+W","--FSPNR+W",FALSE,FALSE,TRUE,TRUE,TRUE,TRUE,TRUE,TRUE,TRUE,"a7","I_B07+I_B58+N_B58","I+N+S","LACK1+LACK2+3+4+5+6+A7_3_E9BK16+A7_4_Q95NJ3+A7_5_J9UU49+A7_6_A4HGX7+A7_1","I_9+I_103+I_14+I_12+N_4.1985+N_6.3","NP_006089.1 receptor of activated protein C kinase 1 [Homo sapiens]","data/a7_iedb.csv"
"LAHATDYAL","AHATDY","-AHATDY--","-AHATDY--",FALSE,TRUE,TRUE,TRUE,TRUE,TRUE,TRUE,FALSE,FALSE,"a7","I_B07+I_B58+N_B07","I+N+S","LACK1+LACK2+3+4+5+6+A7_3_E9BK16+A7_4_Q95NJ3+A7_5_J9UU49+A7_6_A4HGX7+A7_1","I_41+I_8+N_631.6181+N_1311","XP_011509205.1 PREDICTED: coiled-coil domain-containing protein 108 isoform  X1 [Homo sapiens]  XP_011509206.1 PREDICTED: coiled-coil domain-containing protein 108 isoform  X1 [Homo sapiens]","data/a7_iedb.csv"
"LESKAVIAE","L+SKAVI","L+SKAVI--","L+SKAVI--",TRUE,TRUE,TRUE,TRUE,TRUE,TRUE,TRUE,FALSE,FALSE,"a7","I_B44","I+S","LACK1+LACK2+3+4+5+6+A7_1","I_434","NP_001254479.2 titin isoform IC [Homo sapiens]","data/a7_iedb.csv"
"LTASWDRSI","SWDRSI","---SWDRSI","---SWDRSI",FALSE,FALSE,FALSE,TRUE,TRUE,TRUE,TRUE,TRUE,TRUE,"a7","I_B58","I+S","LACK1+LACK2+3+4+5+6+A7_1","I_97","NP_689824.2 leucine-rich repeat neuronal protein 4 precursor [Homo sapiens]","data/a7_iedb.csv"
"NQIAFSPNR","IAFSPN","--IAFSPN-","--IAFSPN-",FALSE,FALSE,TRUE,TRUE,TRUE,TRUE,TRUE,TRUE,FALSE,"a7","I_A03","I+S","LACK1+LACK2+3+4+5+6+A7_1","I_269+I_135","NP_065734.5 transmembrane and immunoglobulin domain containing 3 isoform  1 [Homo sapiens]","data/a7_iedb.csv"
"QRKFLKHTK","QRK-LKHTK","QRK-LKHTK","QRKLKHTK-",TRUE,TRUE,TRUE,FALSE,TRUE,TRUE,TRUE,TRUE,TRUE,"a7","I_B27+N_B27","I+N+S","LACK1+LACK2+3+4+5+6+A7_3_E9BK16+A7_4_Q95NJ3+A7_5_J9UU49+A7_6_A4HGX7+A7_1","I_150+N_513.0272+N_580.6","NP_116564.2 nuclear RNA export factor 5 [Homo sapiens]","data/a7_iedb.csv"
"RLEGHTGFV","RL-GHT-FV","RL-GHT-FV","RLGHTFV--",TRUE,TRUE,FALSE,TRUE,TRUE,TRUE,FALSE,TRUE,TRUE,"a7","I_A02","I+S","LACK1+LACK2+3+4+5+6+A7_1","I_11+I_9","NP_004805.2 U5 small nuclear ribonucleoprotein 40 kDa protein [Homo sapiens]","data/a7_iedb.csv"
"RMWDLRNGQ","RM-DLRN","RM-DLRN--","RMDLRN---",TRUE,TRUE,FALSE,TRUE,TRUE,TRUE,TRUE,FALSE,FALSE,"a7","I_A02+I_A03","I+S","LACK1+LACK2+3+4+5+6+A7_1","I_147+I_264","NP_000703.2 biliverdin reductase A precursor [Homo sapiens]  NP_001240752.1 biliverdin reductase A precursor [Homo sapiens]  XP_011513776.1 PREDICTED: biliverdin reductase A isoform X1 [Homo sapiens]  XP_016868009.1 PREDICTED: biliverdin reductase A isoform X1 [Homo sapiens]","data/a7_iedb.csv"
"RSIRMWDLR","I-MWDLR","-I-MWDLR-","--IMWDLR-",FALSE,FALSE,FALSE,FALSE,FALSE,FALSE,FALSE,FALSE,FALSE,"a7","I_A03","I+S","LACK1+LACK2+3+4+5+6+A7_1","I_98+I_9","NP_001070675.1 protein transport protein Sec31A isoform 1 [Homo sapiens]  NP_001305049.1 protein transport protein Sec31A isoform 1 [Homo sapiens]","data/a7_iedb.csv"
"RTLKGHSNY","TLKGHSNY","-TLKGHSNY","-TLKGHSNY",FALSE,TRUE,TRUE,TRUE,TRUE,TRUE,TRUE,TRUE,TRUE,"a7","I_A01+I_A03+I_B58+I_B62+N_B58+N_B62","I+N+S","LACK1+LACK2+3+4+5+6+A7_3_E9BK16+A7_4_Q95NJ3+A7_5_J9UU49+A7_6_A4HGX7+A7_1","I_200+I_264+I_54+I_191+I_3+I_325+I_262+N_252.8021+N_203.2016+N_140.7+N_170.2","NP_060058.1 WD repeat-containing protein 5 [Homo sapiens]  NP_438172.1 WD repeat-containing protein 5 [Homo sapiens]  XP_005272220.1 PREDICTED: WD repeat-containing protein 5 isoform X1 [Homo sapiens]","data/a7_iedb.csv"
"SECISIAWS","EC+SI-W","-EC+SI-W-","-EC+SIW--",FALSE,TRUE,TRUE,TRUE,TRUE,TRUE,FALSE,TRUE,FALSE,"a7","I_B44","I+S","LACK1+LACK2+3+4+5+6+A7_1","I_132","NP_003033.3 sodium- and chloride-dependent GABA transporter 1 isoform a [Homo  sapiens]  NP_001335179.1 sodium- and chloride-dependent GABA transporter 1 isoform a [Homo  sapiens]  XP_005265467.1 PREDICTED: sodium- and chloride-dependent GABA transporter 1  isoform X1 [Homo sapiens]  XP_005265468.1 PREDICTED: sodium- and chloride-dependent GABA transporter 1  isoform X1 [Homo sapiens]  XP_011532327.1 PREDICTED: sodium- and chloride-dependent GABA transporter 1  isoform X1 [Homo sapiens]  XP_011532329.1 PREDICTED: sodium- and chloride-dependent GABA transporter 1  isoform X1 [Homo sapiens]  XP_016862560.1 PREDICTED: sodium- and chloride-dependent GABA transporter 1  isoform X1 [Homo sapiens]  XP_016862561.1 PREDICTED: sodium- and chloride-dependent GABA transporter 1  isoform X1 [Homo sapiens]","data/a7_iedb.csv"
"SLAHATDYA","AHATDY","--AHATDY-","--AHATDY-",FALSE,FALSE,TRUE,TRUE,TRUE,TRUE,TRUE,TRUE,FALSE,"a7","I_A02+N_A02","I+N+S","LACK1+LACK2+3+4+5+6+A7_3_E9BK16+A7_4_Q95NJ3+A7_5_J9UU49+A7_6_A4HGX7+A7_1","I_64+I_4+I_8+N_101.8198+N_135.5","XP_011509205.1 PREDICTED: coiled-coil domain-containing protein 108 isoform  X1 [Homo sapiens]  XP_011509206.1 PREDICTED: coiled-coil domain-containing protein 108 isoform  X1 [Homo sapiens]","data/a7_iedb.csv"
"SPNRFWMCV","SPNR+W+C","SPNR+W+C-","SPNR+W+C-",TRUE,TRUE,TRUE,TRUE,TRUE,TRUE,TRUE,TRUE,FALSE,"a7","I_B07+N_B07","I+N+S","LACK1+LACK2+3+4+5+6+A7_3_E9BK16+A7_4_Q95NJ3+A7_5_J9UU49+A7_6_A4HGX7+A7_1","I_324+N_244.9903+N_263.6","NP_006089.1 receptor of activated protein C kinase 1 [Homo sapiens]","data/a7_iedb.csv"
"SSICFSPSL","SICFSPS","-SICFSPS-","-SICFSPS-",FALSE,TRUE,TRUE,TRUE,TRUE,TRUE,TRUE,TRUE,FALSE,"a7","I_A03+I_B58+I_B62","I+S","LACK1+LACK2+3+4+5+6+A7_1","I_65+I_408+I_28","XP_016871153.1 PREDICTED: arf-GAP with GTPase, ANK repeat and PH domain-containing  protein 4 isoform X1 [Homo sapiens]","data/a7_iedb.csv"
"SVYDLESKA","YDLE-KA","--YDLE-KA","--YDLEKA-",FALSE,FALSE,TRUE,TRUE,TRUE,TRUE,FALSE,TRUE,TRUE,"a7","I_A02","I+S","LACK1+LACK2+3+4+5+6+A7_1","I_185","NP_006008.1 prominin-1 isoform 1 precursor [Homo sapiens]  XP_011512192.1 PREDICTED: prominin-1 isoform X1 [Homo sapiens]  XP_011512194.1 PREDICTED: prominin-1 isoform X1 [Homo sapiens]  XP_011512195.1 PREDICTED: prominin-1 isoform X1 [Homo sapiens]  XP_011512196.1 PREDICTED: prominin-1 isoform X1 [Homo sapiens]  XP_011512197.1 PREDICTED: prominin-1 isoform X1 [Homo sapiens]  XP_011512198.1 PREDICTED: prominin-1 isoform X1 [Homo sapiens]  XP_011512199.1 PREDICTED: prominin-1 isoform X1 [Homo sapiens]","data/a7_iedb.csv"
"TASWDRSIR","SWDRSI","--SWDRSI-","--SWDRSI-",FALSE,FALSE,TRUE,TRUE,TRUE,TRUE,TRUE,TRUE,FALSE,"a7","I_A03","I+S","LACK1+LACK2+3+4+5+6+A7_1","I_313+I_259+I_13","NP_689824.2 leucine-rich repeat neuronal protein 4 precursor [Homo sapiens]","data/a7_iedb.csv"
"TDYALTASW","DYAL--ASW","DYAL--ASW","-DYALASW-",FALSE,FALSE,FALSE,FALSE,FALSE,FALSE,TRUE,TRUE,TRUE,"a7","I_B44+I_B58","I+S","LACK1+LACK2+3+4+5+6+A7_1","I_83+I_582","XP_011507723.1 PREDICTED: acyl-coenzyme A thioesterase THEM5 isoform X1 [Homo  sapiens]","data/a7_iedb.csv"
"TLKGHSNYV","TLKGHSNYV","TLKGHSNYV","TLKGHSNYV",TRUE,TRUE,TRUE,TRUE,TRUE,TRUE,TRUE,TRUE,TRUE,"a7","I_A02+I_B08+N_A02+N_B08","I+N+S","LACK1+LACK2+3+4+5+6+A7_3_E9BK16+A7_4_Q95NJ3+A7_5_J9UU49+A7_6_A4HGX7+A7_1","I_3+I_61+I_444+N_204.5517+N_132.385+N_304.8+N_534.5","NP_060058.1 WD repeat-containing protein 5 [Homo sapiens]  NP_438172.1 WD repeat-containing protein 5 [Homo sapiens]  XP_005272220.1 PREDICTED: WD repeat-containing protein 5 isoform X1 [Homo sapiens]","data/a7_iedb.csv"
"VAGECMHEF","VAGECM","VAGECM---","VAGECM---",TRUE,TRUE,TRUE,TRUE,TRUE,TRUE,FALSE,FALSE,FALSE,"a7","I_A24+I_B07+I_B58+N_B58","I+N+S","LACK1+LACK2+3+4+5+6+A7_3_E9BK16+A7_4_Q95NJ3+A7_5_J9UU49+A7_6_A4HGX7+A7_1","I_370+I_219+I_101+N_423.7314+N_393.6","XP_005245867.1 PREDICTED: probable cation-transporting ATPase 13A2 isoform X1  [Homo sapiens]","data/a7_iedb.csv"
"VSLAHATDY","AHATDY","---AHATDY","---AHATDY",FALSE,FALSE,FALSE,TRUE,TRUE,TRUE,TRUE,TRUE,TRUE,"a7","I_A01+I_B58","I+S","LACK1+LACK2+3+4+5+6+A7_1","I_126+I_7+I_278","XP_011509205.1 PREDICTED: coiled-coil domain-containing protein 108 isoform  X1 [Homo sapiens]  XP_011509206.1 PREDICTED: coiled-coil domain-containing protein 108 isoform  X1 [Homo sapiens]","data/a7_iedb.csv"
"VTVSPDGSL","VTVSPDGSL","VTVSPDGSL","VTVSPDGSL",TRUE,TRUE,TRUE,TRUE,TRUE,TRUE,TRUE,TRUE,TRUE,"a7","I_B58","I+S","LACK1+LACK2+3+4+5+6+A7_1","I_7","NP_006089.1 receptor of activated protein C kinase 1 [Homo sapiens]","data/a7_iedb.csv"
"WSADGNTLY","WSADG-TL+","WSADG-TL+","WSADGTL+-",TRUE,TRUE,TRUE,TRUE,TRUE,FALSE,TRUE,TRUE,TRUE,"a7","I_A01+I_A26+I_B07+I_B58+I_B62+N_A01+N_A26+N_B62","I+N+S","LACK1+LACK2+3+4+5+6+A7_3_E9BK16+A7_4_Q95NJ3+A7_5_J9UU49+A7_6_A4HGX7+A7_1","I_10+I_575+I_148+I_90+I_12+I_14+I_320+N_108.7973+N_271.3066+N_13.9038+N_16.2+N_255.6+N_85.8","NP_006089.1 receptor of activated protein C kinase 1 [Homo sapiens]","data/a7_iedb.csv"
"YALTASWDR","A-TASWDR","A-TASWDR-","-ATASWDR-",FALSE,FALSE,FALSE,FALSE,FALSE,FALSE,FALSE,FALSE,FALSE,"a7","I_A03","I+S","LACK1+LACK2+3+4+5+6+A7_1","I_150+I_74","NP_054742.2 WD repeat-containing protein 37 [Homo sapiens]","data/a7_iedb.csv"
"YIKVVSTSR","YIK--STSR","YIK--STSR","YIKSTSR--",TRUE,TRUE,TRUE,FALSE,FALSE,TRUE,TRUE,TRUE,TRUE,"a7","I_A03","I+S","LACK1+LACK2+3+4+5+6+A7_1","I_64+I_23+I_30","NP_068579.3 exocyst complex component 4 isoform a [Homo sapiens]","data/a7_iedb.csv"
"KPSECISIA","PSECIS","-PSECIS--","-PSECIS--",FALSE,TRUE,TRUE,TRUE,TRUE,TRUE,TRUE,FALSE,FALSE,"a7","N_B07","N+S","LACK1+LACK2+A7_3_E9BK16+A7_4_Q95NJ3+A7_5_J9UU49+A7_6_A4HGX7+A7_1","N_565.2654+N_276.9","NP_060089.1 RNA-binding protein 40 [Homo sapiens]","data/a7_netmhcpan.csv"
"SPSLEHPIV","PSL+HPI","-PSL+HPI-","-PSL+HPI-",FALSE,TRUE,TRUE,TRUE,TRUE,TRUE,TRUE,TRUE,FALSE,"a7","N_B07","N+S","LACK1+LACK2+A7_3_E9BK16+A7_4_Q95NJ3+A7_5_J9UU49+A7_6_A4HGX7+A7_1","N_580.4692+N_424.6","NP_002908.1 beta-1,3-N-acetylglucosaminyltransferase radical fringe precursor  [Homo sapiens]","data/a7_netmhcpan.csv"
