"peptide","middle","middle2","subject","m_1","m_2","m_3","m_4","m_5","m_6","m_7","m_8","m_9","protein","predictor","seq_num","score","blast_info","file"
"LLWDLSTGE","CPQQA-SY","-CPQQA-SY","-CPQQASY-",FALSE,FALSE,FALSE,FALSE,FALSE,FALSE,FALSE,FALSE,FALSE,"a7","I+N","1+2+3+4+5+6+A7_1_LACK1+A7_2_LACK2+A7_3_E9BK16+A7_4_Q95NJ3+A7_5_J9UU49+A7_6_A4HGX7","I_47.8+I_144+I_237.6+N_422.35","NP_005260.1 zinc finger protein GLI1 isoform 1 [Homo sapiens]  XP_011536491.1 PREDICTED: zinc finger protein GLI1 isoform X1 [Homo sapiens]","data/set2/a7_iedbii.csv"
"WDLSTGEQL","ALLWDL","ALLWDL---","ALLWDL---",FALSE,FALSE,TRUE,FALSE,FALSE,FALSE,FALSE,FALSE,FALSE,"a7","I+N","1+2+3+4+5+6+A7_1_LACK1+A7_2_LACK2+A7_3_E9BK16+A7_4_Q95NJ3+A7_5_J9UU49+A7_6_A4HGX7","I_23.9+N_108.45+N_155.4","NP_001080.2 ATP-binding cassette sub-family A member 3 [Homo sapiens]","data/set2/a7_iedbii.csv"
"LLWDLSTGE","SWDRSI","-SWDRSI--","-SWDRSI--",FALSE,FALSE,TRUE,TRUE,FALSE,TRUE,FALSE,FALSE,FALSE,"a7","I+N","1+2+3+4+5+6+A7_1_LACK1+A7_2_LACK2+A7_3_E9BK16+A7_4_Q95NJ3+A7_5_J9UU49+A7_6_A4HGX7","I_44.9+I_143.5+I_238.2+N_412.62","NP_689824.2 leucine-rich repeat neuronal protein 4 precursor [Homo sapiens]","data/set2/a7_iedbii.csv"
"WDLSTGEQL","A-AFSPDDR","A-AFSPDDR","AAFSPDDR-",FALSE,FALSE,FALSE,FALSE,FALSE,FALSE,FALSE,FALSE,FALSE,"a7","I+N","1+2+3+4+5+6+A7_1_LACK1+A7_2_LACK2+A7_3_E9BK16+A7_4_Q95NJ3+A7_5_J9UU49+A7_6_A4HGX7","I_23.1+N_101.37+N_146.77","XP_016878512.1 PREDICTED: WD repeat-containing protein 90 isoform X1 [Homo sapiens]","data/set2/a7_iedbii.csv"
"FSPDDRLIV","CPQQA-SY","CPQQA-SY-","CPQQASY--",FALSE,FALSE,FALSE,FALSE,FALSE,FALSE,FALSE,FALSE,FALSE,"a7","I+N","1+2+3+4+5+6+A7_1_LACK1+A7_2_LACK2+A7_3_E9BK16+A7_4_Q95NJ3+A7_5_J9UU49+A7_6_A4HGX7","I_84+I_66.4+I_345.1+N_231.83+N_325.27","NP_005260.1 zinc finger protein GLI1 isoform 1 [Homo sapiens]  XP_011536491.1 PREDICTED: zinc finger protein GLI1 isoform X1 [Homo sapiens]","data/set2/a7_iedbii.csv"
"FSPNRFWMC","DNL+RVW","DNL+RVW--","DNL+RVW--",FALSE,FALSE,FALSE,TRUE,TRUE,FALSE,TRUE,FALSE,FALSE,"a7","I+N","1+2+3+4+5+6+A7_1_LACK1+A7_2_LACK2+A7_3_E9BK16+A7_4_Q95NJ3+A7_5_J9UU49+A7_6_A4HGX7","I_24.6+I_39.4+I_3393.3","NP_006089.1 receptor of activated protein C kinase 1 [Homo sapiens]","data/set2/a7_iedbii.csv"
"FSPNRFWMC","DRLIV--AGR","DRLIV--AGR","DRLIVAGR-",FALSE,FALSE,FALSE,FALSE,FALSE,FALSE,FALSE,FALSE,FALSE,"a7","I+N","1+2+3+4+5+6+A7_1_LACK1+A7_2_LACK2+A7_3_E9BK16+A7_4_Q95NJ3+A7_5_J9UU49+A7_6_A4HGX7","I_41.3","NP_004716.1 mitotic checkpoint protein BUB3 isoform a [Homo sapiens]","data/set2/a7_iedbii.csv"
"IKVVSTSRD","FLKHTK","FLKHTK---","FLKHTK---",FALSE,FALSE,FALSE,FALSE,FALSE,FALSE,FALSE,FALSE,FALSE,"a7","I+N","1+2+3+4+5+6+A7_1_LACK1+A7_2_LACK2+A7_3_E9BK16+A7_4_Q95NJ3+A7_5_J9UU49+A7_6_A4HGX7","I_22.9","NP_060606.3 abnormal spindle-like microcephaly-associated protein isoform  1 [Homo sapiens]","data/set2/a7_iedbii.csv"
"YIKVVSTSR","FV-----CVSLAH","FV-----CVSLAH","FVCVSLAH-",FALSE,FALSE,FALSE,FALSE,FALSE,FALSE,FALSE,FALSE,FALSE,"a7","I+N","1+2+3+4+5+6+A7_1_LACK1+A7_2_LACK2+A7_3_E9BK16+A7_4_Q95NJ3+A7_5_J9UU49+A7_6_A4HGX7","I_30.8+I_109.5+I_39+I_3.4+I_16.9+I_48.1+I_691.4+N_23.09+N_85.99+N_103.67+N_67.18+N_274.5+N_168.82+N_27.89+N_114.49+N_10.97","XP_011524280.1 PREDICTED: laminin subunit alpha-3 isoform X1 [Homo sapiens]","data/set2/a7_iedbii.csv"
"YALTASWDR","GSLCASGGK","GSLCASGGK","GSLCASGGK",FALSE,FALSE,TRUE,FALSE,TRUE,TRUE,FALSE,FALSE,FALSE,"a7","I+N","1+2+3+4+5+6+A7_1_LACK1+A7_2_LACK2+A7_3_E9BK16+A7_4_Q95NJ3+A7_5_J9UU49+A7_6_A4HGX7","I_27+I_8.4+N_203.7","NP_006089.1 receptor of activated protein C kinase 1 [Homo sapiens]","data/set2/a7_iedbii.csv"
"FSPNRFWMC","GSWD-TIKV","GSWD-TIKV","GSWDTIKV-",FALSE,TRUE,FALSE,FALSE,FALSE,FALSE,FALSE,FALSE,FALSE,"a7","I+N","1+2+3+4+5+6+A7_1_LACK1+A7_2_LACK2+A7_3_E9BK16+A7_4_Q95NJ3+A7_5_J9UU49+A7_6_A4HGX7","I_9.4+I_20+N_64.77+N_116.75","NP_733828.2 WD repeat-containing protein 17 isoform 1 [Homo sapiens]","data/set2/a7_iedbii.csv"
"IAFSPNRFW","ATD+ALT","-ATD+ALT-","-ATD+ALT-",FALSE,TRUE,FALSE,FALSE,TRUE,FALSE,FALSE,FALSE,FALSE,"a7","I+N","6+1+2+3+4+5+A7_1_LACK1+A7_2_LACK2+A7_3_E9BK16+A7_4_Q95NJ3+A7_5_J9UU49+A7_6_A4HGX7","N_155.28+N_636.37","XP_016872500.1 PREDICTED: deleted in malignant brain tumors 1 protein [Homo  sapiens]","data/set2/a7_netmhciipan.csv"
"LLWDLSTGE","H+DW+SSI","H+DW+SSI-","H+DW+SSI-",FALSE,TRUE,FALSE,FALSE,TRUE,TRUE,FALSE,FALSE,FALSE,"a7","I+N","1+2+3+4+5+6+A7_1_LACK1+A7_2_LACK2+A7_3_E9BK16+A7_4_Q95NJ3+A7_5_J9UU49+A7_6_A4HGX7","I_72.2+N_488.46","NP_060726.3 ribosome biogenesis protein WDR12 [Homo sapiens]","data/set2/a7_iedbii.csv"
"WDLSTGEQL","LKGH-GWV","-LKGH-GWV","-LKGHGWV-",FALSE,FALSE,FALSE,FALSE,FALSE,FALSE,FALSE,FALSE,FALSE,"a7","I+N","1+2+3+4+5+6+A7_1_LACK1+A7_2_LACK2+A7_3_E9BK16+A7_4_Q95NJ3+A7_5_J9UU49+A7_6_A4HGX7","I_22.1+N_91.88+N_141.1","NP_006089.1 receptor of activated protein C kinase 1 [Homo sapiens]","data/set2/a7_iedbii.csv"
"LLWDLSTGE","H-+VV-GSW","H-+VV-GSW","H+VVGSW--",FALSE,FALSE,TRUE,FALSE,FALSE,FALSE,FALSE,FALSE,FALSE,"a7","I+N","1+2+3+4+5+6+A7_1_LACK1+A7_2_LACK2+A7_3_E9BK16+A7_4_Q95NJ3+A7_5_J9UU49+A7_6_A4HGX7","I_57.7+N_459.71","NP_001034568.1 apoptosis-resistant E3 ubiquitin protein ligase 1 [Homo sapiens]  XP_011535717.1 PREDICTED: apoptosis-resistant E3 ubiquitin protein ligase 1  isoform X1 [Homo sapiens]","data/set2/a7_iedbii.csv"
"WDLSTGEQL","HRL-GHT","HRL-GHT--","HRLGHT---",FALSE,FALSE,TRUE,FALSE,FALSE,FALSE,FALSE,FALSE,FALSE,"a7","I+N","1+2+3+4+5+6+A7_1_LACK1+A7_2_LACK2+A7_3_E9BK16+A7_4_Q95NJ3+A7_5_J9UU49+A7_6_A4HGX7","I_21.2+I_144.3+N_85.7+N_132.9","NP_872358.4 WD repeat-containing protein 27 isoform 1 [Homo sapiens]","data/set2/a7_iedbii.csv"
"ASWDRSIRM","HS-DSDY","HS-DSDY--","HSDSDY---",FALSE,TRUE,FALSE,TRUE,FALSE,FALSE,FALSE,FALSE,FALSE,"a7","I+N","1+2+3+4+5+6+A7_1_LACK1+A7_2_LACK2+A7_3_E9BK16+A7_4_Q95NJ3+A7_5_J9UU49+A7_6_A4HGX7","I_67.1+N_274.71+N_431.04","NP_942595.1 BMP-2-inducible protein kinase isoform a [Homo sapiens]","data/set2/a7_iedbii.csv"
"ASWDRSIRM","HTKDVL-VA","HTKDVL-VA","HTKDVLVA-",FALSE,FALSE,FALSE,TRUE,FALSE,FALSE,FALSE,FALSE,FALSE,"a7","I+N","1+2+3+4+5+6+A7_1_LACK1+A7_2_LACK2+A7_3_E9BK16+A7_4_Q95NJ3+A7_5_J9UU49+A7_6_A4HGX7","I_475.3","NP_006089.1 receptor of activated protein C kinase 1 [Homo sapiens]","data/set2/a7_iedbii.csv"
"YALTASWDR","FSPNR+W","--FSPNR+W","--FSPNR+W",FALSE,FALSE,FALSE,FALSE,FALSE,FALSE,FALSE,TRUE,FALSE,"a7","I+N","1+2+3+4+5+6+A7_1_LACK1+A7_2_LACK2+A7_3_E9BK16+A7_4_Q95NJ3+A7_5_J9UU49+A7_6_A4HGX7","I_19.2+I_114.4+I_4.8+N_98.59+N_132.86+N_36.5","NP_006089.1 receptor of activated protein C kinase 1 [Homo sapiens]","data/set2/a7_iedbii.csv"
"FSPDDRLIV","AHATDY","-AHATDY--","-AHATDY--",FALSE,FALSE,FALSE,FALSE,FALSE,FALSE,FALSE,FALSE,FALSE,"a7","I+N","1+2+3+4+5+6+A7_1_LACK1+A7_2_LACK2+A7_3_E9BK16+A7_4_Q95NJ3+A7_5_J9UU49+A7_6_A4HGX7","I_19.2+I_17.6+I_205.4+N_104.16+N_150.08","XP_011509205.1 PREDICTED: coiled-coil domain-containing protein 108 isoform  X1 [Homo sapiens]  XP_011509206.1 PREDICTED: coiled-coil domain-containing protein 108 isoform  X1 [Homo sapiens]","data/set2/a7_iedbii.csv"
"WSADGNTLY","L+SKAVI","L+SKAVI--","L+SKAVI--",FALSE,TRUE,FALSE,FALSE,FALSE,FALSE,FALSE,FALSE,FALSE,"a7","I+N","1+2+3+4+5+6+A7_1_LACK1+A7_2_LACK2+A7_3_E9BK16+A7_4_Q95NJ3+A7_5_J9UU49+A7_6_A4HGX7","I_37+N_380.92","NP_001254479.2 titin isoform IC [Homo sapiens]","data/set2/a7_iedbii.csv"
"FSPSLEHPI","SWDRSI","---SWDRSI","---SWDRSI",FALSE,FALSE,FALSE,TRUE,FALSE,FALSE,FALSE,FALSE,TRUE,"a7","I+N","1+2+3+4+5+6+A7_1_LACK1+A7_2_LACK2+A7_3_E9BK16+A7_4_Q95NJ3+A7_5_J9UU49+A7_6_A4HGX7","I_54","NP_689824.2 leucine-rich repeat neuronal protein 4 precursor [Homo sapiens]","data/set2/a7_iedbii.csv"
"WSADGNTLY","IAFSPN","--IAFSPN-","--IAFSPN-",FALSE,FALSE,FALSE,FALSE,FALSE,FALSE,FALSE,FALSE,FALSE,"a7","I+N","1+2+3+4+5+6+A7_1_LACK1+A7_2_LACK2+A7_3_E9BK16+A7_4_Q95NJ3+A7_5_J9UU49+A7_6_A4HGX7","I_9.3+I_258.9+I_336+N_174.53","NP_065734.5 transmembrane and immunoglobulin domain containing 3 isoform  1 [Homo sapiens]","data/set2/a7_iedbii.csv"
"FLKHTKDVL","QRK-LKHTK","QRK-LKHTK","QRKLKHTK-",FALSE,FALSE,TRUE,FALSE,FALSE,TRUE,FALSE,FALSE,FALSE,"a7","I+N","1+2+3+4+5+6+A7_1_LACK1+A7_2_LACK2+A7_3_E9BK16+A7_4_Q95NJ3+A7_5_J9UU49+A7_6_A4HGX7","I_184.3+I_954.9+I_755+N_12.24","NP_116564.2 nuclear RNA export factor 5 [Homo sapiens]","data/set2/a7_iedbii.csv"
"LKHTKDVLA","RL-GHT-FV","RL-GHT-FV","RLGHTFV--",FALSE,FALSE,FALSE,FALSE,FALSE,FALSE,FALSE,FALSE,FALSE,"a7","I+N","1+2+3+4+5+6+A7_1_LACK1+A7_2_LACK2+A7_3_E9BK16+A7_4_Q95NJ3+A7_5_J9UU49+A7_6_A4HGX7","I_30.8+N_96.44+N_429.74+N_165.83","NP_004805.2 U5 small nuclear ribonucleoprotein 40 kDa protein [Homo sapiens]","data/set2/a7_iedbii.csv"
"IVSAGRDNV","RM-DLRN","RM-DLRN--","RMDLRN---",FALSE,FALSE,FALSE,FALSE,FALSE,TRUE,FALSE,FALSE,FALSE,"a7","I+N","1+2+3+4+5+6+A7_1_LACK1+A7_2_LACK2+A7_3_E9BK16+A7_4_Q95NJ3+A7_5_J9UU49+A7_6_A4HGX7","I_1048","NP_000703.2 biliverdin reductase A precursor [Homo sapiens]  NP_001240752.1 biliverdin reductase A precursor [Homo sapiens]  XP_011513776.1 PREDICTED: biliverdin reductase A isoform X1 [Homo sapiens]  XP_016868009.1 PREDICTED: biliverdin reductase A isoform X1 [Homo sapiens]","data/set2/a7_iedbii.csv"
"LLWDLSTGE","I-MWDLR","-I-MWDLR-","--IMWDLR-",FALSE,FALSE,FALSE,FALSE,FALSE,FALSE,FALSE,FALSE,FALSE,"a7","I+N","1+2+3+4+5+6+A7_1_LACK1+A7_2_LACK2+A7_3_E9BK16+A7_4_Q95NJ3+A7_5_J9UU49+A7_6_A4HGX7","I_72.9+I_196.8+I_241.2+N_513.3","NP_001070675.1 protein transport protein Sec31A isoform 1 [Homo sapiens]  NP_001305049.1 protein transport protein Sec31A isoform 1 [Homo sapiens]","data/set2/a7_iedbii.csv"
"WDLSTGEQL","TLKGHSNY","-TLKGHSNY","-TLKGHSNY",FALSE,FALSE,TRUE,FALSE,FALSE,FALSE,FALSE,FALSE,FALSE,"a7","I+N","1+2+3+4+5+6+A7_1_LACK1+A7_2_LACK2+A7_3_E9BK16+A7_4_Q95NJ3+A7_5_J9UU49+A7_6_A4HGX7","I_20.2","NP_060058.1 WD repeat-containing protein 5 [Homo sapiens]  NP_438172.1 WD repeat-containing protein 5 [Homo sapiens]  XP_005272220.1 PREDICTED: WD repeat-containing protein 5 isoform X1 [Homo sapiens]","data/set2/a7_iedbii.csv"
"IVSAGRDNV","EC+SI-W","-EC+SI-W-","-EC+SIW--",FALSE,FALSE,FALSE,TRUE,FALSE,FALSE,FALSE,FALSE,FALSE,"a7","I+N","1+2+3+4+5+6+A7_1_LACK1+A7_2_LACK2+A7_3_E9BK16+A7_4_Q95NJ3+A7_5_J9UU49+A7_6_A4HGX7","I_436","NP_003033.3 sodium- and chloride-dependent GABA transporter 1 isoform a [Homo  sapiens]  NP_001335179.1 sodium- and chloride-dependent GABA transporter 1 isoform a [Homo  sapiens]  XP_005265467.1 PREDICTED: sodium- and chloride-dependent GABA transporter 1  isoform X1 [Homo sapiens]  XP_005265468.1 PREDICTED: sodium- and chloride-dependent GABA transporter 1  isoform X1 [Homo sapiens]  XP_011532327.1 PREDICTED: sodium- and chloride-dependent GABA transporter 1  isoform X1 [Homo sapiens]  XP_011532329.1 PREDICTED: sodium- and chloride-dependent GABA transporter 1  isoform X1 [Homo sapiens]  XP_016862560.1 PREDICTED: sodium- and chloride-dependent GABA transporter 1  isoform X1 [Homo sapiens]  XP_016862561.1 PREDICTED: sodium- and chloride-dependent GABA transporter 1  isoform X1 [Homo sapiens]","data/set2/a7_iedbii.csv"
"FSPDDRLIV","AHATDY","--AHATDY-","--AHATDY-",FALSE,FALSE,FALSE,FALSE,FALSE,FALSE,FALSE,FALSE,FALSE,"a7","I+N","1+2+3+4+5+6+A7_1_LACK1+A7_2_LACK2+A7_3_E9BK16+A7_4_Q95NJ3+A7_5_J9UU49+A7_6_A4HGX7","I_14.8+I_28.9+I_1369.4+N_176.88+N_212.04","XP_011509205.1 PREDICTED: coiled-coil domain-containing protein 108 isoform  X1 [Homo sapiens]  XP_011509206.1 PREDICTED: coiled-coil domain-containing protein 108 isoform  X1 [Homo sapiens]","data/set2/a7_iedbii.csv"
"ICFSPSLEH","SPNR+W+C","SPNR+W+C-","SPNR+W+C-",FALSE,FALSE,FALSE,FALSE,TRUE,FALSE,TRUE,FALSE,FALSE,"a7","I+N","1+2+3+4+5+6+A7_1_LACK1+A7_2_LACK2+A7_3_E9BK16+A7_4_Q95NJ3+A7_5_J9UU49+A7_6_A4HGX7","I_952.9+I_298.5","NP_006089.1 receptor of activated protein C kinase 1 [Homo sapiens]","data/set2/a7_iedbii.csv"
"ASWDRSIRM","SICFSPS","-SICFSPS-","-SICFSPS-",FALSE,TRUE,FALSE,FALSE,FALSE,TRUE,FALSE,FALSE,FALSE,"a7","I+N","1+2+3+4+5+6+A7_1_LACK1+A7_2_LACK2+A7_3_E9BK16+A7_4_Q95NJ3+A7_5_J9UU49+A7_6_A4HGX7","I_190.2+N_241.98+N_416.44","XP_016871153.1 PREDICTED: arf-GAP with GTPase, ANK repeat and PH domain-containing  protein 4 isoform X1 [Homo sapiens]","data/set2/a7_iedbii.csv"
"YALTASWDR","YDLE-KA","--YDLE-KA","--YDLEKA-",FALSE,FALSE,FALSE,FALSE,FALSE,FALSE,FALSE,FALSE,FALSE,"a7","I+N","1+2+3+4+5+6+A7_1_LACK1+A7_2_LACK2+A7_3_E9BK16+A7_4_Q95NJ3+A7_5_J9UU49+A7_6_A4HGX7","I_24.8+I_11+N_64","NP_006008.1 prominin-1 isoform 1 precursor [Homo sapiens]  XP_011512192.1 PREDICTED: prominin-1 isoform X1 [Homo sapiens]  XP_011512194.1 PREDICTED: prominin-1 isoform X1 [Homo sapiens]  XP_011512195.1 PREDICTED: prominin-1 isoform X1 [Homo sapiens]  XP_011512196.1 PREDICTED: prominin-1 isoform X1 [Homo sapiens]  XP_011512197.1 PREDICTED: prominin-1 isoform X1 [Homo sapiens]  XP_011512198.1 PREDICTED: prominin-1 isoform X1 [Homo sapiens]  XP_011512199.1 PREDICTED: prominin-1 isoform X1 [Homo sapiens]","data/set2/a7_iedbii.csv"
"WSADGNTLY","SWDRSI","--SWDRSI-","--SWDRSI-",FALSE,FALSE,FALSE,FALSE,FALSE,FALSE,FALSE,FALSE,FALSE,"a7","I+N","1+2+3+4+5+6+A7_1_LACK1+A7_2_LACK2+A7_3_E9BK16+A7_4_Q95NJ3+A7_5_J9UU49+A7_6_A4HGX7","I_9.8+I_289.9+I_614.8+N_294.97","NP_689824.2 leucine-rich repeat neuronal protein 4 precursor [Homo sapiens]","data/set2/a7_iedbii.csv"
"ICFSPSLEH","DYAL--ASW","DYAL--ASW","-DYALASW-",FALSE,FALSE,FALSE,FALSE,FALSE,FALSE,FALSE,FALSE,FALSE,"a7","I+N","1+2+3+4+5+6+A7_1_LACK1+A7_2_LACK2+A7_3_E9BK16+A7_4_Q95NJ3+A7_5_J9UU49+A7_6_A4HGX7","I_1432.9+I_293.8+I_1092.9+I_935","XP_011507723.1 PREDICTED: acyl-coenzyme A thioesterase THEM5 isoform X1 [Homo  sapiens]","data/set2/a7_iedbii.csv"
"FVSCVSLAH","TLKGHSNYV","TLKGHSNYV","TLKGHSNYV",FALSE,FALSE,FALSE,FALSE,FALSE,TRUE,FALSE,FALSE,FALSE,"a7","I+N","1+2+3+4+5+6+A7_1_LACK1+A7_2_LACK2+A7_3_E9BK16+A7_4_Q95NJ3+A7_5_J9UU49+A7_6_A4HGX7","I_51.9+I_170.4+I_89+I_57.5+I_800.1+I_1496.1+N_189.41+N_152.3+N_96.7+N_78.02+N_69.3","NP_060058.1 WD repeat-containing protein 5 [Homo sapiens]  NP_438172.1 WD repeat-containing protein 5 [Homo sapiens]  XP_005272220.1 PREDICTED: WD repeat-containing protein 5 isoform X1 [Homo sapiens]","data/set2/a7_iedbii.csv"
"LKHTKDVLA","VAGECM","VAGECM---","VAGECM---",FALSE,FALSE,FALSE,FALSE,FALSE,FALSE,FALSE,FALSE,FALSE,"a7","I+N","1+2+3+4+5+6+A7_1_LACK1+A7_2_LACK2+A7_3_E9BK16+A7_4_Q95NJ3+A7_5_J9UU49+A7_6_A4HGX7","I_76.8","XP_005245867.1 PREDICTED: probable cation-transporting ATPase 13A2 isoform X1  [Homo sapiens]","data/set2/a7_iedbii.csv"
"FSPDDRLIV","AHATDY","---AHATDY","---AHATDY",FALSE,FALSE,FALSE,FALSE,FALSE,FALSE,FALSE,FALSE,FALSE,"a7","I+N","1+2+3+4+5+6+A7_1_LACK1+A7_2_LACK2+A7_3_E9BK16+A7_4_Q95NJ3+A7_5_J9UU49+A7_6_A4HGX7","I_200.2+I_168+I_462.2","XP_011509205.1 PREDICTED: coiled-coil domain-containing protein 108 isoform  X1 [Homo sapiens]  XP_011509206.1 PREDICTED: coiled-coil domain-containing protein 108 isoform  X1 [Homo sapiens]","data/set2/a7_iedbii.csv"
"FSPNRFWMC","VTVSPDGSL","VTVSPDGSL","VTVSPDGSL",FALSE,FALSE,FALSE,FALSE,FALSE,FALSE,FALSE,FALSE,FALSE,"a7","I+N","1+2+3+4+5+6+A7_1_LACK1+A7_2_LACK2+A7_3_E9BK16+A7_4_Q95NJ3+A7_5_J9UU49+A7_6_A4HGX7","I_80.7+I_4529.2","NP_006089.1 receptor of activated protein C kinase 1 [Homo sapiens]","data/set2/a7_iedbii.csv"
"FSPNRFWMC","WSADG-TL+","WSADG-TL+","WSADGTL+-",FALSE,TRUE,FALSE,FALSE,FALSE,FALSE,FALSE,FALSE,TRUE,"a7","I+N","1+2+3+4+5+6+A7_1_LACK1+A7_2_LACK2+A7_3_E9BK16+A7_4_Q95NJ3+A7_5_J9UU49+A7_6_A4HGX7","I_97.3","NP_006089.1 receptor of activated protein C kinase 1 [Homo sapiens]","data/set2/a7_iedbii.csv"
"FVSCVSLAH","A-TASWDR","A-TASWDR-","-ATASWDR-",FALSE,FALSE,FALSE,FALSE,FALSE,FALSE,FALSE,FALSE,FALSE,"a7","I+N","1+2+3+4+5+6+A7_1_LACK1+A7_2_LACK2+A7_3_E9BK16+A7_4_Q95NJ3+A7_5_J9UU49+A7_6_A4HGX7","I_66+I_104.6+I_190.5","NP_054742.2 WD repeat-containing protein 37 [Homo sapiens]","data/set2/a7_iedbii.csv"
"LLWDLSTGE","YIK--STSR","YIK--STSR","YIKSTSR--",FALSE,FALSE,FALSE,FALSE,FALSE,TRUE,TRUE,FALSE,FALSE,"a7","I+N","1+2+3+4+5+6+A7_1_LACK1+A7_2_LACK2+A7_3_E9BK16+A7_4_Q95NJ3+A7_5_J9UU49+A7_6_A4HGX7","I_32+I_141.8+I_181.7+N_400.24","NP_068579.3 exocyst complex component 4 isoform a [Homo sapiens]","data/set2/a7_iedbii.csv"
"WDLSTGEQL","PSECIS","-PSECIS--","-PSECIS--",FALSE,FALSE,FALSE,FALSE,FALSE,FALSE,FALSE,FALSE,FALSE,"a7","I+N","1+2+3+4+5+6+A7_1_LACK1+A7_2_LACK2+A7_3_E9BK16+A7_4_Q95NJ3+A7_5_J9UU49+A7_6_A4HGX7","I_18.7+N_187.32","NP_060089.1 RNA-binding protein 40 [Homo sapiens]","data/set2/a7_iedbii.csv"
"FVSCVSLAH","PSL+HPI","-PSL+HPI-","-PSL+HPI-",FALSE,FALSE,TRUE,FALSE,TRUE,FALSE,FALSE,FALSE,FALSE,"a7","I+N","1+2+3+4+5+6+A7_1_LACK1+A7_2_LACK2+A7_3_E9BK16+A7_4_Q95NJ3+A7_5_J9UU49+A7_6_A4HGX7","I_54.1+I_116.1+I_85.3+N_169.76+N_108.09+N_193.9","NP_002908.1 beta-1,3-N-acetylglucosaminyltransferase radical fringe precursor  [Homo sapiens]","data/set2/a7_iedbii.csv"
