"peptide";"middle";"middle2";"subject";"m_1";"m_2";"m_3";"m_4";"m_5";"m_6";"m_7";"m_8";"m_9";"protein";"supertype";"predictor";"seq_num";"score";"blast_info";"file";"Pro_id";"Hydrophobicity";"MW";"Half_life";"pI";"mismatch";"promiscuity";"Num_predictor";"hasI";"hasN";"hasS";"scoreN";"HLA_restriction";"anchormm"
"AAYYKYDSL";"A-YYKY";"A-YYKY---";"AYYKY----";TRUE;FALSE;TRUE;TRUE;TRUE;TRUE;FALSE;FALSE;FALSE;"b19";"I_B08+I_B27+I_B58+N_B08";"I+N+S";"1+2+3+4+5+B19_1_A4HTE9+B19_2_E9B964+B19_3_Q4QIM7+B19_4_E9AL77+B19_5_A4H515+B19_1";"I_B0801_544.79+I_B1402_331.94+I_B1517_90.62+N_B0801_385.9";"XP_005253612.1 PREDICTED: dynein heavy chain 10, axonemal isoform X1 [Homo sapiens]";"data/classI/b19_iedb.csv";"id1";-0.5221;1093.201;4.4;5.87;4;1;3;TRUE;TRUE;TRUE;385.9;"B08";1
"AETMLLMKH";"AE-MLLM";"AE-MLLM--";"AEMLLM---";TRUE;TRUE;FALSE;TRUE;TRUE;TRUE;TRUE;FALSE;FALSE;"b19";"I_B44";"I+S";"1+2+3+4+5+B19_1";"I_B4403_303.4";"NP_057535.1 coatomer subunit beta [Homo sapiens]  NP_001137533.1 coatomer subunit beta [Homo sapiens]  NP_001137534.1 coatomer subunit beta [Homo sapiens]";"data/classI/b19_iedb.csv";"id2";0.2111;1073.334;4.4;6.79;3;0;2;TRUE;FALSE;TRUE;NA;NA;NA
"AIFENMYNQ";"FE+MYN";"--FE+MYN-";"--FE+MYN-";FALSE;FALSE;TRUE;TRUE;TRUE;TRUE;TRUE;TRUE;FALSE;"b19";"I_A02";"I+S";"1+2+3+4+5+B19_1";"I_A0211_445.94";"XP_011541349.1 PREDICTED: centrosomal protein of 295 kDa isoform X1 [Homo sapiens]";"data/classI/b19_iedb.csv";"id3";-0.4777;1129.252;4.4;3.99;3;0;2;TRUE;FALSE;TRUE;NA;NA;NA
"AILLTYDPF";"AILL-----TYDP";"AILL-----TYDP";"AILLTYDP-";TRUE;TRUE;TRUE;TRUE;FALSE;FALSE;FALSE;FALSE;FALSE;"b19";"I_B62+N_B62";"I+N+S";"1+2+3+4+5+B19_1_A4HTE9+B19_2_E9B964+B19_3_Q4QIM7+B19_4_E9AL77+B19_5_A4H515+B19_1";"I_B1501_482.35+N_B1501_203.5";"NP_001017536.1 vitamin D3 receptor isoform VDRB1 [Homo sapiens]";"data/classI/b19_iedb.csv";"id4";1.0667;1052.235;4.4;3.79;5;1;3;TRUE;TRUE;TRUE;203.5;"B62";1
"ALLYNARTA";"ALLYNA";"ALLYNA---";"ALLYNA---";TRUE;TRUE;TRUE;TRUE;TRUE;TRUE;FALSE;FALSE;FALSE;"b19";"I_A02";"I+S";"1+2+3+4+5+B19_1";"I_A0211_94.82";"NP_000457.1 peroxisome biogenesis factor 1 isoform 1 [Homo sapiens]";"data/classI/b19_iedb.csv";"id5";0.3333;992.143;4.4;8.79;3;0;2;TRUE;FALSE;TRUE;NA;NA;NA
"ARFNPFSTR";"ARF-PFS";"ARF-PFS--";"ARFPFS---";TRUE;TRUE;TRUE;FALSE;TRUE;TRUE;TRUE;FALSE;FALSE;"b19";"I_A03+I_B27+N_B27";"I+N+S";"1+2+3+4+5+B19_1_A4HTE9+B19_2_E9B964+B19_3_Q4QIM7+B19_4_E9AL77+B19_5_A4H515+B19_1";"I_A3101_263.6+I_B2705_97.16+N_B2705_68.1";"NP_659483.2 calreticulin-3 precursor [Homo sapiens]";"data/classI/b19_iedb.csv";"id6";-0.911;1095.226;4.4;12;3;1;3;TRUE;TRUE;TRUE;68.1;"B27";0
"AYTPTAAYY";"TPTAAY";"--TPTAAY-";"--TPTAAY-";FALSE;FALSE;TRUE;TRUE;TRUE;TRUE;TRUE;TRUE;FALSE;"b19";"I_A01";"I+S";"1+2+3+4+5+B19_1";"I_A3002_26.12";"XP_016856227.1 PREDICTED: neurofascin isoform X25 [Homo sapiens]";"data/classI/b19_iedb.csv";"id7";-0.1666;1020.106;4.4;5.56;3;0;2;TRUE;FALSE;TRUE;NA;NA;NA
"AYYKYDSLV";"AYYKY";"AYYKY----";"AYYKY----";TRUE;TRUE;TRUE;TRUE;TRUE;FALSE;FALSE;FALSE;FALSE;"b19";"I_A24+N_A24";"I+N+S";"1+2+3+4+5+B19_1_A4HTE9+B19_2_E9B964+B19_3_Q4QIM7+B19_4_E9AL77+B19_5_A4H515+B19_1";"I_A2301_293.62+N_A2402_535.8";"XP_011533454.1 PREDICTED: RING finger protein 17 isoform X1 [Homo sapiens]  XP_011533457.1 PREDICTED: RING finger protein 17 isoform X1 [Homo sapiens]  XP_011533458.1 PREDICTED: RING finger protein 17 isoform X1 [Homo sapiens]";"data/classI/b19_iedb.csv";"id8";-0.2555;1121.255;4.4;5.87;4;1;3;TRUE;TRUE;TRUE;535.8;"A24";1
"DSFKAIQSM";"FKAIQS+";"--FKAIQS+";"--FKAIQS+";FALSE;FALSE;TRUE;TRUE;TRUE;TRUE;TRUE;TRUE;TRUE;"b19";"I_A26+N_A26";"I+N+S";"1+2+3+4+5+B19_1_A4HTE9+B19_2_E9B964+B19_3_Q4QIM7+B19_4_E9AL77+B19_5_A4H515+B19_1";"I_A2601_364.88+N_A2601_323.1";"NP_000375.2 apolipoprotein B-100 precursor [Homo sapiens]";"data/classI/b19_iedb.csv";"id9";-0.1666;1026.172;1.1;5.83;2;1;3;TRUE;TRUE;TRUE;323.1;"A26";2
"FSTRTMRKL";"S-RTMRK";"S-RTMRK--";"-SRTMRK--";FALSE;FALSE;FALSE;FALSE;FALSE;FALSE;FALSE;FALSE;FALSE;"b19";"I_B58";"I+S";"1+2+3+4+5+B19_1";"I_B1517_26.86";"NP_001342165.1 putative uncharacterized protein C3orf49 [Homo sapiens]";"data/classI/b19_iedb.csv";"id10";-0.7332;1139.381;1.1;12;9;0;2;TRUE;FALSE;TRUE;NA;NA;NA
"GVLHEIPVK";"LHEIPVK";"--LHEIPVK";"--LHEIPVK";FALSE;FALSE;TRUE;TRUE;TRUE;TRUE;TRUE;TRUE;TRUE;"b19";"I_A03+N_A03";"I+N+S";"1+2+3+4+5+B19_1_A4HTE9+B19_2_E9B964+B19_3_Q4QIM7+B19_4_E9AL77+B19_5_A4H515+B19_1";"I_A0301_345.37+I_A1101_87.1+N_A0301_340";"NP_001544.1 insulin-like growth factor-binding protein 7 isoform 1 precursor  [Homo sapiens]";"data/classI/b19_iedb.csv";"id11";0.4556;991.198;30;6.74;2;1;3;TRUE;TRUE;TRUE;340;"A03";1
"HEIPVKLEV";"HEIPVK";"HEIPVK---";"HEIPVK---";TRUE;TRUE;TRUE;TRUE;TRUE;TRUE;FALSE;FALSE;FALSE;"b19";"I_B44+N_B44";"I+N+S";"1+2+3+4+5+B19_1_A4HTE9+B19_2_E9B964+B19_3_Q4QIM7+B19_4_E9AL77+B19_5_A4H515+B19_1";"I_B4001_54.22+I_B4403_624.69+N_B4001_161.4";"NP_001544.1 insulin-like growth factor-binding protein 7 isoform 1 precursor  [Homo sapiens]";"data/classI/b19_iedb.csv";"id12";0.1111;1063.262;3.5;5.39;3;1;3;TRUE;TRUE;TRUE;161.4;"B44";1
"HIRAYTPTA";"IRAYTP";"-IRAYTP--";"-IRAYTP--";FALSE;TRUE;TRUE;TRUE;TRUE;TRUE;TRUE;FALSE;FALSE;"b19";"I_A03";"I+S";"1+2+3+4+5+B19_1";"I_A3001_3.72";"XP_006722277.1 PREDICTED: probable helicase with zinc finger domain isoform  X1 [Homo sapiens]  XP_011523846.1 PREDICTED: probable helicase with zinc finger domain isoform  X1 [Homo sapiens]";"data/classI/b19_iedb.csv";"id13";-0.4332;1029.164;3.5;8.75;3;0;2;TRUE;FALSE;TRUE;NA;NA;NA
"ILLTYDPFR";"LL-TYDPF";"LL-TYDPF-";"-LLTYDPF-";FALSE;TRUE;FALSE;TRUE;TRUE;TRUE;TRUE;TRUE;FALSE;"b19";"I_A03";"I+S";"1+2+3+4+5+B19_1";"I_A3101_40.69+I_A3301_398.32+I_A6801_126.37";"NP_060023.1 DNA helicase INO80 [Homo sapiens]";"data/classI/b19_iedb.csv";"id14";0.3667;1137.344;20;5.83;3;0;2;TRUE;FALSE;TRUE;NA;NA;NA
"IQSMAVSNY";"IQ-M-VS++";"IQ-M-VS++";"IQMVS++--";TRUE;TRUE;FALSE;TRUE;FALSE;TRUE;TRUE;TRUE;TRUE;"b19";"I_A01+I_B62+N_B62";"I+N+S";"1+2+3+4+5+B19_1_A4HTE9+B19_2_E9B964+B19_3_Q4QIM7+B19_4_E9AL77+B19_5_A4H515+B19_1";"I_A3002_41.67+I_B1501_28.32+N_B1501_14.8";"XP_016856320.1 PREDICTED: ubiquitin carboxyl-terminal hydrolase 24 isoform X1  [Homo sapiens]";"data/classI/b19_iedb.csv";"id15";0.2778;1012.145;20;5.52;2;1;3;TRUE;TRUE;TRUE;14.8;"B62";0
"KLQELHRES";"KLQELHR";"KLQELHR--";"KLQELHR--";TRUE;TRUE;TRUE;TRUE;TRUE;TRUE;TRUE;FALSE;FALSE;"b19";"I_A02";"I+S";"1+2+3+4+5+B19_1";"I_A0211_211.87";"XP_016873944.1 PREDICTED: diacylglycerol kinase zeta isoform X1 [Homo sapiens]";"data/classI/b19_iedb.csv";"id16";-1.6999;1139.276;1.3;6.75;2;0;2;TRUE;FALSE;TRUE;NA;NA;NA
"LGRPHIRAY";"LGR-HIRA";"LGR-HIRA-";"LGRHIRA--";TRUE;TRUE;TRUE;FALSE;TRUE;TRUE;TRUE;TRUE;FALSE;"b19";"I_B07+I_B62+N_B62";"I+N+S";"1+2+3+4+5+B19_1_A4HTE9+B19_2_E9B964+B19_3_Q4QIM7+B19_4_E9AL77+B19_5_A4H515+B19_1";"I_B1501_123.67+I_B3501_292.22+N_B1501_138.8";"XP_005254194.1 PREDICTED: A disintegrin and metalloproteinase with thrombospondin  motifs 7 isoform X1 [Homo sapiens]";"data/classI/b19_iedb.csv";"id17";-0.5999;1082.273;5.5;10.83;2;1;3;TRUE;TRUE;TRUE;138.8;"B62";1
"LLGRPHIRA";"LGR-HIRA";"LGR-HIRA-";"-LGRHIRA-";TRUE;FALSE;FALSE;FALSE;FALSE;FALSE;FALSE;FALSE;FALSE;"b19";"I_A02";"I+S";"1+2+3+4+5+B19_1";"I_A0211_81.01";"XP_005254194.1 PREDICTED: A disintegrin and metalloproteinase with thrombospondin  motifs 7 isoform X1 [Homo sapiens]";"data/classI/b19_iedb.csv";"id18";-0.0332;1032.257;5.5;12;8;0;2;TRUE;FALSE;TRUE;NA;NA;NA
"LLYNARTAT";"LYN-R-AT";"-LYN-R-AT";"-LYNRAT--";FALSE;TRUE;TRUE;TRUE;FALSE;TRUE;FALSE;TRUE;TRUE;"b19";"I_A02";"I+S";"1+2+3+4+5+B19_1";"I_A0203_54.03+I_A0211_128.94";"NP_002628.2 phosphorylase b kinase regulatory subunit alpha, skeletal muscle  isoform isoform 1 [Homo sapiens]";"data/classI/b19_iedb.csv";"id19";0.0556;1022.169;5.5;8.74;3;0;2;TRUE;FALSE;TRUE;NA;NA;NA
"MRKLQELHR";"MR-LQ--ELHR";"MR-LQ--ELHR";"MRLQELHR-";TRUE;TRUE;FALSE;TRUE;TRUE;FALSE;FALSE;FALSE;FALSE;"b19";"I_B27";"I+S";"1+2+3+4+5+B19_1";"I_B2705_546.72";"NP_060045.4 telomerase-binding protein EST1A isoform 1 [Homo sapiens]";"data/classI/b19_iedb.csv";"id20";-1.511;1210.463;1;10.83;5;0;2;TRUE;FALSE;TRUE;NA;NA;NA
"MTEEERMER";"TEEER--MER";"TEEER--MER";"-TEEERMER";FALSE;FALSE;TRUE;TRUE;FALSE;FALSE;FALSE;FALSE;FALSE;"b19";"I_A03";"I+S";"1+2+3+4+5+B19_1";"I_A3301_226.78+I_A6801_29.86";"XP_011518332.1 PREDICTED: immunoglobulin superfamily member 22 isoform X1 [Homo  sapiens]  XP_016873096.1 PREDICTED: immunoglobulin superfamily member 22 isoform X1 [Homo  sapiens]";"data/classI/b19_iedb.csv";"id21";-2.211;1210.342;7.2;4.49;7;0;2;TRUE;FALSE;TRUE;NA;NA;NA
"NARTATSSR";"ARTATS";"-ARTATS--";"-ARTATS--";FALSE;TRUE;TRUE;TRUE;TRUE;TRUE;TRUE;FALSE;FALSE;"b19";"I_A03";"I+S";"1+2+3+4+5+B19_1";"I_A3301_261.15+I_A6801_62.9";"XP_011526682.1 PREDICTED: PWWP domain-containing protein MUM1 isoform X1 [Homo  sapiens]";"data/classI/b19_iedb.csv";"id22";-1.3221;963.018;1.4;12;3;0;2;TRUE;FALSE;TRUE;NA;NA;NA
"NIFGSVIGL";"IFGS-IGL";"-IFGS-IGL";"-IFGSIGL-";FALSE;TRUE;TRUE;TRUE;TRUE;FALSE;TRUE;TRUE;TRUE;"b19";"I_A02+N_A02";"I+N+S";"1+2+3+4+5+B19_1_A4HTE9+B19_2_E9B964+B19_3_Q4QIM7+B19_4_E9AL77+B19_5_A4H515+B19_1";"I_A0201_129.9+I_A0211_36.18+N_A0201_105.9";"NP_001281262.1 V-type proton ATPase 21 kDa proteolipid subunit isoform 3 [Homo  sapiens]";"data/classI/b19_iedb.csv";"id23";1.6333;919.088;1.4;5.52;2;1;3;TRUE;TRUE;TRUE;105.9;"A02";0
"NPFSTRTMR";"NPF-TR--R";"NPF-TR--R";"NPFTRR---";TRUE;TRUE;TRUE;FALSE;TRUE;TRUE;FALSE;FALSE;TRUE;"b19";"I_A03";"I+S";"1+2+3+4+5+B19_1";"I_A3301_90.5+I_A6801_68.1";"XP_005253562.1 PREDICTED: liprin-beta-1 isoform X1 [Homo sapiens]  XP_016875545.1 PREDICTED: liprin-beta-1 isoform X1 [Homo sapiens]  XP_016875546.1 PREDICTED: liprin-beta-1 isoform X1 [Homo sapiens]";"data/classI/b19_iedb.csv";"id24";-1.2888;1109.268;1.4;12;3;0;2;TRUE;FALSE;TRUE;NA;NA;NA
"QENLDTNVI";"QENLDT";"QENLDT---";"QENLDT---";TRUE;TRUE;TRUE;TRUE;TRUE;TRUE;FALSE;FALSE;FALSE;"b19";"I_B44+N_B44";"I+N+S";"1+2+3+4+5+B19_1_A4HTE9+B19_2_E9B964+B19_3_Q4QIM7+B19_4_E9AL77+B19_5_A4H515+B19_1";"I_B4001_390.34+I_B4402_472.43+I_B4403_593.28+I_B4501_426.92+N_B4001_114.5";"XP_005270751.1 PREDICTED: microtubule-actin cross-linking factor 1 isoform X1  [Homo sapiens]";"data/classI/b19_iedb.csv";"id25";-0.6332;1045.114;0.8;3.66;3;1;3;TRUE;TRUE;TRUE;114.5;"B44";1
"RAYTPTAAY";"TPTAAY";"---TPTAAY";"---TPTAAY";FALSE;FALSE;FALSE;TRUE;TRUE;TRUE;TRUE;TRUE;TRUE;"b19";"I_A01+I_A03+I_B07+I_B58+I_B62+N_A03+N_B58+N_B62";"I+N+S";"1+2+3+4+5+B19_1_A4HTE9+B19_2_E9B964+B19_3_Q4QIM7+B19_4_E9AL77+B19_5_A4H515+B19_1";"I_A0301_44.56+I_A1101_213.65+I_A3002_12.25+I_B1501_37.23+I_B1517_2.18+I_B3501_16.55+I_B5701_493.01+I_B5801_42.52+N_A0301_174+N_B1501_15.1+N_B5801_140";"XP_016856227.1 PREDICTED: neurofascin isoform X25 [Homo sapiens]";"data/classI/b19_iedb.csv";"id26";-0.5221;1013.118;1;8.58;3;3;3;TRUE;TRUE;TRUE;174;"A03";1
"RAYTPTAAY";"TPTAAY";"---TPTAAY";"---TPTAAY";FALSE;FALSE;FALSE;TRUE;TRUE;TRUE;TRUE;TRUE;TRUE;"b19";"I_A01+I_A03+I_B07+I_B58+I_B62+N_A03+N_B58+N_B62";"I+N+S";"1+2+3+4+5+B19_1_A4HTE9+B19_2_E9B964+B19_3_Q4QIM7+B19_4_E9AL77+B19_5_A4H515+B19_1";"I_A0301_44.56+I_A1101_213.65+I_A3002_12.25+I_B1501_37.23+I_B1517_2.18+I_B3501_16.55+I_B5701_493.01+I_B5801_42.52+N_A0301_174+N_B1501_15.1+N_B5801_140";"XP_016856227.1 PREDICTED: neurofascin isoform X25 [Homo sapiens]";"data/classI/b19_iedb.csv";"id26";-0.5221;1013.118;1;8.58;3;3;3;TRUE;TRUE;TRUE;140;"B58";1
"RAYTPTAAY";"TPTAAY";"---TPTAAY";"---TPTAAY";FALSE;FALSE;FALSE;TRUE;TRUE;TRUE;TRUE;TRUE;TRUE;"b19";"I_A01+I_A03+I_B07+I_B58+I_B62+N_A03+N_B58+N_B62";"I+N+S";"1+2+3+4+5+B19_1_A4HTE9+B19_2_E9B964+B19_3_Q4QIM7+B19_4_E9AL77+B19_5_A4H515+B19_1";"I_A0301_44.56+I_A1101_213.65+I_A3002_12.25+I_B1501_37.23+I_B1517_2.18+I_B3501_16.55+I_B5701_493.01+I_B5801_42.52+N_A0301_174+N_B1501_15.1+N_B5801_140";"XP_016856227.1 PREDICTED: neurofascin isoform X25 [Homo sapiens]";"data/classI/b19_iedb.csv";"id26";-0.5221;1013.118;1;8.58;3;3;3;TRUE;TRUE;TRUE;15.1;"B62";1
"RESLPAILL";"RE-LP-IL";"RE-LP-IL-";"RELPIL---";TRUE;TRUE;FALSE;TRUE;TRUE;FALSE;TRUE;TRUE;FALSE;"b19";"I_B44+N_B44";"I+N+S";"1+2+3+4+5+B19_1_A4HTE9+B19_2_E9B964+B19_3_Q4QIM7+B19_4_E9AL77+B19_5_A4H515+B19_1";"I_B4001_5.86+I_B4402_437.62+N_B4001_7.9";"XP_011544145.1 PREDICTED: integrin alpha-D isoform X9 [Homo sapiens]";"data/classI/b19_iedb.csv";"id27";0.8111;1011.229;1;6;3;1;3;TRUE;TRUE;TRUE;7.9;"B44";1
"RGYQRRRSL";"R-Y+RRRS";"R-Y+RRRS-";"RY+RRRS--";TRUE;FALSE;TRUE;TRUE;TRUE;TRUE;TRUE;TRUE;FALSE;"b19";"I_B07+I_B08+I_B27+I_B58+N_B07+N_B08";"I+N+S";"1+2+3+4+5+B19_1_A4HTE9+B19_2_E9B964+B19_3_Q4QIM7+B19_4_E9AL77+B19_5_A4H515+B19_1";"I_B0702_64.01+I_B0801_28.31+I_B1402_140.21+I_B1517_282.73+N_B0702_166.1+N_B0801_73.6";"NP_473357.1 serine/arginine-rich splicing factor 10 isoform 2 [Homo sapiens]";"data/classI/b19_iedb.csv";"id28";-2.2443;1191.361;1;12;2;2;3;TRUE;TRUE;TRUE;166.1;"B07";2
"RGYQRRRSL";"R-Y+RRRS";"R-Y+RRRS-";"RY+RRRS--";TRUE;FALSE;TRUE;TRUE;TRUE;TRUE;TRUE;TRUE;FALSE;"b19";"I_B07+I_B08+I_B27+I_B58+N_B07+N_B08";"I+N+S";"1+2+3+4+5+B19_1_A4HTE9+B19_2_E9B964+B19_3_Q4QIM7+B19_4_E9AL77+B19_5_A4H515+B19_1";"I_B0702_64.01+I_B0801_28.31+I_B1402_140.21+I_B1517_282.73+N_B0702_166.1+N_B0801_73.6";"NP_473357.1 serine/arginine-rich splicing factor 10 isoform 2 [Homo sapiens]";"data/classI/b19_iedb.csv";"id28";-2.2443;1191.361;1;12;2;2;3;TRUE;TRUE;TRUE;73.6;"B08";1
"RMERVRKER";"R+ER-RKER";"R+ER-RKER";"R+ERRKER-";TRUE;TRUE;TRUE;TRUE;FALSE;TRUE;TRUE;TRUE;TRUE;"b19";"I_A03";"I+S";"1+2+3+4+5+B19_1";"I_A3101_16.55";"XP_011517307.1 PREDICTED: target of rapamycin complex 2 subunit MAPKAP1 isoform  X1 [Homo sapiens]";"data/classI/b19_iedb.csv";"id29";-2.5332;1259.495;1;11.53;1;0;2;TRUE;FALSE;TRUE;NA;NA;NA
"RRRSLAQYA";"RRSLA-YA";"-RRSLA-YA";"-RRSLAYA-";FALSE;TRUE;TRUE;TRUE;TRUE;TRUE;FALSE;TRUE;TRUE;"b19";"I_A03+I_B27+N_B27";"I+N+S";"1+2+3+4+5+B19_1_A4HTE9+B19_2_E9B964+B19_3_Q4QIM7+B19_4_E9AL77+B19_5_A4H515+B19_1";"I_A3001_51.02+I_B2705_257.11+N_B2705_172.2";"NP_000473.2 apolipoprotein A-IV precursor [Homo sapiens]";"data/classI/b19_iedb.csv";"id30";-1.2999;1120.279;1;11.71;2;1;3;TRUE;TRUE;TRUE;172.2;"B27";1
"RRSLAQYAK";"RRSLA-YA";"RRSLA-YA-";"RRSLAYA--";TRUE;TRUE;TRUE;TRUE;TRUE;FALSE;TRUE;TRUE;FALSE;"b19";"I_B27+N_B27";"I+N+S";"1+2+3+4+5+B19_1_A4HTE9+B19_2_E9B964+B19_3_Q4QIM7+B19_4_E9AL77+B19_5_A4H515+B19_1";"I_B2705_27.29+N_B2705_68";"NP_000473.2 apolipoprotein A-IV precursor [Homo sapiens]";"data/classI/b19_iedb.csv";"id31";-1.2332;1092.266;1;11;2;1;3;TRUE;TRUE;TRUE;68;"B27";0
"RTATSSRNI";"TSSRNI";"---TSSRNI";"---TSSRNI";FALSE;FALSE;FALSE;TRUE;TRUE;TRUE;TRUE;TRUE;TRUE;"b19";"I_B58";"I+S";"1+2+3+4+5+B19_1";"I_B1517_71.68";"XP_016865452.1 PREDICTED: G-protein coupled receptor 98 isoform X1 [Homo sapiens]";"data/classI/b19_iedb.csv";"id32";-1.0221;1005.099;1;12;3;0;2;TRUE;FALSE;TRUE;NA;NA;NA
"RTMRKLQEL";"T+RKLQEL";"-T+RKLQEL";"-T+RKLQEL";FALSE;TRUE;TRUE;TRUE;TRUE;TRUE;TRUE;TRUE;TRUE;"b19";"I_B07+I_B08+I_B58+N_B07+N_B08+N_B58";"I+N+S";"1+2+3+4+5+B19_1_A4HTE9+B19_2_E9B964+B19_3_Q4QIM7+B19_4_E9AL77+B19_5_A4H515+B19_1";"I_B0702_225.78+I_B0801_108.76+I_B1517_4.92+I_B5701_463.2+I_B5801_172.46+N_B0702_223.6+N_B0801_124.6+N_B5801_326.8";"NP_004095.4 fatty acid synthase [Homo sapiens]  XP_011521840.1 PREDICTED: fatty acid synthase isoform X1 [Homo sapiens]";"data/classI/b19_iedb.csv";"id33";-1.2332;1174.427;1;10.83;1;3;3;TRUE;TRUE;TRUE;223.6;"B07";0
"RTMRKLQEL";"T+RKLQEL";"-T+RKLQEL";"-T+RKLQEL";FALSE;TRUE;TRUE;TRUE;TRUE;TRUE;TRUE;TRUE;TRUE;"b19";"I_B07+I_B08+I_B58+N_B07+N_B08+N_B58";"I+N+S";"1+2+3+4+5+B19_1_A4HTE9+B19_2_E9B964+B19_3_Q4QIM7+B19_4_E9AL77+B19_5_A4H515+B19_1";"I_B0702_225.78+I_B0801_108.76+I_B1517_4.92+I_B5701_463.2+I_B5801_172.46+N_B0702_223.6+N_B0801_124.6+N_B5801_326.8";"NP_004095.4 fatty acid synthase [Homo sapiens]  XP_011521840.1 PREDICTED: fatty acid synthase isoform X1 [Homo sapiens]";"data/classI/b19_iedb.csv";"id33";-1.2332;1174.427;1;10.83;1;3;3;TRUE;TRUE;TRUE;124.6;"B08";0
"RTMRKLQEL";"T+RKLQEL";"-T+RKLQEL";"-T+RKLQEL";FALSE;TRUE;TRUE;TRUE;TRUE;TRUE;TRUE;TRUE;TRUE;"b19";"I_B07+I_B08+I_B58+N_B07+N_B08+N_B58";"I+N+S";"1+2+3+4+5+B19_1_A4HTE9+B19_2_E9B964+B19_3_Q4QIM7+B19_4_E9AL77+B19_5_A4H515+B19_1";"I_B0702_225.78+I_B0801_108.76+I_B1517_4.92+I_B5701_463.2+I_B5801_172.46+N_B0702_223.6+N_B0801_124.6+N_B5801_326.8";"NP_004095.4 fatty acid synthase [Homo sapiens]  XP_011521840.1 PREDICTED: fatty acid synthase isoform X1 [Homo sapiens]";"data/classI/b19_iedb.csv";"id33";-1.2332;1174.427;1;10.83;1;3;3;TRUE;TRUE;TRUE;326.8;"B58";0
"RVRKERKLL";"RKERKLL";"--RKERKLL";"--RKERKLL";FALSE;FALSE;TRUE;TRUE;TRUE;TRUE;TRUE;TRUE;TRUE;"b19";"I_A03+I_B07+N_B07";"I+N+S";"1+2+3+4+5+B19_1_A4HTE9+B19_2_E9B964+B19_3_Q4QIM7+B19_4_E9AL77+B19_5_A4H515+B19_1";"I_A3001_8.45+I_B0702_69.78+N_B0702_134.7";"NP_149163.2 ATP-binding cassette sub-family C member 11 isoform a [Homo sapiens]  NP_115972.2 ATP-binding cassette sub-family C member 11 isoform a [Homo sapiens]  XP_016879284.1 PREDICTED: ATP-binding cassette sub-family C member 11 isoform  X1 [Homo sapiens]  XP_016879285.1 PREDICTED: ATP-binding cassette sub-family C member 11 isoform  X1 [Homo sapiens]  XP_016879286.1 PREDICTED: ATP-binding cassette sub-family C member 11 isoform  X1 [Homo sapiens]  XP_016879287.1 PREDICTED: ATP-binding cassette sub-family C member 11 isoform  X1 [Homo sapiens]  XP_016879288.1 PREDICTED: ATP-binding cassette sub-family C member 11 isoform  X1 [Homo sapiens]  XP_016879289.1 PREDICTED: ATP-binding cassette sub-family C member 11 isoform  X1 [Homo sapiens]";"data/classI/b19_iedb.csv";"id34";-1.4443;1197.493;1;11.72;2;1;3;TRUE;TRUE;TRUE;134.7;"B07";1
"SIRNNTDQL";"IRNN-DQ";"-IRNN-DQ-";"-IRNNDQ--";FALSE;TRUE;TRUE;TRUE;TRUE;FALSE;TRUE;TRUE;FALSE;"b19";"I_B07+N_B07";"I+N+S";"1+2+3+4+5+B19_1_A4HTE9+B19_2_E9B964+B19_3_Q4QIM7+B19_4_E9AL77+B19_5_A4H515+B19_1";"I_B0702_444.12+N_B0702_661";"NP_612463.1 nucleoredoxin-like protein 1 [Homo sapiens]";"data/classI/b19_iedb.csv";"id35";-1.2999;1060.132;1.9;5.55;3;1;3;TRUE;TRUE;TRUE;661;"B07";1
"SLPAILLTY";"SLPA-LLT";"SLPA-LLT-";"SLPALLT--";TRUE;TRUE;TRUE;TRUE;FALSE;TRUE;TRUE;TRUE;FALSE;"b19";"I_B62+N_B62";"I+N+S";"1+2+3+4+5+B19_1_A4HTE9+B19_2_E9B964+B19_3_Q4QIM7+B19_4_E9AL77+B19_5_A4H515+B19_1";"I_B1501_191.11+N_B1501_102.5";"XP_005263607.1 PREDICTED: bcl-2-like protein 11 isoform X1 [Homo sapiens]";"data/classI/b19_iedb.csv";"id36";1.4778;990.207;1.9;5.23;2;1;3;TRUE;TRUE;TRUE;102.5;"B62";1
"SLVSTERGY";"V-TERGY";"-V-TERGY-";"--VTERGY-";FALSE;FALSE;FALSE;FALSE;FALSE;FALSE;FALSE;FALSE;FALSE;"b19";"I_A01+I_B62+N_B62";"I+N+S";"1+2+3+4+5+B19_1_A4HTE9+B19_2_E9B964+B19_3_Q4QIM7+B19_4_E9AL77+B19_5_A4H515+B19_1";"I_A3002_622.81+I_B1501_273.32+N_B1501_97.1";"XP_011525076.1 PREDICTED: UPF0692 protein C19orf54 isoform X1 [Homo sapiens]  XP_011525077.1 PREDICTED: UPF0692 protein C19orf54 isoform X1 [Homo sapiens]";"data/classI/b19_iedb.csv";"id37";-0.4443;1011.099;1.9;5.71;9;1;3;TRUE;TRUE;TRUE;97.1;"B62";2
"SSRNIFGSV";"SSR-IFGS";"SSR-IFGS-";"SSRIFGS--";TRUE;TRUE;TRUE;FALSE;TRUE;TRUE;TRUE;TRUE;FALSE;"b19";"I_A03";"I+S";"1+2+3+4+5+B19_1";"I_A3001_37.97";"XP_006719353.1 PREDICTED: MLX-interacting protein isoform X1 [Homo sapiens]";"data/classI/b19_iedb.csv";"id38";0.0778;966.061;1.9;9.46;2;0;2;TRUE;FALSE;TRUE;NA;NA;NA
"STERGYQRR";"TE-GYQRR";"TE-GYQRR-";"-TEGYQRR-";FALSE;FALSE;FALSE;FALSE;FALSE;FALSE;FALSE;TRUE;FALSE;"b19";"I_A03";"I+S";"1+2+3+4+5+B19_1";"I_A3101_302.45";"NP_001241661.2 cytospin-A isoform 2 [Homo sapiens]";"data/classI/b19_iedb.csv";"id39";-2.6332;1152.235;1.9;10.73;8;0;2;TRUE;FALSE;TRUE;NA;NA;NA
"STRTMRKLQ";"TR-M-RKLQ";"TR-M-RKLQ";"-TRMRKLQ-";FALSE;FALSE;FALSE;FALSE;FALSE;TRUE;TRUE;TRUE;TRUE;"b19";"I_A03";"I+S";"1+2+3+4+5+B19_1";"I_A3001_82.03";"XP_016882839.1 PREDICTED: uncharacterized protein C19orf44 isoform X1 [Homo  sapiens]";"data/classI/b19_iedb.csv";"id40";-1.4332;1120.335;1.9;12;5;0;2;TRUE;FALSE;TRUE;NA;NA;NA
"TATSSRNIF";"SSRNIF";"---SSRNIF";"---SSRNIF";FALSE;FALSE;FALSE;TRUE;TRUE;TRUE;TRUE;TRUE;TRUE;"b19";"I_B07";"I+S";"1+2+3+4+5+B19_1";"I_B3501_320.84";"NP_055694.3 P2Y purinoceptor 14 [Homo sapiens]  NP_001074924.1 P2Y purinoceptor 14 [Homo sapiens]  XP_005247979.1 PREDICTED: P2Y purinoceptor 14 isoform X1 [Homo sapiens]  XP_005247980.1 PREDICTED: P2Y purinoceptor 14 isoform X1 [Homo sapiens]  XP_011511642.1 PREDICTED: P2Y purinoceptor 14 isoform X1 [Homo sapiens]  XP_016863072.1 PREDICTED: P2Y purinoceptor 14 isoform X1 [Homo sapiens]";"data/classI/b19_iedb.csv";"id41";-0.211;996.088;7.2;9.41;3;0;2;TRUE;FALSE;TRUE;NA;NA;NA
"TPTAAYYKY";"PT-AYYK";"PT-AYYK--";"-PTAYYK--";FALSE;FALSE;FALSE;TRUE;FALSE;TRUE;FALSE;FALSE;FALSE;"b19";"I_B07";"I+S";"1+2+3+4+5+B19_1";"I_B3501_9.46+I_B5301_167.61";"NP_004238.3 116 kDa U5 small nuclear ribonucleoprotein component isoform  a [Homo sapiens]  NP_001245282.1 116 kDa U5 small nuclear ribonucleoprotein component isoform  a [Homo sapiens]";"data/classI/b19_iedb.csv";"id42";-0.7999;1077.202;7.2;8.1;7;0;2;TRUE;FALSE;TRUE;NA;NA;NA
"VLHEIPVKL";"LHEIPVK";"-LHEIPVK-";"-LHEIPVK-";FALSE;TRUE;TRUE;TRUE;TRUE;TRUE;TRUE;TRUE;FALSE;"b19";"I_A02+N_A02";"I+N+S";"1+2+3+4+5+B19_1_A4HTE9+B19_2_E9B964+B19_3_Q4QIM7+B19_4_E9AL77+B19_5_A4H515+B19_1";"I_A0201_100.39+I_A0203_42.48+I_A0211_4.06+N_A0201_51.7";"NP_001544.1 insulin-like growth factor-binding protein 7 isoform 1 precursor  [Homo sapiens]";"data/classI/b19_iedb.csv";"id43";0.9222;1047.306;100;6.71;2;1;3;TRUE;TRUE;TRUE;51.7;"A02";1
"VPKVVNLSF";"VPK+VNL";"VPK+VNL--";"VPK+VNL--";TRUE;TRUE;TRUE;TRUE;TRUE;TRUE;TRUE;FALSE;FALSE;"b19";"I_B07+N_B07";"I+N+S";"1+2+3+4+5+B19_1_A4HTE9+B19_2_E9B964+B19_3_Q4QIM7+B19_4_E9AL77+B19_5_A4H515+B19_1";"I_B0702_100.45+N_B0702_60.2";"XP_011523944.1 PREDICTED: structural maintenance of chromosomes flexible hinge  domain-containing protein 1 isoform X1 [Homo sapiens]";"data/classI/b19_iedb.csv";"id44";1.0444;1002.222;100;8.72;2;1;3;TRUE;TRUE;TRUE;60.2;"B07";1
"VSTERGYQR";"V-TERGY";"V-TERGY--";"VTERGY---";TRUE;FALSE;TRUE;TRUE;TRUE;TRUE;TRUE;FALSE;FALSE;"b19";"I_A03";"I+S";"1+2+3+4+5+B19_1";"I_A3101_59.96+I_A3301_383.67";"XP_011525076.1 PREDICTED: UPF0692 protein C19orf54 isoform X1 [Homo sapiens]  XP_011525077.1 PREDICTED: UPF0692 protein C19orf54 isoform X1 [Homo sapiens]";"data/classI/b19_iedb.csv";"id45";-1.6666;1095.18;100;8.71;3;0;2;TRUE;FALSE;TRUE;NA;NA;NA
"YDSLVSTER";"YD-L---+STER";"YD-L---+STER";"YDL+STER-";TRUE;TRUE;FALSE;TRUE;FALSE;FALSE;FALSE;TRUE;FALSE;"b19";"I_A03";"I+S";"1+2+3+4+5+B19_1";"I_A3301_585.33+I_A6801_104.75";"NP_079285.2 centrosomal protein of 135 kDa [Homo sapiens]";"data/classI/b19_iedb.csv";"id46";-0.7888;1069.136;2.8;4.37;5;0;2;TRUE;FALSE;TRUE;NA;NA;NA
"YKYDSLVST";"YKYD---------SLVS";"YKYD---------SLVS";"YKYDSLVS-";TRUE;TRUE;TRUE;TRUE;FALSE;FALSE;FALSE;FALSE;FALSE;"b19";"I_A02";"I+S";"1+2+3+4+5+B19_1";"I_A0211_192.89";"NP_060770.3 zinc finger protein 83 [Homo sapiens]  NP_001099019.1 zinc finger protein 83 [Homo sapiens]  NP_001099020.1 zinc finger protein 83 [Homo sapiens]  NP_001099021.1 zinc finger protein 83 [Homo sapiens]  NP_001099022.1 zinc finger protein 83 [Homo sapiens]  NP_001264874.1 zinc finger protein 83 [Homo sapiens]  NP_001264875.1 zinc finger protein 83 [Homo sapiens]  NP_001264876.1 zinc finger protein 83 [Homo sapiens]  NP_001264877.1 zinc finger protein 83 [Homo sapiens]  NP_001264878.1 zinc finger protein 83 [Homo sapiens]  NP_001264880.1 zinc finger protein 83 [Homo sapiens]  NP_001264881.1 zinc finger protein 83 [Homo sapiens]  NP_001334944.1 zinc finger protein 83 [Homo sapiens]  NP_001334945.1 zinc finger protein 83 [Homo sapiens]  NP_001334946.1 zinc finger protein 83 [Homo sapiens]  NP_001334947.1 zinc finger protein 83 [Homo sapiens]  NP_001334948.1 zinc finger protein 83 [Homo sapiens]";"data/classI/b19_iedb.csv";"id47";-0.4777;1075.183;2.8;5.83;5;0;2;TRUE;FALSE;TRUE;NA;NA;NA
"YQRRRSLAQ";"QRR-SLAQ";"QRR-SLAQ-";"-QRRSLAQ-";FALSE;FALSE;TRUE;FALSE;FALSE;FALSE;FALSE;FALSE;FALSE;"b19";"I_B08+I_B27+I_B62+N_B08";"I+N+S";"1+2+3+4+5+B19_1_A4HTE9+B19_2_E9B964+B19_3_Q4QIM7+B19_4_E9AL77+B19_5_A4H515+B19_1";"I_B0801_279.16+I_B1402_437.69+I_B1501_233.4+N_B0801_517.9";"NP_001418.2 homeobox protein engrailed-2 [Homo sapiens]";"data/classI/b19_iedb.csv";"id48";-1.8888;1177.331;2.8;11.71;8;1;3;TRUE;TRUE;TRUE;517.9;"B08";2
"YTPTAAYYK";"PT-AYYK";"-PT-AYYK-";"--PTAYYK-";FALSE;FALSE;FALSE;FALSE;TRUE;FALSE;TRUE;FALSE;FALSE;"b19";"I_A03";"I+S";"1+2+3+4+5+B19_1";"I_A1101_35.72+I_A6801_8.11";"NP_004238.3 116 kDa U5 small nuclear ribonucleoprotein component isoform  a [Homo sapiens]  NP_001245282.1 116 kDa U5 small nuclear ribonucleoprotein component isoform  a [Homo sapiens]";"data/classI/b19_iedb.csv";"id49";-0.7999;1077.202;2.8;8.43;7;0;2;TRUE;FALSE;TRUE;NA;NA;NA
"SRNIFGSVI";"NIFG-VI";"--NIFG-VI";"--NIFGVI-";FALSE;FALSE;TRUE;TRUE;TRUE;TRUE;FALSE;TRUE;TRUE;"b19";"N_B27";"N+S";"B19_1_A4HTE9+B19_2_E9B964+B19_3_Q4QIM7+B19_4_E9AL77+B19_5_A4H515+B19_1";"N_B2705_317.9";"XP_016864951.1 PREDICTED: leukemia inhibitory factor receptor isoform X1 [Homo  sapiens]";"data/classI/b19_netmhcpan.csv";"id50";0.6667;992.143;1.9;9.46;3;0;2;FALSE;TRUE;TRUE;NA;NA;NA
