allele;full_peptide;seq_num;core;ic50;rank
DRB1_0101;QAGSYIKVVSTSRDG;A7_1_LACK1;YIKVVSTSR;26.23;9.5
DRB1_0101;AGSYIKVVSTSRDGT;A7_1_LACK1;YIKVVSTSR;23.09;8.5
DRB1_0101;GSYIKVVSTSRDGTA;A7_1_LACK1;YIKVVSTSR;26.55;9.5
DRB1_0101;RKFLKHTKDVLAVAF;A7_1_LACK1;LKHTKDVLA;27.39;10
DRB1_0101;SPNRFWMCVATERSL;A7_1_LACK1;FWMCVATER;19.37;7
DRB1_0101;PNRFWMCVATERSLS;A7_1_LACK1;WMCVATERS;16.01;5.5
DRB1_0101;NRFWMCVATERSLSV;A7_1_LACK1;WMCVATERS;14.58;5
DRB1_0101;RFWMCVATERSLSVY;A7_1_LACK1;WMCVATERS;16.87;5.5
DRB1_0101;QAGSYIKVVSTSRDG;A7_2_LACK2;YIKVVSTSR;26.23;9.5
DRB1_0101;AGSYIKVVSTSRDGT;A7_2_LACK2;YIKVVSTSR;23.09;8.5
DRB1_0101;GSYIKVVSTSRDGTA;A7_2_LACK2;YIKVVSTSR;26.55;9.5
DRB1_0101;RKFLKHTKDVLAVAF;A7_2_LACK2;LKHTKDVLA;27.39;10
DRB1_0101;SPNRFWMCVATERSL;A7_2_LACK2;FWMCVATER;19.37;7
DRB1_0101;PNRFWMCVATERSLS;A7_2_LACK2;WMCVATERS;16.01;5.5
DRB1_0101;NRFWMCVATERSLSV;A7_2_LACK2;WMCVATERS;14.58;5
DRB1_0101;RFWMCVATERSLSVY;A7_2_LACK2;WMCVATERS;16.87;5.5
DRB1_0101;QAGSYIKVVSTSRDG;A7_3_E9BK16;YIKVVSTSR;26.23;9.5
DRB1_0101;AGSYIKVVSTSRDGT;A7_3_E9BK16;YIKVVSTSR;23.09;8.5
DRB1_0101;GSYIKVVSTSRDGTA;A7_3_E9BK16;YIKVVSTSR;26.55;9.5
DRB1_0101;RKFLKHTKDVLAVAF;A7_3_E9BK16;LKHTKDVLA;27.39;10
DRB1_0101;SPNRFWMCVATERSL;A7_3_E9BK16;FWMCVATER;19.37;7
DRB1_0101;PNRFWMCVATERSLS;A7_3_E9BK16;WMCVATERS;16.01;5.5
DRB1_0101;NRFWMCVATERSLSV;A7_3_E9BK16;WMCVATERS;14.58;5
DRB1_0101;RFWMCVATERSLSVY;A7_3_E9BK16;WMCVATERS;16.87;5.5
DRB1_0101;QAGSYIKVVSTSRDG;A7_4_Q95NJ3;YIKVVSTSR;26.23;9.5
DRB1_0101;AGSYIKVVSTSRDGT;A7_4_Q95NJ3;YIKVVSTSR;23.09;8.5
DRB1_0101;GSYIKVVSTSRDGTA;A7_4_Q95NJ3;YIKVVSTSR;26.55;9.5
DRB1_0101;RKFLKHTKDVLAVAF;A7_4_Q95NJ3;LKHTKDVLA;27.39;10
DRB1_0101;SPNRFWMCVATERSL;A7_4_Q95NJ3;FWMCVATER;19.37;7
DRB1_0101;PNRFWMCVATERSLS;A7_4_Q95NJ3;WMCVATERS;16.01;5.5
DRB1_0101;NRFWMCVATERSLSV;A7_4_Q95NJ3;WMCVATERS;14.58;5
DRB1_0101;RFWMCVATERSLSVY;A7_4_Q95NJ3;WMCVATERS;16.87;5.5
DRB1_0101;QAGSYIKVVSTSRDG;A7_5_J9UU49;YIKVVSTSR;26.23;9.5
DRB1_0101;AGSYIKVVSTSRDGT;A7_5_J9UU49;YIKVVSTSR;23.09;8.5
DRB1_0101;GSYIKVVSTSRDGTA;A7_5_J9UU49;YIKVVSTSR;26.55;9.5
DRB1_0101;RKFLKHTKDVLAVAF;A7_5_J9UU49;LKHTKDVLA;27.39;10
DRB1_0101;SPNRFWMCVATERSL;A7_5_J9UU49;FWMCVATER;19.37;7
DRB1_0101;PNRFWMCVATERSLS;A7_5_J9UU49;WMCVATERS;16.01;5.5
DRB1_0101;NRFWMCVATERSLSV;A7_5_J9UU49;WMCVATERS;14.58;5
DRB1_0101;RFWMCVATERSLSVY;A7_5_J9UU49;WMCVATERS;16.87;5.5
DRB1_0101;QAGSYIKVVSTSRDG;A7_6_A4HGX7;YIKVVSTSR;26.23;9.5
DRB1_0101;AGSYIKVVSTSRDGT;A7_6_A4HGX7;YIKVVSTSR;23.09;8.5
DRB1_0101;GSYIKVVSTSRDGTA;A7_6_A4HGX7;YIKVVSTSR;26.55;9.5
DRB1_0101;RKFLKHTKDVLAVAF;A7_6_A4HGX7;LKHTKDVLA;27.39;10
DRB1_0101;SPNRFWMCVAAEKSL;A7_6_A4HGX7;WMCVAAEKS;14.14;4.5
DRB1_0101;PNRFWMCVAAEKSLS;A7_6_A4HGX7;WMCVAAEKS;11.84;3.5
DRB1_0101;NRFWMCVAAEKSLSV;A7_6_A4HGX7;WMCVAAEKS;10.76;3
DRB1_0101;RFWMCVAAEKSLSVY;A7_6_A4HGX7;WMCVAAEKS;12.21;3.5
DRB1_0101;FWMCVAAEKSLSVYD;A7_6_A4HGX7;WMCVAAEKS;22.19;8
DRB1_0301;DYALTASWDRSIRMW;A7_1_LACK1;ASWDRSIRM;241.98;7.5
DRB1_0301;YALTASWDRSIRMWD;A7_1_LACK1;ASWDRSIRM;276.38;8.5
DRB1_0301;ALTASWDRSIRMWDL;A7_1_LACK1;ASWDRSIRM;274.71;8.5
DRB1_0301;LTASWDRSIRMWDLR;A7_1_LACK1;ASWDRSIRM;330.53;10
DRB1_0301;QRKFLKHTKDVLAVA;A7_1_LACK1;FLKHTKDVL;320.55;10
DRB1_0301;DVLAVAFSPDDRLIV;A7_1_LACK1;FSPDDRLIV;176.88;5.5
DRB1_0301;VLAVAFSPDDRLIVS;A7_1_LACK1;FSPDDRLIV;104.52;3
DRB1_0301;LAVAFSPDDRLIVSA;A7_1_LACK1;FSPDDRLIV;89.34;2.5
DRB1_0301;AVAFSPDDRLIVSAG;A7_1_LACK1;FSPDDRLIV;104.16;3
DRB1_0301;VAFSPDDRLIVSAGR;A7_1_LACK1;FSPDDRLIV;132.65;4
DRB1_0301;AFSPDDRLIVSAGRD;A7_1_LACK1;FSPDDRLIV;231.83;7
DRB1_0301;RLIVSAGRDNVIRVW;A7_1_LACK1;IVSAGRDNV;332.3;10
DRB1_0301;VSSICFSPSLEHPIV;A7_1_LACK1;ICFSPSLEH;315.24;10
DRB1_0301;QLFKINVESPINQIA;A7_1_LACK1;INVESPINQ;315.85;10
DRB1_0301;LFKINVESPINQIAF;A7_1_LACK1;INVESPINQ;322.18;10
DRB1_0301;RFWMCVATERSLSVY;A7_1_LACK1;CVATERSLS;246.59;7.5
DRB1_0301;FWMCVATERSLSVYD;A7_1_LACK1;CVATERSLS;318.07;10
DRB1_0301;DYALTASWDRSIRMW;A7_2_LACK2;ASWDRSIRM;241.98;7.5
DRB1_0301;YALTASWDRSIRMWD;A7_2_LACK2;ASWDRSIRM;276.38;8.5
DRB1_0301;ALTASWDRSIRMWDL;A7_2_LACK2;ASWDRSIRM;274.71;8.5
DRB1_0301;LTASWDRSIRMWDLR;A7_2_LACK2;ASWDRSIRM;330.53;10
DRB1_0301;QRKFLKHTKDVLAVA;A7_2_LACK2;FLKHTKDVL;320.55;10
DRB1_0301;DVLAVAFSPDDRLIV;A7_2_LACK2;FSPDDRLIV;176.88;5.5
DRB1_0301;VLAVAFSPDDRLIVS;A7_2_LACK2;FSPDDRLIV;104.52;3
DRB1_0301;LAVAFSPDDRLIVSA;A7_2_LACK2;FSPDDRLIV;89.34;2.5
DRB1_0301;AVAFSPDDRLIVSAG;A7_2_LACK2;FSPDDRLIV;104.16;3
DRB1_0301;VAFSPDDRLIVSAGR;A7_2_LACK2;FSPDDRLIV;132.65;4
DRB1_0301;AFSPDDRLIVSAGRD;A7_2_LACK2;FSPDDRLIV;231.83;7
DRB1_0301;RLIVSAGRDNVIRVW;A7_2_LACK2;IVSAGRDNV;332.3;10
DRB1_0301;VSSICFSPSLEHPIV;A7_2_LACK2;ICFSPSLEH;315.24;10
DRB1_0301;QLFKINVESPINQIA;A7_2_LACK2;INVESPINQ;315.85;10
DRB1_0301;LFKINVESPINQIAF;A7_2_LACK2;INVESPINQ;322.18;10
DRB1_0301;RFWMCVATERSLSVY;A7_2_LACK2;CVATERSLS;246.59;7.5
DRB1_0301;FWMCVATERSLSVYD;A7_2_LACK2;CVATERSLS;318.07;10
DRB1_0301;DYALTASWDRSIRMW;A7_3_E9BK16;ASWDRSIRM;241.98;7.5
DRB1_0301;YALTASWDRSIRMWD;A7_3_E9BK16;ASWDRSIRM;276.38;8.5
DRB1_0301;ALTASWDRSIRMWDL;A7_3_E9BK16;ASWDRSIRM;274.71;8.5
DRB1_0301;LTASWDRSIRMWDLR;A7_3_E9BK16;ASWDRSIRM;330.53;10
DRB1_0301;QRKFLKHTKDVLAVA;A7_3_E9BK16;FLKHTKDVL;320.55;10
DRB1_0301;DVLAVAFSPDDRLIV;A7_3_E9BK16;FSPDDRLIV;176.88;5.5
DRB1_0301;VLAVAFSPDDRLIVS;A7_3_E9BK16;FSPDDRLIV;104.52;3
DRB1_0301;LAVAFSPDDRLIVSA;A7_3_E9BK16;FSPDDRLIV;89.34;2.5
DRB1_0301;AVAFSPDDRLIVSAG;A7_3_E9BK16;FSPDDRLIV;104.16;3
DRB1_0301;VAFSPDDRLIVSAGR;A7_3_E9BK16;FSPDDRLIV;132.65;4
DRB1_0301;AFSPDDRLIVSAGRD;A7_3_E9BK16;FSPDDRLIV;231.83;7
DRB1_0301;RLIVSAGRDNVIRVW;A7_3_E9BK16;IVSAGRDNV;332.3;10
DRB1_0301;VSSICFSPSLEHPIV;A7_3_E9BK16;ICFSPSLEH;315.24;10
DRB1_0301;QLFKINVESPINQIA;A7_3_E9BK16;INVESPINQ;315.85;10
DRB1_0301;LFKINVESPINQIAF;A7_3_E9BK16;INVESPINQ;322.18;10
DRB1_0301;RFWMCVATERSLSVY;A7_3_E9BK16;CVATERSLS;246.59;7.5
DRB1_0301;FWMCVATERSLSVYD;A7_3_E9BK16;CVATERSLS;318.07;10
DRB1_0301;DYALTASWDRSIRMW;A7_4_Q95NJ3;ASWDRSIRM;241.98;7.5
DRB1_0301;YALTASWDRSIRMWD;A7_4_Q95NJ3;ASWDRSIRM;276.38;8.5
DRB1_0301;ALTASWDRSIRMWDL;A7_4_Q95NJ3;ASWDRSIRM;274.71;8.5
DRB1_0301;LTASWDRSIRMWDLR;A7_4_Q95NJ3;ASWDRSIRM;330.53;10
DRB1_0301;QRKFLKHTKDVLAVA;A7_4_Q95NJ3;FLKHTKDVL;320.55;10
DRB1_0301;DVLAVAFSPDDRLIV;A7_4_Q95NJ3;FSPDDRLIV;176.88;5.5
DRB1_0301;VLAVAFSPDDRLIVS;A7_4_Q95NJ3;FSPDDRLIV;104.52;3
DRB1_0301;LAVAFSPDDRLIVSA;A7_4_Q95NJ3;FSPDDRLIV;89.34;2.5
DRB1_0301;AVAFSPDDRLIVSAG;A7_4_Q95NJ3;FSPDDRLIV;104.16;3
DRB1_0301;VAFSPDDRLIVSAGR;A7_4_Q95NJ3;FSPDDRLIV;132.65;4
DRB1_0301;AFSPDDRLIVSAGRD;A7_4_Q95NJ3;FSPDDRLIV;231.83;7
DRB1_0301;RLIVSAGRDNVIRVW;A7_4_Q95NJ3;IVSAGRDNV;332.3;10
DRB1_0301;VSSICFSPSLEHPIV;A7_4_Q95NJ3;ICFSPSLEH;315.24;10
DRB1_0301;QLFKINVESPINQIA;A7_4_Q95NJ3;INVESPINQ;315.85;10
DRB1_0301;LFKINVESPINQIAF;A7_4_Q95NJ3;INVESPINQ;322.18;10
DRB1_0301;RFWMCVATERSLSVY;A7_4_Q95NJ3;CVATERSLS;246.59;7.5
DRB1_0301;FWMCVATERSLSVYD;A7_4_Q95NJ3;CVATERSLS;318.07;10
DRB1_0301;DYALTASWDRSIRMW;A7_5_J9UU49;ASWDRSIRM;241.98;7.5
DRB1_0301;YALTASWDRSIRMWD;A7_5_J9UU49;ASWDRSIRM;276.38;8.5
DRB1_0301;ALTASWDRSIRMWDL;A7_5_J9UU49;ASWDRSIRM;274.71;8.5
DRB1_0301;LTASWDRSIRMWDLR;A7_5_J9UU49;ASWDRSIRM;330.53;10
DRB1_0301;QRKFLKHTKDVLAVA;A7_5_J9UU49;FLKHTKDVL;320.55;10
DRB1_0301;DVLAVAFSPDDRLIV;A7_5_J9UU49;FSPDDRLIV;176.88;5.5
DRB1_0301;VLAVAFSPDDRLIVS;A7_5_J9UU49;FSPDDRLIV;104.52;3
DRB1_0301;LAVAFSPDDRLIVSA;A7_5_J9UU49;FSPDDRLIV;89.34;2.5
DRB1_0301;AVAFSPDDRLIVSAG;A7_5_J9UU49;FSPDDRLIV;104.16;3
DRB1_0301;VAFSPDDRLIVSAGR;A7_5_J9UU49;FSPDDRLIV;132.65;4
DRB1_0301;AFSPDDRLIVSAGRD;A7_5_J9UU49;FSPDDRLIV;231.83;7
DRB1_0301;RLIVSAGRDNVIRVW;A7_5_J9UU49;IVSAGRDNV;332.3;10
DRB1_0301;VSSICFSPSLEHPIV;A7_5_J9UU49;ICFSPSLEH;315.24;10
DRB1_0301;QLFKINVESPINQIA;A7_5_J9UU49;INVESPINQ;315.85;10
DRB1_0301;LFKINVESPINQIAF;A7_5_J9UU49;INVESPINQ;322.18;10
DRB1_0301;RFWMCVATERSLSVY;A7_5_J9UU49;CVATERSLS;246.59;7.5
DRB1_0301;FWMCVATERSLSVYD;A7_5_J9UU49;CVATERSLS;318.07;10
DRB1_0301;DYALTASWDRSIRMW;A7_6_A4HGX7;ASWDRSIRM;241.98;7.5
DRB1_0301;YALTASWDRSIRMWD;A7_6_A4HGX7;ASWDRSIRM;276.38;8.5
DRB1_0301;ALTASWDRSIRMWDL;A7_6_A4HGX7;ASWDRSIRM;274.71;8.5
DRB1_0301;LTASWDRSIRMWDLR;A7_6_A4HGX7;ASWDRSIRM;330.53;10
DRB1_0301;QRKFLKHTKDVLAVA;A7_6_A4HGX7;FLKHTKDVL;320.55;10
DRB1_0301;DVLAVAFSPDDRLIV;A7_6_A4HGX7;FSPDDRLIV;176.88;5.5
DRB1_0301;VLAVAFSPDDRLIVS;A7_6_A4HGX7;FSPDDRLIV;104.52;3
DRB1_0301;LAVAFSPDDRLIVSA;A7_6_A4HGX7;FSPDDRLIV;89.34;2.5
DRB1_0301;AVAFSPDDRLIVSAG;A7_6_A4HGX7;FSPDDRLIV;104.16;3
DRB1_0301;VAFSPDDRLIVSAGR;A7_6_A4HGX7;FSPDDRLIV;132.65;4
DRB1_0301;AFSPDDRLIVSAGRD;A7_6_A4HGX7;FSPDDRLIV;231.83;7
DRB1_0301;RLIVSAGRDNVIRVW;A7_6_A4HGX7;IVSAGRDNV;332.3;10
DRB1_0301;VSSICFSPSLEHPIV;A7_6_A4HGX7;ICFSPSLEH;315.24;10
DRB1_0301;QLFRINVESAINQIA;A7_6_A4HGX7;FRINVESAI;334.96;10
DRB1_0401;PQQAGSYIKVVSTSR;A7_1_LACK1;YIKVVSTSR;215.7;9.5
DRB1_0401;QQAGSYIKVVSTSRD;A7_1_LACK1;YIKVVSTSR;120.6;4.5
DRB1_0401;QAGSYIKVVSTSRDG;A7_1_LACK1;YIKVVSTSR;98.01;3.5
DRB1_0401;AGSYIKVVSTSRDGT;A7_1_LACK1;YIKVVSTSR;85.99;3
DRB1_0401;GSYIKVVSTSRDGTA;A7_1_LACK1;YIKVVSTSR;93.09;3
DRB1_0401;SYIKVVSTSRDGTAI;A7_1_LACK1;IKVVSTSRD;127.79;5
DRB1_0401;EGHTGFVSCVSLAHA;A7_1_LACK1;FVSCVSLAH;189.41;8
DRB1_0401;GHTGFVSCVSLAHAT;A7_1_LACK1;FVSCVSLAH;152.62;6.5
DRB1_0401;HTGFVSCVSLAHATD;A7_1_LACK1;FVSCVSLAH;157.29;6.5
DRB1_0401;TGFVSCVSLAHATDY;A7_1_LACK1;FVSCVSLAH;185.19;8
DRB1_0401;QRKFLKHTKDVLAVA;A7_1_LACK1;LKHTKDVLA;179.03;7.5
DRB1_0401;RKFLKHTKDVLAVAF;A7_1_LACK1;LKHTKDVLA;160.16;6.5
DRB1_0401;KFLKHTKDVLAVAFS;A7_1_LACK1;LKHTKDVLA;224.93;10
DRB1_0401;LKGHSNYVSTVTVSP;A7_1_LACK1;YVSTVTVSP;216.56;9.5
DRB1_0401;KGHSNYVSTVTVSPD;A7_1_LACK1;YVSTVTVSP;119.19;4.5
DRB1_0401;GHSNYVSTVTVSPDG;A7_1_LACK1;YVSTVTVSP;100.2;3.5
DRB1_0401;HSNYVSTVTVSPDGS;A7_1_LACK1;YVSTVTVSP;88.83;3
DRB1_0401;SNYVSTVTVSPDGSL;A7_1_LACK1;YVSTVTVSP;109.81;4
DRB1_0401;NYVSTVTVSPDGSLC;A7_1_LACK1;YVSTVTVSP;184.68;8
DRB1_0401;EQLFKINVESPINQI;A7_1_LACK1;FKINVESPI;208.64;9
DRB1_0401;QLFKINVESPINQIA;A7_1_LACK1;INVESPINQ;185.64;8
DRB1_0401;LFKINVESPINQIAF;A7_1_LACK1;INVESPINQ;213.81;9.5
DRB1_0401;SPNRFWMCVATERSL;A7_1_LACK1;WMCVATERS;118.92;4.5
DRB1_0401;PNRFWMCVATERSLS;A7_1_LACK1;WMCVATERS;100.16;3.5
DRB1_0401;NRFWMCVATERSLSV;A7_1_LACK1;WMCVATERS;88.56;3
DRB1_0401;RFWMCVATERSLSVY;A7_1_LACK1;WMCVATERS;100.32;3.5
DRB1_0401;FWMCVATERSLSVYD;A7_1_LACK1;WMCVATERS;192.98;8
DRB1_0401;PQQAGSYIKVVSTSR;A7_2_LACK2;YIKVVSTSR;215.7;9.5
DRB1_0401;QQAGSYIKVVSTSRD;A7_2_LACK2;YIKVVSTSR;120.6;4.5
DRB1_0401;QAGSYIKVVSTSRDG;A7_2_LACK2;YIKVVSTSR;98.01;3.5
DRB1_0401;AGSYIKVVSTSRDGT;A7_2_LACK2;YIKVVSTSR;85.99;3
DRB1_0401;GSYIKVVSTSRDGTA;A7_2_LACK2;YIKVVSTSR;93.09;3
DRB1_0401;SYIKVVSTSRDGTAI;A7_2_LACK2;IKVVSTSRD;127.79;5
DRB1_0401;EGHTGFVSCVSLAHA;A7_2_LACK2;FVSCVSLAH;189.41;8
DRB1_0401;GHTGFVSCVSLAHAT;A7_2_LACK2;FVSCVSLAH;152.62;6.5
DRB1_0401;HTGFVSCVSLAHATD;A7_2_LACK2;FVSCVSLAH;157.29;6.5
DRB1_0401;TGFVSCVSLAHATDY;A7_2_LACK2;FVSCVSLAH;185.19;8
DRB1_0401;QRKFLKHTKDVLAVA;A7_2_LACK2;LKHTKDVLA;179.03;7.5
DRB1_0401;RKFLKHTKDVLAVAF;A7_2_LACK2;LKHTKDVLA;160.16;6.5
DRB1_0401;KFLKHTKDVLAVAFS;A7_2_LACK2;LKHTKDVLA;224.93;10
DRB1_0401;LKGHSNYVSTVTVSP;A7_2_LACK2;YVSTVTVSP;216.56;9.5
DRB1_0401;KGHSNYVSTVTVSPD;A7_2_LACK2;YVSTVTVSP;119.19;4.5
DRB1_0401;GHSNYVSTVTVSPDG;A7_2_LACK2;YVSTVTVSP;100.2;3.5
DRB1_0401;HSNYVSTVTVSPDGS;A7_2_LACK2;YVSTVTVSP;88.83;3
DRB1_0401;SNYVSTVTVSPDGSL;A7_2_LACK2;YVSTVTVSP;109.81;4
DRB1_0401;NYVSTVTVSPDGSLC;A7_2_LACK2;YVSTVTVSP;184.68;8
DRB1_0401;EQLFKINVESPINQI;A7_2_LACK2;FKINVESPI;208.64;9
DRB1_0401;QLFKINVESPINQIA;A7_2_LACK2;INVESPINQ;185.64;8
DRB1_0401;LFKINVESPINQIAF;A7_2_LACK2;INVESPINQ;213.81;9.5
DRB1_0401;SPNRFWMCVATERSL;A7_2_LACK2;WMCVATERS;118.92;4.5
DRB1_0401;PNRFWMCVATERSLS;A7_2_LACK2;WMCVATERS;100.16;3.5
DRB1_0401;NRFWMCVATERSLSV;A7_2_LACK2;WMCVATERS;88.56;3
DRB1_0401;RFWMCVATERSLSVY;A7_2_LACK2;WMCVATERS;100.32;3.5
DRB1_0401;FWMCVATERSLSVYD;A7_2_LACK2;WMCVATERS;192.98;8
DRB1_0401;PQQAGSYIKVVSTSR;A7_3_E9BK16;YIKVVSTSR;215.7;9.5
DRB1_0401;QQAGSYIKVVSTSRD;A7_3_E9BK16;YIKVVSTSR;120.6;4.5
DRB1_0401;QAGSYIKVVSTSRDG;A7_3_E9BK16;YIKVVSTSR;98.01;3.5
DRB1_0401;AGSYIKVVSTSRDGT;A7_3_E9BK16;YIKVVSTSR;85.99;3
DRB1_0401;GSYIKVVSTSRDGTA;A7_3_E9BK16;YIKVVSTSR;93.09;3
DRB1_0401;SYIKVVSTSRDGTAI;A7_3_E9BK16;IKVVSTSRD;127.79;5
DRB1_0401;EGHTGFVSCVSLAHA;A7_3_E9BK16;FVSCVSLAH;189.41;8
DRB1_0401;GHTGFVSCVSLAHAT;A7_3_E9BK16;FVSCVSLAH;152.62;6.5
DRB1_0401;HTGFVSCVSLAHATD;A7_3_E9BK16;FVSCVSLAH;157.29;6.5
DRB1_0401;TGFVSCVSLAHATDY;A7_3_E9BK16;FVSCVSLAH;185.19;8
DRB1_0401;QRKFLKHTKDVLAVA;A7_3_E9BK16;LKHTKDVLA;179.03;7.5
DRB1_0401;RKFLKHTKDVLAVAF;A7_3_E9BK16;LKHTKDVLA;160.16;6.5
DRB1_0401;KFLKHTKDVLAVAFS;A7_3_E9BK16;LKHTKDVLA;224.93;10
DRB1_0401;LKGHSNYVSTVTVSP;A7_3_E9BK16;YVSTVTVSP;216.56;9.5
DRB1_0401;KGHSNYVSTVTVSPD;A7_3_E9BK16;YVSTVTVSP;119.19;4.5
DRB1_0401;GHSNYVSTVTVSPDG;A7_3_E9BK16;YVSTVTVSP;100.2;3.5
DRB1_0401;HSNYVSTVTVSPDGS;A7_3_E9BK16;YVSTVTVSP;88.83;3
DRB1_0401;SNYVSTVTVSPDGSL;A7_3_E9BK16;YVSTVTVSP;109.81;4
DRB1_0401;NYVSTVTVSPDGSLC;A7_3_E9BK16;YVSTVTVSP;184.68;8
DRB1_0401;EQLFKINVESPINQI;A7_3_E9BK16;FKINVESPI;208.64;9
DRB1_0401;QLFKINVESPINQIA;A7_3_E9BK16;INVESPINQ;185.64;8
DRB1_0401;LFKINVESPINQIAF;A7_3_E9BK16;INVESPINQ;213.81;9.5
DRB1_0401;SPNRFWMCVATERSL;A7_3_E9BK16;WMCVATERS;118.92;4.5
DRB1_0401;PNRFWMCVATERSLS;A7_3_E9BK16;WMCVATERS;100.16;3.5
DRB1_0401;NRFWMCVATERSLSV;A7_3_E9BK16;WMCVATERS;88.56;3
DRB1_0401;RFWMCVATERSLSVY;A7_3_E9BK16;WMCVATERS;100.32;3.5
DRB1_0401;FWMCVATERSLSVYD;A7_3_E9BK16;WMCVATERS;192.98;8
DRB1_0401;PQQAGSYIKVVSTSR;A7_4_Q95NJ3;YIKVVSTSR;215.7;9.5
DRB1_0401;QQAGSYIKVVSTSRD;A7_4_Q95NJ3;YIKVVSTSR;120.6;4.5
DRB1_0401;QAGSYIKVVSTSRDG;A7_4_Q95NJ3;YIKVVSTSR;98.01;3.5
DRB1_0401;AGSYIKVVSTSRDGT;A7_4_Q95NJ3;YIKVVSTSR;85.99;3
DRB1_0401;GSYIKVVSTSRDGTA;A7_4_Q95NJ3;YIKVVSTSR;93.09;3
DRB1_0401;SYIKVVSTSRDGTAI;A7_4_Q95NJ3;IKVVSTSRD;127.79;5
DRB1_0401;EGHTGFVSCVSLAHA;A7_4_Q95NJ3;FVSCVSLAH;189.41;8
DRB1_0401;GHTGFVSCVSLAHAT;A7_4_Q95NJ3;FVSCVSLAH;152.62;6.5
DRB1_0401;HTGFVSCVSLAHATD;A7_4_Q95NJ3;FVSCVSLAH;157.29;6.5
DRB1_0401;TGFVSCVSLAHATDY;A7_4_Q95NJ3;FVSCVSLAH;185.19;8
DRB1_0401;QRKFLKHTKDVLAVA;A7_4_Q95NJ3;LKHTKDVLA;179.03;7.5
DRB1_0401;RKFLKHTKDVLAVAF;A7_4_Q95NJ3;LKHTKDVLA;160.16;6.5
DRB1_0401;KFLKHTKDVLAVAFS;A7_4_Q95NJ3;LKHTKDVLA;224.93;10
DRB1_0401;LKGHSNYVSTVTVSP;A7_4_Q95NJ3;YVSTVTVSP;216.56;9.5
DRB1_0401;KGHSNYVSTVTVSPD;A7_4_Q95NJ3;YVSTVTVSP;119.19;4.5
DRB1_0401;GHSNYVSTVTVSPDG;A7_4_Q95NJ3;YVSTVTVSP;100.2;3.5
DRB1_0401;HSNYVSTVTVSPDGS;A7_4_Q95NJ3;YVSTVTVSP;88.83;3
DRB1_0401;SNYVSTVTVSPDGSL;A7_4_Q95NJ3;YVSTVTVSP;109.81;4
DRB1_0401;NYVSTVTVSPDGSLC;A7_4_Q95NJ3;YVSTVTVSP;184.68;8
DRB1_0401;EQLFKINVESPINQI;A7_4_Q95NJ3;FKINVESPI;208.64;9
DRB1_0401;QLFKINVESPINQIA;A7_4_Q95NJ3;INVESPINQ;185.64;8
DRB1_0401;LFKINVESPINQIAF;A7_4_Q95NJ3;INVESPINQ;213.81;9.5
DRB1_0401;SPNRFWMCVATERSL;A7_4_Q95NJ3;WMCVATERS;118.92;4.5
DRB1_0401;PNRFWMCVATERSLS;A7_4_Q95NJ3;WMCVATERS;100.16;3.5
DRB1_0401;NRFWMCVATERSLSV;A7_4_Q95NJ3;WMCVATERS;88.56;3
DRB1_0401;RFWMCVATERSLSVY;A7_4_Q95NJ3;WMCVATERS;100.32;3.5
DRB1_0401;FWMCVATERSLSVYD;A7_4_Q95NJ3;WMCVATERS;192.98;8
DRB1_0401;PQQAGSYIKVVSTSR;A7_5_J9UU49;YIKVVSTSR;215.7;9.5
DRB1_0401;QQAGSYIKVVSTSRD;A7_5_J9UU49;YIKVVSTSR;120.6;4.5
DRB1_0401;QAGSYIKVVSTSRDG;A7_5_J9UU49;YIKVVSTSR;98.01;3.5
DRB1_0401;AGSYIKVVSTSRDGT;A7_5_J9UU49;YIKVVSTSR;85.99;3
DRB1_0401;GSYIKVVSTSRDGTA;A7_5_J9UU49;YIKVVSTSR;93.09;3
DRB1_0401;SYIKVVSTSRDGTAI;A7_5_J9UU49;IKVVSTSRD;127.79;5
DRB1_0401;EGHTGFVSCVSLAHA;A7_5_J9UU49;FVSCVSLAH;189.41;8
DRB1_0401;GHTGFVSCVSLAHAT;A7_5_J9UU49;FVSCVSLAH;152.62;6.5
DRB1_0401;HTGFVSCVSLAHATD;A7_5_J9UU49;FVSCVSLAH;157.29;6.5
DRB1_0401;TGFVSCVSLAHATDY;A7_5_J9UU49;FVSCVSLAH;185.19;8
DRB1_0401;QRKFLKHTKDVLAVA;A7_5_J9UU49;LKHTKDVLA;179.03;7.5
DRB1_0401;RKFLKHTKDVLAVAF;A7_5_J9UU49;LKHTKDVLA;160.16;6.5
DRB1_0401;KFLKHTKDVLAVAFS;A7_5_J9UU49;LKHTKDVLA;224.93;10
DRB1_0401;LKGHSNYVSTVTVSP;A7_5_J9UU49;YVSTVTVSP;216.56;9.5
DRB1_0401;KGHSNYVSTVTVSPD;A7_5_J9UU49;YVSTVTVSP;119.19;4.5
DRB1_0401;GHSNYVSTVTVSPDG;A7_5_J9UU49;YVSTVTVSP;100.2;3.5
DRB1_0401;HSNYVSTVTVSPDGS;A7_5_J9UU49;YVSTVTVSP;88.83;3
DRB1_0401;SNYVSTVTVSPDGSL;A7_5_J9UU49;YVSTVTVSP;109.81;4
DRB1_0401;NYVSTVTVSPDGSLC;A7_5_J9UU49;YVSTVTVSP;184.68;8
DRB1_0401;EQLFKINVESPINQI;A7_5_J9UU49;FKINVESPI;208.64;9
DRB1_0401;QLFKINVESPINQIA;A7_5_J9UU49;INVESPINQ;185.64;8
DRB1_0401;LFKINVESPINQIAF;A7_5_J9UU49;INVESPINQ;213.81;9.5
DRB1_0401;SPNRFWMCVATERSL;A7_5_J9UU49;WMCVATERS;118.92;4.5
DRB1_0401;PNRFWMCVATERSLS;A7_5_J9UU49;WMCVATERS;100.16;3.5
DRB1_0401;NRFWMCVATERSLSV;A7_5_J9UU49;WMCVATERS;88.56;3
DRB1_0401;RFWMCVATERSLSVY;A7_5_J9UU49;WMCVATERS;100.32;3.5
DRB1_0401;FWMCVATERSLSVYD;A7_5_J9UU49;WMCVATERS;192.98;8
DRB1_0401;PQQAGSYIKVVSTSR;A7_6_A4HGX7;YIKVVSTSR;215.7;9.5
DRB1_0401;QQAGSYIKVVSTSRD;A7_6_A4HGX7;YIKVVSTSR;120.6;4.5
DRB1_0401;QAGSYIKVVSTSRDG;A7_6_A4HGX7;YIKVVSTSR;98.01;3.5
DRB1_0401;AGSYIKVVSTSRDGT;A7_6_A4HGX7;YIKVVSTSR;85.99;3
DRB1_0401;GSYIKVVSTSRDGTA;A7_6_A4HGX7;YIKVVSTSR;93.09;3
DRB1_0401;SYIKVVSTSRDGTAI;A7_6_A4HGX7;IKVVSTSRD;127.79;5
DRB1_0401;EGHTGFVSCVSLAHA;A7_6_A4HGX7;FVSCVSLAH;189.41;8
DRB1_0401;GHTGFVSCVSLAHAT;A7_6_A4HGX7;FVSCVSLAH;152.62;6.5
DRB1_0401;HTGFVSCVSLAHATD;A7_6_A4HGX7;FVSCVSLAH;157.29;6.5
DRB1_0401;TGFVSCVSLAHATDY;A7_6_A4HGX7;FVSCVSLAH;185.19;8
DRB1_0401;QRKFLKHTKDVLAVA;A7_6_A4HGX7;LKHTKDVLA;179.03;7.5
DRB1_0401;RKFLKHTKDVLAVAF;A7_6_A4HGX7;LKHTKDVLA;160.16;6.5
DRB1_0401;KFLKHTKDVLAVAFS;A7_6_A4HGX7;LKHTKDVLA;224.93;10
DRB1_0401;LKGHSNYVSTVTVSP;A7_6_A4HGX7;YVSTVTVSP;216.56;9.5
DRB1_0401;KGHSNYVSTVTVSPD;A7_6_A4HGX7;YVSTVTVSP;119.19;4.5
DRB1_0401;GHSNYVSTVTVSPDG;A7_6_A4HGX7;YVSTVTVSP;100.2;3.5
DRB1_0401;HSNYVSTVTVSPDGS;A7_6_A4HGX7;YVSTVTVSP;88.83;3
DRB1_0401;SNYVSTVTVSPDGSL;A7_6_A4HGX7;YVSTVTVSP;109.81;4
DRB1_0401;NYVSTVTVSPDGSLC;A7_6_A4HGX7;YVSTVTVSP;184.68;8
DRB1_0401;TGEQLFRINVESAIN;A7_6_A4HGX7;FRINVESAI;172.16;7.5
DRB1_0401;GEQLFRINVESAINQ;A7_6_A4HGX7;FRINVESAI;140.16;5.5
DRB1_0401;EQLFRINVESAINQI;A7_6_A4HGX7;FRINVESAI;114.75;4.5
DRB1_0401;QLFRINVESAINQIA;A7_6_A4HGX7;INVESAINQ;111.78;4
DRB1_0401;LFRINVESAINQIAF;A7_6_A4HGX7;INVESAINQ;138.01;5.5
DRB1_0401;SPNRFWMCVAAEKSL;A7_6_A4HGX7;FWMCVAAEK;183.39;8
DRB1_0401;PNRFWMCVAAEKSLS;A7_6_A4HGX7;WMCVAAEKS;160.31;6.5
DRB1_0401;NRFWMCVAAEKSLSV;A7_6_A4HGX7;WMCVAAEKS;141.61;5.5
DRB1_0401;RFWMCVAAEKSLSVY;A7_6_A4HGX7;WMCVAAEKS;156.36;6.5
DRB1_0405;QQAGSYIKVVSTSRD;A7_1_LACK1;YIKVVSTSR;141.03;7.5
DRB1_0405;QAGSYIKVVSTSRDG;A7_1_LACK1;YIKVVSTSR;118.49;6
DRB1_0405;AGSYIKVVSTSRDGT;A7_1_LACK1;YIKVVSTSR;103.67;5
DRB1_0405;GSYIKVVSTSRDGTA;A7_1_LACK1;IKVVSTSRD;110.2;5.5
DRB1_0405;SYIKVVSTSRDGTAI;A7_1_LACK1;IKVVSTSRD;142.18;7.5
DRB1_0405;EGHTGFVSCVSLAHA;A7_1_LACK1;FVSCVSLAH;152.3;8.5
DRB1_0405;GHTGFVSCVSLAHAT;A7_1_LACK1;FVSCVSLAH;123.35;6.5
DRB1_0405;HTGFVSCVSLAHATD;A7_1_LACK1;FVSCVSLAH;125.56;6.5
DRB1_0405;TGFVSCVSLAHATDY;A7_1_LACK1;FVSCVSLAH;136.69;7
DRB1_0405;GFVSCVSLAHATDYA;A7_1_LACK1;FVSCVSLAH;169.76;9.5
DRB1_0405;QRKFLKHTKDVLAVA;A7_1_LACK1;LKHTKDVLA;174.89;9.5
DRB1_0405;RKFLKHTKDVLAVAF;A7_1_LACK1;LKHTKDVLA;169.94;9.5
DRB1_0405;KGHSNYVSTVTVSPD;A7_1_LACK1;YVSTVTVSP;156.61;8.5
DRB1_0405;GHSNYVSTVTVSPDG;A7_1_LACK1;YVSTVTVSP;132.19;7
DRB1_0405;HSNYVSTVTVSPDGS;A7_1_LACK1;YVSTVTVSP;115.32;5.5
DRB1_0405;SNYVSTVTVSPDGSL;A7_1_LACK1;YVSTVTVSP;138.63;7.5
DRB1_0405;FSPNRFWMCVATERS;A7_1_LACK1;FWMCVATER;176.99;10
DRB1_0405;SPNRFWMCVATERSL;A7_1_LACK1;WMCVATERS;93.31;4
DRB1_0405;PNRFWMCVATERSLS;A7_1_LACK1;WMCVATERS;80.74;3.5
DRB1_0405;NRFWMCVATERSLSV;A7_1_LACK1;WMCVATERS;71.76;3
DRB1_0405;RFWMCVATERSLSVY;A7_1_LACK1;WMCVATERS;84.17;3.5
DRB1_0405;FWMCVATERSLSVYD;A7_1_LACK1;WMCVATERS;171.63;9.5
DRB1_0405;QQAGSYIKVVSTSRD;A7_2_LACK2;YIKVVSTSR;141.03;7.5
DRB1_0405;QAGSYIKVVSTSRDG;A7_2_LACK2;YIKVVSTSR;118.49;6
DRB1_0405;AGSYIKVVSTSRDGT;A7_2_LACK2;YIKVVSTSR;103.67;5
DRB1_0405;GSYIKVVSTSRDGTA;A7_2_LACK2;IKVVSTSRD;110.2;5.5
DRB1_0405;SYIKVVSTSRDGTAI;A7_2_LACK2;IKVVSTSRD;142.18;7.5
DRB1_0405;EGHTGFVSCVSLAHA;A7_2_LACK2;FVSCVSLAH;152.3;8.5
DRB1_0405;GHTGFVSCVSLAHAT;A7_2_LACK2;FVSCVSLAH;123.35;6.5
DRB1_0405;HTGFVSCVSLAHATD;A7_2_LACK2;FVSCVSLAH;125.56;6.5
DRB1_0405;TGFVSCVSLAHATDY;A7_2_LACK2;FVSCVSLAH;136.69;7
DRB1_0405;GFVSCVSLAHATDYA;A7_2_LACK2;FVSCVSLAH;169.76;9.5
DRB1_0405;QRKFLKHTKDVLAVA;A7_2_LACK2;LKHTKDVLA;174.89;9.5
DRB1_0405;RKFLKHTKDVLAVAF;A7_2_LACK2;LKHTKDVLA;169.94;9.5
DRB1_0405;KGHSNYVSTVTVSPD;A7_2_LACK2;YVSTVTVSP;156.61;8.5
DRB1_0405;GHSNYVSTVTVSPDG;A7_2_LACK2;YVSTVTVSP;132.19;7
DRB1_0405;HSNYVSTVTVSPDGS;A7_2_LACK2;YVSTVTVSP;115.32;5.5
DRB1_0405;SNYVSTVTVSPDGSL;A7_2_LACK2;YVSTVTVSP;138.63;7.5
DRB1_0405;FSPNRFWMCVATERS;A7_2_LACK2;FWMCVATER;176.99;10
DRB1_0405;SPNRFWMCVATERSL;A7_2_LACK2;WMCVATERS;93.31;4
DRB1_0405;PNRFWMCVATERSLS;A7_2_LACK2;WMCVATERS;80.74;3.5
DRB1_0405;NRFWMCVATERSLSV;A7_2_LACK2;WMCVATERS;71.76;3
DRB1_0405;RFWMCVATERSLSVY;A7_2_LACK2;WMCVATERS;84.17;3.5
DRB1_0405;FWMCVATERSLSVYD;A7_2_LACK2;WMCVATERS;171.63;9.5
DRB1_0405;QQAGSYIKVVSTSRD;A7_3_E9BK16;YIKVVSTSR;141.03;7.5
DRB1_0405;QAGSYIKVVSTSRDG;A7_3_E9BK16;YIKVVSTSR;118.49;6
DRB1_0405;AGSYIKVVSTSRDGT;A7_3_E9BK16;YIKVVSTSR;103.67;5
DRB1_0405;GSYIKVVSTSRDGTA;A7_3_E9BK16;IKVVSTSRD;110.2;5.5
DRB1_0405;SYIKVVSTSRDGTAI;A7_3_E9BK16;IKVVSTSRD;142.18;7.5
DRB1_0405;EGHTGFVSCVSLAHA;A7_3_E9BK16;FVSCVSLAH;152.3;8.5
DRB1_0405;GHTGFVSCVSLAHAT;A7_3_E9BK16;FVSCVSLAH;123.35;6.5
DRB1_0405;HTGFVSCVSLAHATD;A7_3_E9BK16;FVSCVSLAH;125.56;6.5
DRB1_0405;TGFVSCVSLAHATDY;A7_3_E9BK16;FVSCVSLAH;136.69;7
DRB1_0405;GFVSCVSLAHATDYA;A7_3_E9BK16;FVSCVSLAH;169.76;9.5
DRB1_0405;QRKFLKHTKDVLAVA;A7_3_E9BK16;LKHTKDVLA;174.89;9.5
DRB1_0405;RKFLKHTKDVLAVAF;A7_3_E9BK16;LKHTKDVLA;169.94;9.5
DRB1_0405;KGHSNYVSTVTVSPD;A7_3_E9BK16;YVSTVTVSP;156.61;8.5
DRB1_0405;GHSNYVSTVTVSPDG;A7_3_E9BK16;YVSTVTVSP;132.19;7
DRB1_0405;HSNYVSTVTVSPDGS;A7_3_E9BK16;YVSTVTVSP;115.32;5.5
DRB1_0405;SNYVSTVTVSPDGSL;A7_3_E9BK16;YVSTVTVSP;138.63;7.5
DRB1_0405;FSPNRFWMCVATERS;A7_3_E9BK16;FWMCVATER;176.99;10
DRB1_0405;SPNRFWMCVATERSL;A7_3_E9BK16;WMCVATERS;93.31;4
DRB1_0405;PNRFWMCVATERSLS;A7_3_E9BK16;WMCVATERS;80.74;3.5
DRB1_0405;NRFWMCVATERSLSV;A7_3_E9BK16;WMCVATERS;71.76;3
DRB1_0405;RFWMCVATERSLSVY;A7_3_E9BK16;WMCVATERS;84.17;3.5
DRB1_0405;FWMCVATERSLSVYD;A7_3_E9BK16;WMCVATERS;171.63;9.5
DRB1_0405;QQAGSYIKVVSTSRD;A7_4_Q95NJ3;YIKVVSTSR;141.03;7.5
DRB1_0405;QAGSYIKVVSTSRDG;A7_4_Q95NJ3;YIKVVSTSR;118.49;6
DRB1_0405;AGSYIKVVSTSRDGT;A7_4_Q95NJ3;YIKVVSTSR;103.67;5
DRB1_0405;GSYIKVVSTSRDGTA;A7_4_Q95NJ3;IKVVSTSRD;110.2;5.5
DRB1_0405;SYIKVVSTSRDGTAI;A7_4_Q95NJ3;IKVVSTSRD;142.18;7.5
DRB1_0405;EGHTGFVSCVSLAHA;A7_4_Q95NJ3;FVSCVSLAH;152.3;8.5
DRB1_0405;GHTGFVSCVSLAHAT;A7_4_Q95NJ3;FVSCVSLAH;123.35;6.5
DRB1_0405;HTGFVSCVSLAHATD;A7_4_Q95NJ3;FVSCVSLAH;125.56;6.5
DRB1_0405;TGFVSCVSLAHATDY;A7_4_Q95NJ3;FVSCVSLAH;136.69;7
DRB1_0405;GFVSCVSLAHATDYA;A7_4_Q95NJ3;FVSCVSLAH;169.76;9.5
DRB1_0405;QRKFLKHTKDVLAVA;A7_4_Q95NJ3;LKHTKDVLA;174.89;9.5
DRB1_0405;RKFLKHTKDVLAVAF;A7_4_Q95NJ3;LKHTKDVLA;169.94;9.5
DRB1_0405;KGHSNYVSTVTVSPD;A7_4_Q95NJ3;YVSTVTVSP;156.61;8.5
DRB1_0405;GHSNYVSTVTVSPDG;A7_4_Q95NJ3;YVSTVTVSP;132.19;7
DRB1_0405;HSNYVSTVTVSPDGS;A7_4_Q95NJ3;YVSTVTVSP;115.32;5.5
DRB1_0405;SNYVSTVTVSPDGSL;A7_4_Q95NJ3;YVSTVTVSP;138.63;7.5
DRB1_0405;FSPNRFWMCVATERS;A7_4_Q95NJ3;FWMCVATER;176.99;10
DRB1_0405;SPNRFWMCVATERSL;A7_4_Q95NJ3;WMCVATERS;93.31;4
DRB1_0405;PNRFWMCVATERSLS;A7_4_Q95NJ3;WMCVATERS;80.74;3.5
DRB1_0405;NRFWMCVATERSLSV;A7_4_Q95NJ3;WMCVATERS;71.76;3
DRB1_0405;RFWMCVATERSLSVY;A7_4_Q95NJ3;WMCVATERS;84.17;3.5
DRB1_0405;FWMCVATERSLSVYD;A7_4_Q95NJ3;WMCVATERS;171.63;9.5
DRB1_0405;QQAGSYIKVVSTSRD;A7_5_J9UU49;YIKVVSTSR;141.03;7.5
DRB1_0405;QAGSYIKVVSTSRDG;A7_5_J9UU49;YIKVVSTSR;118.49;6
DRB1_0405;AGSYIKVVSTSRDGT;A7_5_J9UU49;YIKVVSTSR;103.67;5
DRB1_0405;GSYIKVVSTSRDGTA;A7_5_J9UU49;IKVVSTSRD;110.2;5.5
DRB1_0405;SYIKVVSTSRDGTAI;A7_5_J9UU49;IKVVSTSRD;142.18;7.5
DRB1_0405;EGHTGFVSCVSLAHA;A7_5_J9UU49;FVSCVSLAH;152.3;8.5
DRB1_0405;GHTGFVSCVSLAHAT;A7_5_J9UU49;FVSCVSLAH;123.35;6.5
DRB1_0405;HTGFVSCVSLAHATD;A7_5_J9UU49;FVSCVSLAH;125.56;6.5
DRB1_0405;TGFVSCVSLAHATDY;A7_5_J9UU49;FVSCVSLAH;136.69;7
DRB1_0405;GFVSCVSLAHATDYA;A7_5_J9UU49;FVSCVSLAH;169.76;9.5
DRB1_0405;QRKFLKHTKDVLAVA;A7_5_J9UU49;LKHTKDVLA;174.89;9.5
DRB1_0405;RKFLKHTKDVLAVAF;A7_5_J9UU49;LKHTKDVLA;169.94;9.5
DRB1_0405;KGHSNYVSTVTVSPD;A7_5_J9UU49;YVSTVTVSP;156.61;8.5
DRB1_0405;GHSNYVSTVTVSPDG;A7_5_J9UU49;YVSTVTVSP;132.19;7
DRB1_0405;HSNYVSTVTVSPDGS;A7_5_J9UU49;YVSTVTVSP;115.32;5.5
DRB1_0405;SNYVSTVTVSPDGSL;A7_5_J9UU49;YVSTVTVSP;138.63;7.5
DRB1_0405;FSPNRFWMCVATERS;A7_5_J9UU49;FWMCVATER;176.99;10
DRB1_0405;SPNRFWMCVATERSL;A7_5_J9UU49;WMCVATERS;93.31;4
DRB1_0405;PNRFWMCVATERSLS;A7_5_J9UU49;WMCVATERS;80.74;3.5
DRB1_0405;NRFWMCVATERSLSV;A7_5_J9UU49;WMCVATERS;71.76;3
DRB1_0405;RFWMCVATERSLSVY;A7_5_J9UU49;WMCVATERS;84.17;3.5
DRB1_0405;FWMCVATERSLSVYD;A7_5_J9UU49;WMCVATERS;171.63;9.5
DRB1_0405;QQAGSYIKVVSTSRD;A7_6_A4HGX7;YIKVVSTSR;141.03;7.5
DRB1_0405;QAGSYIKVVSTSRDG;A7_6_A4HGX7;YIKVVSTSR;118.49;6
DRB1_0405;AGSYIKVVSTSRDGT;A7_6_A4HGX7;YIKVVSTSR;103.67;5
DRB1_0405;GSYIKVVSTSRDGTA;A7_6_A4HGX7;IKVVSTSRD;110.2;5.5
DRB1_0405;SYIKVVSTSRDGTAI;A7_6_A4HGX7;IKVVSTSRD;142.18;7.5
DRB1_0405;EGHTGFVSCVSLAHA;A7_6_A4HGX7;FVSCVSLAH;152.3;8.5
DRB1_0405;GHTGFVSCVSLAHAT;A7_6_A4HGX7;FVSCVSLAH;123.35;6.5
DRB1_0405;HTGFVSCVSLAHATD;A7_6_A4HGX7;FVSCVSLAH;125.56;6.5
DRB1_0405;TGFVSCVSLAHATDY;A7_6_A4HGX7;FVSCVSLAH;136.69;7
DRB1_0405;GFVSCVSLAHATDYA;A7_6_A4HGX7;FVSCVSLAH;169.76;9.5
DRB1_0405;QRKFLKHTKDVLAVA;A7_6_A4HGX7;LKHTKDVLA;174.89;9.5
DRB1_0405;RKFLKHTKDVLAVAF;A7_6_A4HGX7;LKHTKDVLA;169.94;9.5
DRB1_0405;KGHSNYVSTVTVSPD;A7_6_A4HGX7;YVSTVTVSP;156.61;8.5
DRB1_0405;GHSNYVSTVTVSPDG;A7_6_A4HGX7;YVSTVTVSP;132.19;7
DRB1_0405;HSNYVSTVTVSPDGS;A7_6_A4HGX7;YVSTVTVSP;115.32;5.5
DRB1_0405;SNYVSTVTVSPDGSL;A7_6_A4HGX7;YVSTVTVSP;138.63;7.5
DRB1_0405;TGEQLFRINVESAIN;A7_6_A4HGX7;LFRINVESA;180.8;10
DRB1_0405;GEQLFRINVESAINQ;A7_6_A4HGX7;LFRINVESA;156.93;8.5
DRB1_0405;EQLFRINVESAINQI;A7_6_A4HGX7;LFRINVESA;141.67;7.5
DRB1_0405;QLFRINVESAINQIA;A7_6_A4HGX7;LFRINVESA;150.54;8
DRB1_0405;SPNRFWMCVAAEKSL;A7_6_A4HGX7;FWMCVAAEK;139.57;7.5
DRB1_0405;PNRFWMCVAAEKSLS;A7_6_A4HGX7;FWMCVAAEK;128.41;6.5
DRB1_0405;NRFWMCVAAEKSLSV;A7_6_A4HGX7;WMCVAAEKS;121.37;6
DRB1_0405;RFWMCVAAEKSLSVY;A7_6_A4HGX7;WMCVAAEKS;151.1;8
DRB1_0701;PQQAGSYIKVVSTSR;A7_1_LACK1;YIKVVSTSR;105.68;10
DRB1_0701;QQAGSYIKVVSTSRD;A7_1_LACK1;YIKVVSTSR;72.64;6
DRB1_0701;QAGSYIKVVSTSRDG;A7_1_LACK1;YIKVVSTSR;71.84;6
DRB1_0701;AGSYIKVVSTSRDGT;A7_1_LACK1;YIKVVSTSR;67.18;5.5
DRB1_0701;GSYIKVVSTSRDGTA;A7_1_LACK1;YIKVVSTSR;76.51;6.5
DRB1_0701;SYIKVVSTSRDGTAI;A7_1_LACK1;YIKVVSTSR;103.3;9.5
DRB1_0701;EGHTGFVSCVSLAHA;A7_1_LACK1;FVSCVSLAH;96.7;9
DRB1_0701;GHTGFVSCVSLAHAT;A7_1_LACK1;FVSCVSLAH;80.6;7
DRB1_0701;HTGFVSCVSLAHATD;A7_1_LACK1;FVSCVSLAH;91.64;8.5
DRB1_0701;TGFVSCVSLAHATDY;A7_1_LACK1;FVSCVSLAH;93.37;8.5
DRB1_0701;GFVSCVSLAHATDYA;A7_1_LACK1;FVSCVSLAH;108.09;10
DRB1_0701;ATDYALTASWDRSIR;A7_1_LACK1;YALTASWDR;98.59;9
DRB1_0701;CQRKFLKHTKDVLAV;A7_1_LACK1;LKHTKDVLA;96.44;9
DRB1_0701;QRKFLKHTKDVLAVA;A7_1_LACK1;LKHTKDVLA;79.85;7
DRB1_0701;RKFLKHTKDVLAVAF;A7_1_LACK1;LKHTKDVLA;77.8;7
DRB1_0701;AALLWDLSTGEQLFK;A7_1_LACK1;WDLSTGEQL;108.45;10
DRB1_0701;ALLWDLSTGEQLFKI;A7_1_LACK1;WDLSTGEQL;91.88;8.5
DRB1_0701;EQLFKINVESPINQI;A7_1_LACK1;FKINVESPI;106.99;10
DRB1_0701;QLFKINVESPINQIA;A7_1_LACK1;FKINVESPI;106.01;10
DRB1_0701;SPNRFWMCVATERSL;A7_1_LACK1;FWMCVATER;68.3;5.5
DRB1_0701;PNRFWMCVATERSLS;A7_1_LACK1;FWMCVATER;59.73;5
DRB1_0701;NRFWMCVATERSLSV;A7_1_LACK1;FWMCVATER;50.14;4
DRB1_0701;RFWMCVATERSLSVY;A7_1_LACK1;FWMCVATER;56.12;4.5
DRB1_0701;FWMCVATERSLSVYD;A7_1_LACK1;VATERSLSV;105.01;10
DRB1_0701;PQQAGSYIKVVSTSR;A7_2_LACK2;YIKVVSTSR;105.68;10
DRB1_0701;QQAGSYIKVVSTSRD;A7_2_LACK2;YIKVVSTSR;72.64;6
DRB1_0701;QAGSYIKVVSTSRDG;A7_2_LACK2;YIKVVSTSR;71.84;6
DRB1_0701;AGSYIKVVSTSRDGT;A7_2_LACK2;YIKVVSTSR;67.18;5.5
DRB1_0701;GSYIKVVSTSRDGTA;A7_2_LACK2;YIKVVSTSR;76.51;6.5
DRB1_0701;SYIKVVSTSRDGTAI;A7_2_LACK2;YIKVVSTSR;103.3;9.5
DRB1_0701;EGHTGFVSCVSLAHA;A7_2_LACK2;FVSCVSLAH;96.7;9
DRB1_0701;GHTGFVSCVSLAHAT;A7_2_LACK2;FVSCVSLAH;80.6;7
DRB1_0701;HTGFVSCVSLAHATD;A7_2_LACK2;FVSCVSLAH;91.64;8.5
DRB1_0701;TGFVSCVSLAHATDY;A7_2_LACK2;FVSCVSLAH;93.37;8.5
DRB1_0701;GFVSCVSLAHATDYA;A7_2_LACK2;FVSCVSLAH;108.09;10
DRB1_0701;ATDYALTASWDRSIR;A7_2_LACK2;YALTASWDR;98.59;9
DRB1_0701;CQRKFLKHTKDVLAV;A7_2_LACK2;LKHTKDVLA;96.44;9
DRB1_0701;QRKFLKHTKDVLAVA;A7_2_LACK2;LKHTKDVLA;79.85;7
DRB1_0701;RKFLKHTKDVLAVAF;A7_2_LACK2;LKHTKDVLA;77.8;7
DRB1_0701;AALLWDLSTGEQLFK;A7_2_LACK2;WDLSTGEQL;108.45;10
DRB1_0701;ALLWDLSTGEQLFKI;A7_2_LACK2;WDLSTGEQL;91.88;8.5
DRB1_0701;EQLFKINVESPINQI;A7_2_LACK2;FKINVESPI;106.99;10
DRB1_0701;QLFKINVESPINQIA;A7_2_LACK2;FKINVESPI;106.01;10
DRB1_0701;SPNRFWMCVATERSL;A7_2_LACK2;FWMCVATER;68.3;5.5
DRB1_0701;PNRFWMCVATERSLS;A7_2_LACK2;FWMCVATER;59.73;5
DRB1_0701;NRFWMCVATERSLSV;A7_2_LACK2;FWMCVATER;50.14;4
DRB1_0701;RFWMCVATERSLSVY;A7_2_LACK2;FWMCVATER;56.12;4.5
DRB1_0701;FWMCVATERSLSVYD;A7_2_LACK2;VATERSLSV;105.01;10
DRB1_0701;PQQAGSYIKVVSTSR;A7_3_E9BK16;YIKVVSTSR;105.68;10
DRB1_0701;QQAGSYIKVVSTSRD;A7_3_E9BK16;YIKVVSTSR;72.64;6
DRB1_0701;QAGSYIKVVSTSRDG;A7_3_E9BK16;YIKVVSTSR;71.84;6
DRB1_0701;AGSYIKVVSTSRDGT;A7_3_E9BK16;YIKVVSTSR;67.18;5.5
DRB1_0701;GSYIKVVSTSRDGTA;A7_3_E9BK16;YIKVVSTSR;76.51;6.5
DRB1_0701;SYIKVVSTSRDGTAI;A7_3_E9BK16;YIKVVSTSR;103.3;9.5
DRB1_0701;EGHTGFVSCVSLAHA;A7_3_E9BK16;FVSCVSLAH;96.7;9
DRB1_0701;GHTGFVSCVSLAHAT;A7_3_E9BK16;FVSCVSLAH;80.6;7
DRB1_0701;HTGFVSCVSLAHATD;A7_3_E9BK16;FVSCVSLAH;91.64;8.5
DRB1_0701;TGFVSCVSLAHATDY;A7_3_E9BK16;FVSCVSLAH;93.37;8.5
DRB1_0701;GFVSCVSLAHATDYA;A7_3_E9BK16;FVSCVSLAH;108.09;10
DRB1_0701;ATDYALTASWDRSIR;A7_3_E9BK16;YALTASWDR;98.59;9
DRB1_0701;CQRKFLKHTKDVLAV;A7_3_E9BK16;LKHTKDVLA;96.44;9
DRB1_0701;QRKFLKHTKDVLAVA;A7_3_E9BK16;LKHTKDVLA;79.85;7
DRB1_0701;RKFLKHTKDVLAVAF;A7_3_E9BK16;LKHTKDVLA;77.8;7
DRB1_0701;AALLWDLSTGEQLFK;A7_3_E9BK16;WDLSTGEQL;108.45;10
DRB1_0701;ALLWDLSTGEQLFKI;A7_3_E9BK16;WDLSTGEQL;91.88;8.5
DRB1_0701;EQLFKINVESPINQI;A7_3_E9BK16;FKINVESPI;106.99;10
DRB1_0701;QLFKINVESPINQIA;A7_3_E9BK16;FKINVESPI;106.01;10
DRB1_0701;SPNRFWMCVATERSL;A7_3_E9BK16;FWMCVATER;68.3;5.5
DRB1_0701;PNRFWMCVATERSLS;A7_3_E9BK16;FWMCVATER;59.73;5
DRB1_0701;NRFWMCVATERSLSV;A7_3_E9BK16;FWMCVATER;50.14;4
DRB1_0701;RFWMCVATERSLSVY;A7_3_E9BK16;FWMCVATER;56.12;4.5
DRB1_0701;FWMCVATERSLSVYD;A7_3_E9BK16;VATERSLSV;105.01;10
DRB1_0701;PQQAGSYIKVVSTSR;A7_4_Q95NJ3;YIKVVSTSR;105.68;10
DRB1_0701;QQAGSYIKVVSTSRD;A7_4_Q95NJ3;YIKVVSTSR;72.64;6
DRB1_0701;QAGSYIKVVSTSRDG;A7_4_Q95NJ3;YIKVVSTSR;71.84;6
DRB1_0701;AGSYIKVVSTSRDGT;A7_4_Q95NJ3;YIKVVSTSR;67.18;5.5
DRB1_0701;GSYIKVVSTSRDGTA;A7_4_Q95NJ3;YIKVVSTSR;76.51;6.5
DRB1_0701;SYIKVVSTSRDGTAI;A7_4_Q95NJ3;YIKVVSTSR;103.3;9.5
DRB1_0701;EGHTGFVSCVSLAHA;A7_4_Q95NJ3;FVSCVSLAH;96.7;9
DRB1_0701;GHTGFVSCVSLAHAT;A7_4_Q95NJ3;FVSCVSLAH;80.6;7
DRB1_0701;HTGFVSCVSLAHATD;A7_4_Q95NJ3;FVSCVSLAH;91.64;8.5
DRB1_0701;TGFVSCVSLAHATDY;A7_4_Q95NJ3;FVSCVSLAH;93.37;8.5
DRB1_0701;GFVSCVSLAHATDYA;A7_4_Q95NJ3;FVSCVSLAH;108.09;10
DRB1_0701;ATDYALTASWDRSIR;A7_4_Q95NJ3;YALTASWDR;98.59;9
DRB1_0701;CQRKFLKHTKDVLAV;A7_4_Q95NJ3;LKHTKDVLA;96.44;9
DRB1_0701;QRKFLKHTKDVLAVA;A7_4_Q95NJ3;LKHTKDVLA;79.85;7
DRB1_0701;RKFLKHTKDVLAVAF;A7_4_Q95NJ3;LKHTKDVLA;77.8;7
DRB1_0701;AALLWDLSTGEQLFK;A7_4_Q95NJ3;WDLSTGEQL;108.45;10
DRB1_0701;ALLWDLSTGEQLFKI;A7_4_Q95NJ3;WDLSTGEQL;91.88;8.5
DRB1_0701;EQLFKINVESPINQI;A7_4_Q95NJ3;FKINVESPI;106.99;10
DRB1_0701;QLFKINVESPINQIA;A7_4_Q95NJ3;FKINVESPI;106.01;10
DRB1_0701;SPNRFWMCVATERSL;A7_4_Q95NJ3;FWMCVATER;68.3;5.5
DRB1_0701;PNRFWMCVATERSLS;A7_4_Q95NJ3;FWMCVATER;59.73;5
DRB1_0701;NRFWMCVATERSLSV;A7_4_Q95NJ3;FWMCVATER;50.14;4
DRB1_0701;RFWMCVATERSLSVY;A7_4_Q95NJ3;FWMCVATER;56.12;4.5
DRB1_0701;FWMCVATERSLSVYD;A7_4_Q95NJ3;VATERSLSV;105.01;10
DRB1_0701;PQQAGSYIKVVSTSR;A7_5_J9UU49;YIKVVSTSR;105.68;10
DRB1_0701;QQAGSYIKVVSTSRD;A7_5_J9UU49;YIKVVSTSR;72.64;6
DRB1_0701;QAGSYIKVVSTSRDG;A7_5_J9UU49;YIKVVSTSR;71.84;6
DRB1_0701;AGSYIKVVSTSRDGT;A7_5_J9UU49;YIKVVSTSR;67.18;5.5
DRB1_0701;GSYIKVVSTSRDGTA;A7_5_J9UU49;YIKVVSTSR;76.51;6.5
DRB1_0701;SYIKVVSTSRDGTAI;A7_5_J9UU49;YIKVVSTSR;103.3;9.5
DRB1_0701;EGHTGFVSCVSLAHA;A7_5_J9UU49;FVSCVSLAH;96.7;9
DRB1_0701;GHTGFVSCVSLAHAT;A7_5_J9UU49;FVSCVSLAH;80.6;7
DRB1_0701;HTGFVSCVSLAHATD;A7_5_J9UU49;FVSCVSLAH;91.64;8.5
DRB1_0701;TGFVSCVSLAHATDY;A7_5_J9UU49;FVSCVSLAH;93.37;8.5
DRB1_0701;GFVSCVSLAHATDYA;A7_5_J9UU49;FVSCVSLAH;108.09;10
DRB1_0701;ATDYALTASWDRSIR;A7_5_J9UU49;YALTASWDR;98.59;9
DRB1_0701;CQRKFLKHTKDVLAV;A7_5_J9UU49;LKHTKDVLA;96.44;9
DRB1_0701;QRKFLKHTKDVLAVA;A7_5_J9UU49;LKHTKDVLA;79.85;7
DRB1_0701;RKFLKHTKDVLAVAF;A7_5_J9UU49;LKHTKDVLA;77.8;7
DRB1_0701;AALLWDLSTGEQLFK;A7_5_J9UU49;WDLSTGEQL;108.45;10
DRB1_0701;ALLWDLSTGEQLFKI;A7_5_J9UU49;WDLSTGEQL;91.88;8.5
DRB1_0701;EQLFKINVESPINQI;A7_5_J9UU49;FKINVESPI;106.99;10
DRB1_0701;QLFKINVESPINQIA;A7_5_J9UU49;FKINVESPI;106.01;10
DRB1_0701;SPNRFWMCVATERSL;A7_5_J9UU49;FWMCVATER;68.3;5.5
DRB1_0701;PNRFWMCVATERSLS;A7_5_J9UU49;FWMCVATER;59.73;5
DRB1_0701;NRFWMCVATERSLSV;A7_5_J9UU49;FWMCVATER;50.14;4
DRB1_0701;RFWMCVATERSLSVY;A7_5_J9UU49;FWMCVATER;56.12;4.5
DRB1_0701;FWMCVATERSLSVYD;A7_5_J9UU49;VATERSLSV;105.01;10
DRB1_0701;PQQAGSYIKVVSTSR;A7_6_A4HGX7;YIKVVSTSR;105.68;10
DRB1_0701;QQAGSYIKVVSTSRD;A7_6_A4HGX7;YIKVVSTSR;72.64;6
DRB1_0701;QAGSYIKVVSTSRDG;A7_6_A4HGX7;YIKVVSTSR;71.84;6
DRB1_0701;AGSYIKVVSTSRDGT;A7_6_A4HGX7;YIKVVSTSR;67.18;5.5
DRB1_0701;GSYIKVVSTSRDGTA;A7_6_A4HGX7;YIKVVSTSR;76.51;6.5
DRB1_0701;SYIKVVSTSRDGTAI;A7_6_A4HGX7;YIKVVSTSR;103.3;9.5
DRB1_0701;EGHTGFVSCVSLAHA;A7_6_A4HGX7;FVSCVSLAH;96.7;9
DRB1_0701;GHTGFVSCVSLAHAT;A7_6_A4HGX7;FVSCVSLAH;80.6;7
DRB1_0701;HTGFVSCVSLAHATD;A7_6_A4HGX7;FVSCVSLAH;91.64;8.5
DRB1_0701;TGFVSCVSLAHATDY;A7_6_A4HGX7;FVSCVSLAH;93.37;8.5
DRB1_0701;GFVSCVSLAHATDYA;A7_6_A4HGX7;FVSCVSLAH;108.09;10
DRB1_0701;ATDYALTASWDRSIR;A7_6_A4HGX7;YALTASWDR;98.59;9
DRB1_0701;SQRKFLKHTKDVLAV;A7_6_A4HGX7;LKHTKDVLA;95.99;9
DRB1_0701;QRKFLKHTKDVLAVA;A7_6_A4HGX7;LKHTKDVLA;79.85;7
DRB1_0701;RKFLKHTKDVLAVAF;A7_6_A4HGX7;LKHTKDVLA;77.8;7
DRB1_0701;AALLWDLSTGEQLFR;A7_6_A4HGX7;WDLSTGEQL;101.37;9.5
DRB1_0701;ALLWDLSTGEQLFRI;A7_6_A4HGX7;WDLSTGEQL;85.7;7.5
DRB1_0701;LLWDLSTGEQLFRIN;A7_6_A4HGX7;WDLSTGEQL;108.05;10
DRB1_0701;EQLFRINVESAINQI;A7_6_A4HGX7;FRINVESAI;93.64;8.5
DRB1_0701;QLFRINVESAINQIA;A7_6_A4HGX7;FRINVESAI;92.91;8.5
DRB1_0701;SPNRFWMCVAAEKSL;A7_6_A4HGX7;FWMCVAAEK;77.48;7
DRB1_0701;PNRFWMCVAAEKSLS;A7_6_A4HGX7;FWMCVAAEK;68.7;6
DRB1_0701;NRFWMCVAAEKSLSV;A7_6_A4HGX7;WMCVAAEKS;57.51;4.5
DRB1_0701;RFWMCVAAEKSLSVY;A7_6_A4HGX7;WMCVAAEKS;62.59;5
DRB1_0802;PQQAGSYIKVVSTSR;A7_1_LACK1;YIKVVSTSR;438.29;6.5
DRB1_0802;QQAGSYIKVVSTSRD;A7_1_LACK1;YIKVVSTSR;343.91;4.5
DRB1_0802;QAGSYIKVVSTSRDG;A7_1_LACK1;YIKVVSTSR;299.32;3.5
DRB1_0802;AGSYIKVVSTSRDGT;A7_1_LACK1;YIKVVSTSR;274.5;3
DRB1_0802;GSYIKVVSTSRDGTA;A7_1_LACK1;YIKVVSTSR;286.67;3
DRB1_0802;SYIKVVSTSRDGTAI;A7_1_LACK1;YIKVVSTSR;347.32;4.5
DRB1_0802;YIKVVSTSRDGTAIS;A7_1_LACK1;IKVVSTSRD;524.85;8.5
DRB1_0802;GHTGFVSCVSLAHAT;A7_1_LACK1;FVSCVSLAH;565.11;10
DRB1_0802;GQCQRKFLKHTKDVL;A7_1_LACK1;QRKFLKHTK;558.56;9.5
DRB1_0802;QCQRKFLKHTKDVLA;A7_1_LACK1;QRKFLKHTK;472.54;7.5
DRB1_0802;CQRKFLKHTKDVLAV;A7_1_LACK1;LKHTKDVLA;429.74;6
DRB1_0802;QRKFLKHTKDVLAVA;A7_1_LACK1;LKHTKDVLA;434.1;6.5
DRB1_0802;PNRFWMCVATERSLS;A7_1_LACK1;WMCVATERS;491.49;8
DRB1_0802;NRFWMCVATERSLSV;A7_1_LACK1;WMCVATERS;431.8;6.5
DRB1_0802;RFWMCVATERSLSVY;A7_1_LACK1;WMCVATERS;442.29;6.5
DRB1_0802;PQQAGSYIKVVSTSR;A7_2_LACK2;YIKVVSTSR;438.29;6.5
DRB1_0802;QQAGSYIKVVSTSRD;A7_2_LACK2;YIKVVSTSR;343.91;4.5
DRB1_0802;QAGSYIKVVSTSRDG;A7_2_LACK2;YIKVVSTSR;299.32;3.5
DRB1_0802;AGSYIKVVSTSRDGT;A7_2_LACK2;YIKVVSTSR;274.5;3
DRB1_0802;GSYIKVVSTSRDGTA;A7_2_LACK2;YIKVVSTSR;286.67;3
DRB1_0802;SYIKVVSTSRDGTAI;A7_2_LACK2;YIKVVSTSR;347.32;4.5
DRB1_0802;YIKVVSTSRDGTAIS;A7_2_LACK2;IKVVSTSRD;524.85;8.5
DRB1_0802;GHTGFVSCVSLAHAT;A7_2_LACK2;FVSCVSLAH;565.11;10
DRB1_0802;GQCQRKFLKHTKDVL;A7_2_LACK2;QRKFLKHTK;558.56;9.5
DRB1_0802;QCQRKFLKHTKDVLA;A7_2_LACK2;QRKFLKHTK;472.54;7.5
DRB1_0802;CQRKFLKHTKDVLAV;A7_2_LACK2;LKHTKDVLA;429.74;6
DRB1_0802;QRKFLKHTKDVLAVA;A7_2_LACK2;LKHTKDVLA;434.1;6.5
DRB1_0802;PNRFWMCVATERSLS;A7_2_LACK2;WMCVATERS;491.49;8
DRB1_0802;NRFWMCVATERSLSV;A7_2_LACK2;WMCVATERS;431.8;6.5
DRB1_0802;RFWMCVATERSLSVY;A7_2_LACK2;WMCVATERS;442.29;6.5
DRB1_0802;PQQAGSYIKVVSTSR;A7_3_E9BK16;YIKVVSTSR;438.29;6.5
DRB1_0802;QQAGSYIKVVSTSRD;A7_3_E9BK16;YIKVVSTSR;343.91;4.5
DRB1_0802;QAGSYIKVVSTSRDG;A7_3_E9BK16;YIKVVSTSR;299.32;3.5
DRB1_0802;AGSYIKVVSTSRDGT;A7_3_E9BK16;YIKVVSTSR;274.5;3
DRB1_0802;GSYIKVVSTSRDGTA;A7_3_E9BK16;YIKVVSTSR;286.67;3
DRB1_0802;SYIKVVSTSRDGTAI;A7_3_E9BK16;YIKVVSTSR;347.32;4.5
DRB1_0802;YIKVVSTSRDGTAIS;A7_3_E9BK16;IKVVSTSRD;524.85;8.5
DRB1_0802;GHTGFVSCVSLAHAT;A7_3_E9BK16;FVSCVSLAH;565.11;10
DRB1_0802;GQCQRKFLKHTKDVL;A7_3_E9BK16;QRKFLKHTK;558.56;9.5
DRB1_0802;QCQRKFLKHTKDVLA;A7_3_E9BK16;QRKFLKHTK;472.54;7.5
DRB1_0802;CQRKFLKHTKDVLAV;A7_3_E9BK16;LKHTKDVLA;429.74;6
DRB1_0802;QRKFLKHTKDVLAVA;A7_3_E9BK16;LKHTKDVLA;434.1;6.5
DRB1_0802;PNRFWMCVATERSLS;A7_3_E9BK16;WMCVATERS;491.49;8
DRB1_0802;NRFWMCVATERSLSV;A7_3_E9BK16;WMCVATERS;431.8;6.5
DRB1_0802;RFWMCVATERSLSVY;A7_3_E9BK16;WMCVATERS;442.29;6.5
DRB1_0802;PQQAGSYIKVVSTSR;A7_4_Q95NJ3;YIKVVSTSR;438.29;6.5
DRB1_0802;QQAGSYIKVVSTSRD;A7_4_Q95NJ3;YIKVVSTSR;343.91;4.5
DRB1_0802;QAGSYIKVVSTSRDG;A7_4_Q95NJ3;YIKVVSTSR;299.32;3.5
DRB1_0802;AGSYIKVVSTSRDGT;A7_4_Q95NJ3;YIKVVSTSR;274.5;3
DRB1_0802;GSYIKVVSTSRDGTA;A7_4_Q95NJ3;YIKVVSTSR;286.67;3
DRB1_0802;SYIKVVSTSRDGTAI;A7_4_Q95NJ3;YIKVVSTSR;347.32;4.5
DRB1_0802;YIKVVSTSRDGTAIS;A7_4_Q95NJ3;IKVVSTSRD;524.85;8.5
DRB1_0802;GHTGFVSCVSLAHAT;A7_4_Q95NJ3;FVSCVSLAH;565.11;10
DRB1_0802;GQCQRKFLKHTKDVL;A7_4_Q95NJ3;QRKFLKHTK;558.56;9.5
DRB1_0802;QCQRKFLKHTKDVLA;A7_4_Q95NJ3;QRKFLKHTK;472.54;7.5
DRB1_0802;CQRKFLKHTKDVLAV;A7_4_Q95NJ3;LKHTKDVLA;429.74;6
DRB1_0802;QRKFLKHTKDVLAVA;A7_4_Q95NJ3;LKHTKDVLA;434.1;6.5
DRB1_0802;PNRFWMCVATERSLS;A7_4_Q95NJ3;WMCVATERS;491.49;8
DRB1_0802;NRFWMCVATERSLSV;A7_4_Q95NJ3;WMCVATERS;431.8;6.5
DRB1_0802;RFWMCVATERSLSVY;A7_4_Q95NJ3;WMCVATERS;442.29;6.5
DRB1_0802;PQQAGSYIKVVSTSR;A7_5_J9UU49;YIKVVSTSR;438.29;6.5
DRB1_0802;QQAGSYIKVVSTSRD;A7_5_J9UU49;YIKVVSTSR;343.91;4.5
DRB1_0802;QAGSYIKVVSTSRDG;A7_5_J9UU49;YIKVVSTSR;299.32;3.5
DRB1_0802;AGSYIKVVSTSRDGT;A7_5_J9UU49;YIKVVSTSR;274.5;3
DRB1_0802;GSYIKVVSTSRDGTA;A7_5_J9UU49;YIKVVSTSR;286.67;3
DRB1_0802;SYIKVVSTSRDGTAI;A7_5_J9UU49;YIKVVSTSR;347.32;4.5
DRB1_0802;YIKVVSTSRDGTAIS;A7_5_J9UU49;IKVVSTSRD;524.85;8.5
DRB1_0802;GHTGFVSCVSLAHAT;A7_5_J9UU49;FVSCVSLAH;565.11;10
DRB1_0802;GQCQRKFLKHTKDVL;A7_5_J9UU49;QRKFLKHTK;558.56;9.5
DRB1_0802;QCQRKFLKHTKDVLA;A7_5_J9UU49;QRKFLKHTK;472.54;7.5
DRB1_0802;CQRKFLKHTKDVLAV;A7_5_J9UU49;LKHTKDVLA;429.74;6
DRB1_0802;QRKFLKHTKDVLAVA;A7_5_J9UU49;LKHTKDVLA;434.1;6.5
DRB1_0802;PNRFWMCVATERSLS;A7_5_J9UU49;WMCVATERS;491.49;8
DRB1_0802;NRFWMCVATERSLSV;A7_5_J9UU49;WMCVATERS;431.8;6.5
DRB1_0802;RFWMCVATERSLSVY;A7_5_J9UU49;WMCVATERS;442.29;6.5
DRB1_0802;PQQAGSYIKVVSTSR;A7_6_A4HGX7;YIKVVSTSR;438.29;6.5
DRB1_0802;QQAGSYIKVVSTSRD;A7_6_A4HGX7;YIKVVSTSR;343.91;4.5
DRB1_0802;QAGSYIKVVSTSRDG;A7_6_A4HGX7;YIKVVSTSR;299.32;3.5
DRB1_0802;AGSYIKVVSTSRDGT;A7_6_A4HGX7;YIKVVSTSR;274.5;3
DRB1_0802;GSYIKVVSTSRDGTA;A7_6_A4HGX7;YIKVVSTSR;286.67;3
DRB1_0802;SYIKVVSTSRDGTAI;A7_6_A4HGX7;YIKVVSTSR;347.32;4.5
DRB1_0802;YIKVVSTSRDGTAIS;A7_6_A4HGX7;IKVVSTSRD;524.85;8.5
DRB1_0802;GHTGFVSCVSLAHAT;A7_6_A4HGX7;FVSCVSLAH;565.11;10
DRB1_0802;QSQRKFLKHTKDVLA;A7_6_A4HGX7;QRKFLKHTK;497.19;8
DRB1_0802;SQRKFLKHTKDVLAV;A7_6_A4HGX7;LKHTKDVLA;439.5;6.5
DRB1_0802;QRKFLKHTKDVLAVA;A7_6_A4HGX7;LKHTKDVLA;434.1;6.5
DRB1_0802;GEQLFRINVESAINQ;A7_6_A4HGX7;LFRINVESA;550.23;9.5
DRB1_0802;EQLFRINVESAINQI;A7_6_A4HGX7;LFRINVESA;493.08;8
DRB1_0802;QLFRINVESAINQIA;A7_6_A4HGX7;INVESAINQ;476.55;7.5
DRB1_0802;LFRINVESAINQIAF;A7_6_A4HGX7;INVESAINQ;567.81;10
DRB1_0802;SPNRFWMCVAAEKSL;A7_6_A4HGX7;FWMCVAAEK;480.82;7.5
DRB1_0802;PNRFWMCVAAEKSLS;A7_6_A4HGX7;FWMCVAAEK;417.44;6
DRB1_0802;NRFWMCVAAEKSLSV;A7_6_A4HGX7;FWMCVAAEK;396.59;5.5
DRB1_0802;RFWMCVAAEKSLSVY;A7_6_A4HGX7;FWMCVAAEK;410.72;6
DRB1_0901;QQAGSYIKVVSTSRD;A7_1_LACK1;YIKVVSTSR;191.81;9
DRB1_0901;QAGSYIKVVSTSRDG;A7_1_LACK1;YIKVVSTSR;180.82;8.5
DRB1_0901;AGSYIKVVSTSRDGT;A7_1_LACK1;YIKVVSTSR;168.82;7.5
DRB1_0901;GSYIKVVSTSRDGTA;A7_1_LACK1;YIKVVSTSR;197.21;9.5
DRB1_0901;GHTGFVSCVSLAHAT;A7_1_LACK1;FVSCVSLAH;186.03;8.5
DRB1_0901;HTGFVSCVSLAHATD;A7_1_LACK1;FVSCVSLAH;190.15;9
DRB1_0901;TGFVSCVSLAHATDY;A7_1_LACK1;FVSCVSLAH;184.39;8.5
DRB1_0901;GFVSCVSLAHATDYA;A7_1_LACK1;FVSCVSLAH;193.9;9
DRB1_0901;AHATDYALTASWDRS;A7_1_LACK1;YALTASWDR;203.7;9.5
DRB1_0901;HATDYALTASWDRSI;A7_1_LACK1;YALTASWDR;141.66;6
DRB1_0901;ATDYALTASWDRSIR;A7_1_LACK1;YALTASWDR;132.86;5.5
DRB1_0901;TDYALTASWDRSIRM;A7_1_LACK1;YALTASWDR;156.82;7
DRB1_0901;SSICFSPSLEHPIVV;A7_1_LACK1;FSPSLEHPI;207.37;10
DRB1_0901;KGHSNYVSTVTVSPD;A7_1_LACK1;YVSTVTVSP;173.54;8
DRB1_0901;GHSNYVSTVTVSPDG;A7_1_LACK1;YVSTVTVSP;159.09;7
DRB1_0901;HSNYVSTVTVSPDGS;A7_1_LACK1;YVSTVTVSP;149.14;6.5
DRB1_0901;SNYVSTVTVSPDGSL;A7_1_LACK1;YVSTVTVSP;192.55;9
DRB1_0901;GAALLWDLSTGEQLF;A7_1_LACK1;WDLSTGEQL;187.32;9
DRB1_0901;AALLWDLSTGEQLFK;A7_1_LACK1;WDLSTGEQL;155.4;7
DRB1_0901;ALLWDLSTGEQLFKI;A7_1_LACK1;WDLSTGEQL;141.1;6
DRB1_0901;LLWDLSTGEQLFKIN;A7_1_LACK1;WDLSTGEQL;181.49;8.5
DRB1_0901;FSPNRFWMCVATERS;A7_1_LACK1;FWMCVATER;142.83;6
DRB1_0901;SPNRFWMCVATERSL;A7_1_LACK1;FWMCVATER;80.29;2.5
DRB1_0901;PNRFWMCVATERSLS;A7_1_LACK1;FWMCVATER;71.53;2.5
DRB1_0901;NRFWMCVATERSLSV;A7_1_LACK1;FWMCVATER;68.45;1.9
DRB1_0901;RFWMCVATERSLSVY;A7_1_LACK1;WMCVATERS;84.8;3
DRB1_0901;FWMCVATERSLSVYD;A7_1_LACK1;WMCVATERS;171.08;8
DRB1_0901;QQAGSYIKVVSTSRD;A7_2_LACK2;YIKVVSTSR;191.81;9
DRB1_0901;QAGSYIKVVSTSRDG;A7_2_LACK2;YIKVVSTSR;180.82;8.5
DRB1_0901;AGSYIKVVSTSRDGT;A7_2_LACK2;YIKVVSTSR;168.82;7.5
DRB1_0901;GSYIKVVSTSRDGTA;A7_2_LACK2;YIKVVSTSR;197.21;9.5
DRB1_0901;GHTGFVSCVSLAHAT;A7_2_LACK2;FVSCVSLAH;186.03;8.5
DRB1_0901;HTGFVSCVSLAHATD;A7_2_LACK2;FVSCVSLAH;190.15;9
DRB1_0901;TGFVSCVSLAHATDY;A7_2_LACK2;FVSCVSLAH;184.39;8.5
DRB1_0901;GFVSCVSLAHATDYA;A7_2_LACK2;FVSCVSLAH;193.9;9
DRB1_0901;AHATDYALTASWDRS;A7_2_LACK2;YALTASWDR;203.7;9.5
DRB1_0901;HATDYALTASWDRSI;A7_2_LACK2;YALTASWDR;141.66;6
DRB1_0901;ATDYALTASWDRSIR;A7_2_LACK2;YALTASWDR;132.86;5.5
DRB1_0901;TDYALTASWDRSIRM;A7_2_LACK2;YALTASWDR;156.82;7
DRB1_0901;SSICFSPSLEHPIVV;A7_2_LACK2;FSPSLEHPI;207.37;10
DRB1_0901;KGHSNYVSTVTVSPD;A7_2_LACK2;YVSTVTVSP;173.54;8
DRB1_0901;GHSNYVSTVTVSPDG;A7_2_LACK2;YVSTVTVSP;159.09;7
DRB1_0901;HSNYVSTVTVSPDGS;A7_2_LACK2;YVSTVTVSP;149.14;6.5
DRB1_0901;SNYVSTVTVSPDGSL;A7_2_LACK2;YVSTVTVSP;192.55;9
DRB1_0901;GAALLWDLSTGEQLF;A7_2_LACK2;WDLSTGEQL;187.32;9
DRB1_0901;AALLWDLSTGEQLFK;A7_2_LACK2;WDLSTGEQL;155.4;7
DRB1_0901;ALLWDLSTGEQLFKI;A7_2_LACK2;WDLSTGEQL;141.1;6
DRB1_0901;LLWDLSTGEQLFKIN;A7_2_LACK2;WDLSTGEQL;181.49;8.5
DRB1_0901;FSPNRFWMCVATERS;A7_2_LACK2;FWMCVATER;142.83;6
DRB1_0901;SPNRFWMCVATERSL;A7_2_LACK2;FWMCVATER;80.29;2.5
DRB1_0901;PNRFWMCVATERSLS;A7_2_LACK2;FWMCVATER;71.53;2.5
DRB1_0901;NRFWMCVATERSLSV;A7_2_LACK2;FWMCVATER;68.45;1.9
DRB1_0901;RFWMCVATERSLSVY;A7_2_LACK2;WMCVATERS;84.8;3
DRB1_0901;FWMCVATERSLSVYD;A7_2_LACK2;WMCVATERS;171.08;8
DRB1_0901;QQAGSYIKVVSTSRD;A7_3_E9BK16;YIKVVSTSR;191.81;9
DRB1_0901;QAGSYIKVVSTSRDG;A7_3_E9BK16;YIKVVSTSR;180.82;8.5
DRB1_0901;AGSYIKVVSTSRDGT;A7_3_E9BK16;YIKVVSTSR;168.82;7.5
DRB1_0901;GSYIKVVSTSRDGTA;A7_3_E9BK16;YIKVVSTSR;197.21;9.5
DRB1_0901;GHTGFVSCVSLAHAT;A7_3_E9BK16;FVSCVSLAH;186.03;8.5
DRB1_0901;HTGFVSCVSLAHATD;A7_3_E9BK16;FVSCVSLAH;190.15;9
DRB1_0901;TGFVSCVSLAHATDY;A7_3_E9BK16;FVSCVSLAH;184.39;8.5
DRB1_0901;GFVSCVSLAHATDYA;A7_3_E9BK16;FVSCVSLAH;193.9;9
DRB1_0901;AHATDYALTASWDRS;A7_3_E9BK16;YALTASWDR;203.7;9.5
DRB1_0901;HATDYALTASWDRSI;A7_3_E9BK16;YALTASWDR;141.66;6
DRB1_0901;ATDYALTASWDRSIR;A7_3_E9BK16;YALTASWDR;132.86;5.5
DRB1_0901;TDYALTASWDRSIRM;A7_3_E9BK16;YALTASWDR;156.82;7
DRB1_0901;SSICFSPSLEHPIVV;A7_3_E9BK16;FSPSLEHPI;207.37;10
DRB1_0901;KGHSNYVSTVTVSPD;A7_3_E9BK16;YVSTVTVSP;173.54;8
DRB1_0901;GHSNYVSTVTVSPDG;A7_3_E9BK16;YVSTVTVSP;159.09;7
DRB1_0901;HSNYVSTVTVSPDGS;A7_3_E9BK16;YVSTVTVSP;149.14;6.5
DRB1_0901;SNYVSTVTVSPDGSL;A7_3_E9BK16;YVSTVTVSP;192.55;9
DRB1_0901;GAALLWDLSTGEQLF;A7_3_E9BK16;WDLSTGEQL;187.32;9
DRB1_0901;AALLWDLSTGEQLFK;A7_3_E9BK16;WDLSTGEQL;155.4;7
DRB1_0901;ALLWDLSTGEQLFKI;A7_3_E9BK16;WDLSTGEQL;141.1;6
DRB1_0901;LLWDLSTGEQLFKIN;A7_3_E9BK16;WDLSTGEQL;181.49;8.5
DRB1_0901;FSPNRFWMCVATERS;A7_3_E9BK16;FWMCVATER;142.83;6
DRB1_0901;SPNRFWMCVATERSL;A7_3_E9BK16;FWMCVATER;80.29;2.5
DRB1_0901;PNRFWMCVATERSLS;A7_3_E9BK16;FWMCVATER;71.53;2.5
DRB1_0901;NRFWMCVATERSLSV;A7_3_E9BK16;FWMCVATER;68.45;1.9
DRB1_0901;RFWMCVATERSLSVY;A7_3_E9BK16;WMCVATERS;84.8;3
DRB1_0901;FWMCVATERSLSVYD;A7_3_E9BK16;WMCVATERS;171.08;8
DRB1_0901;QQAGSYIKVVSTSRD;A7_4_Q95NJ3;YIKVVSTSR;191.81;9
DRB1_0901;QAGSYIKVVSTSRDG;A7_4_Q95NJ3;YIKVVSTSR;180.82;8.5
DRB1_0901;AGSYIKVVSTSRDGT;A7_4_Q95NJ3;YIKVVSTSR;168.82;7.5
DRB1_0901;GSYIKVVSTSRDGTA;A7_4_Q95NJ3;YIKVVSTSR;197.21;9.5
DRB1_0901;GHTGFVSCVSLAHAT;A7_4_Q95NJ3;FVSCVSLAH;186.03;8.5
DRB1_0901;HTGFVSCVSLAHATD;A7_4_Q95NJ3;FVSCVSLAH;190.15;9
DRB1_0901;TGFVSCVSLAHATDY;A7_4_Q95NJ3;FVSCVSLAH;184.39;8.5
DRB1_0901;GFVSCVSLAHATDYA;A7_4_Q95NJ3;FVSCVSLAH;193.9;9
DRB1_0901;AHATDYALTASWDRS;A7_4_Q95NJ3;YALTASWDR;203.7;9.5
DRB1_0901;HATDYALTASWDRSI;A7_4_Q95NJ3;YALTASWDR;141.66;6
DRB1_0901;ATDYALTASWDRSIR;A7_4_Q95NJ3;YALTASWDR;132.86;5.5
DRB1_0901;TDYALTASWDRSIRM;A7_4_Q95NJ3;YALTASWDR;156.82;7
DRB1_0901;SSICFSPSLEHPIVV;A7_4_Q95NJ3;FSPSLEHPI;207.37;10
DRB1_0901;KGHSNYVSTVTVSPD;A7_4_Q95NJ3;YVSTVTVSP;173.54;8
DRB1_0901;GHSNYVSTVTVSPDG;A7_4_Q95NJ3;YVSTVTVSP;159.09;7
DRB1_0901;HSNYVSTVTVSPDGS;A7_4_Q95NJ3;YVSTVTVSP;149.14;6.5
DRB1_0901;SNYVSTVTVSPDGSL;A7_4_Q95NJ3;YVSTVTVSP;192.55;9
DRB1_0901;GAALLWDLSTGEQLF;A7_4_Q95NJ3;WDLSTGEQL;187.32;9
DRB1_0901;AALLWDLSTGEQLFK;A7_4_Q95NJ3;WDLSTGEQL;155.4;7
DRB1_0901;ALLWDLSTGEQLFKI;A7_4_Q95NJ3;WDLSTGEQL;141.1;6
DRB1_0901;LLWDLSTGEQLFKIN;A7_4_Q95NJ3;WDLSTGEQL;181.49;8.5
DRB1_0901;FSPNRFWMCVATERS;A7_4_Q95NJ3;FWMCVATER;142.83;6
DRB1_0901;SPNRFWMCVATERSL;A7_4_Q95NJ3;FWMCVATER;80.29;2.5
DRB1_0901;PNRFWMCVATERSLS;A7_4_Q95NJ3;FWMCVATER;71.53;2.5
DRB1_0901;NRFWMCVATERSLSV;A7_4_Q95NJ3;FWMCVATER;68.45;1.9
DRB1_0901;RFWMCVATERSLSVY;A7_4_Q95NJ3;WMCVATERS;84.8;3
DRB1_0901;FWMCVATERSLSVYD;A7_4_Q95NJ3;WMCVATERS;171.08;8
DRB1_0901;QQAGSYIKVVSTSRD;A7_5_J9UU49;YIKVVSTSR;191.81;9
DRB1_0901;QAGSYIKVVSTSRDG;A7_5_J9UU49;YIKVVSTSR;180.82;8.5
DRB1_0901;AGSYIKVVSTSRDGT;A7_5_J9UU49;YIKVVSTSR;168.82;7.5
DRB1_0901;GSYIKVVSTSRDGTA;A7_5_J9UU49;YIKVVSTSR;197.21;9.5
DRB1_0901;GHTGFVSCVSLAHAT;A7_5_J9UU49;FVSCVSLAH;186.03;8.5
DRB1_0901;HTGFVSCVSLAHATD;A7_5_J9UU49;FVSCVSLAH;190.15;9
DRB1_0901;TGFVSCVSLAHATDY;A7_5_J9UU49;FVSCVSLAH;184.39;8.5
DRB1_0901;GFVSCVSLAHATDYA;A7_5_J9UU49;FVSCVSLAH;193.9;9
DRB1_0901;AHATDYALTASWDRS;A7_5_J9UU49;YALTASWDR;203.7;9.5
DRB1_0901;HATDYALTASWDRSI;A7_5_J9UU49;YALTASWDR;141.66;6
DRB1_0901;ATDYALTASWDRSIR;A7_5_J9UU49;YALTASWDR;132.86;5.5
DRB1_0901;TDYALTASWDRSIRM;A7_5_J9UU49;YALTASWDR;156.82;7
DRB1_0901;SSICFSPSLEHPIVV;A7_5_J9UU49;FSPSLEHPI;207.37;10
DRB1_0901;KGHSNYVSTVTVSPD;A7_5_J9UU49;YVSTVTVSP;173.54;8
DRB1_0901;GHSNYVSTVTVSPDG;A7_5_J9UU49;YVSTVTVSP;159.09;7
DRB1_0901;HSNYVSTVTVSPDGS;A7_5_J9UU49;YVSTVTVSP;149.14;6.5
DRB1_0901;SNYVSTVTVSPDGSL;A7_5_J9UU49;YVSTVTVSP;192.55;9
DRB1_0901;GAALLWDLSTGEQLF;A7_5_J9UU49;WDLSTGEQL;187.32;9
DRB1_0901;AALLWDLSTGEQLFK;A7_5_J9UU49;WDLSTGEQL;155.4;7
DRB1_0901;ALLWDLSTGEQLFKI;A7_5_J9UU49;WDLSTGEQL;141.1;6
DRB1_0901;LLWDLSTGEQLFKIN;A7_5_J9UU49;WDLSTGEQL;181.49;8.5
DRB1_0901;FSPNRFWMCVATERS;A7_5_J9UU49;FWMCVATER;142.83;6
DRB1_0901;SPNRFWMCVATERSL;A7_5_J9UU49;FWMCVATER;80.29;2.5
DRB1_0901;PNRFWMCVATERSLS;A7_5_J9UU49;FWMCVATER;71.53;2.5
DRB1_0901;NRFWMCVATERSLSV;A7_5_J9UU49;FWMCVATER;68.45;1.9
DRB1_0901;RFWMCVATERSLSVY;A7_5_J9UU49;WMCVATERS;84.8;3
DRB1_0901;FWMCVATERSLSVYD;A7_5_J9UU49;WMCVATERS;171.08;8
DRB1_0901;QQAGSYIKVVSTSRD;A7_6_A4HGX7;YIKVVSTSR;191.81;9
DRB1_0901;QAGSYIKVVSTSRDG;A7_6_A4HGX7;YIKVVSTSR;180.82;8.5
DRB1_0901;AGSYIKVVSTSRDGT;A7_6_A4HGX7;YIKVVSTSR;168.82;7.5
DRB1_0901;GSYIKVVSTSRDGTA;A7_6_A4HGX7;YIKVVSTSR;197.21;9.5
DRB1_0901;GHTGFVSCVSLAHAT;A7_6_A4HGX7;FVSCVSLAH;186.03;8.5
DRB1_0901;HTGFVSCVSLAHATD;A7_6_A4HGX7;FVSCVSLAH;190.15;9
DRB1_0901;TGFVSCVSLAHATDY;A7_6_A4HGX7;FVSCVSLAH;184.39;8.5
DRB1_0901;GFVSCVSLAHATDYA;A7_6_A4HGX7;FVSCVSLAH;193.9;9
DRB1_0901;AHATDYALTASWDRS;A7_6_A4HGX7;YALTASWDR;203.7;9.5
DRB1_0901;HATDYALTASWDRSI;A7_6_A4HGX7;YALTASWDR;141.66;6
DRB1_0901;ATDYALTASWDRSIR;A7_6_A4HGX7;YALTASWDR;132.86;5.5
DRB1_0901;TDYALTASWDRSIRM;A7_6_A4HGX7;YALTASWDR;156.82;7
DRB1_0901;SSICFSPSLEHPIVV;A7_6_A4HGX7;FSPSLEHPI;207.37;10
DRB1_0901;KGHSNYVSTVTVSPD;A7_6_A4HGX7;YVSTVTVSP;173.54;8
DRB1_0901;GHSNYVSTVTVSPDG;A7_6_A4HGX7;YVSTVTVSP;159.09;7
DRB1_0901;HSNYVSTVTVSPDGS;A7_6_A4HGX7;YVSTVTVSP;149.14;6.5
DRB1_0901;SNYVSTVTVSPDGSL;A7_6_A4HGX7;YVSTVTVSP;192.55;9
DRB1_0901;GAALLWDLSTGEQLF;A7_6_A4HGX7;WDLSTGEQL;187.32;9
DRB1_0901;AALLWDLSTGEQLFR;A7_6_A4HGX7;WDLSTGEQL;146.77;6.5
DRB1_0901;ALLWDLSTGEQLFRI;A7_6_A4HGX7;WDLSTGEQL;132.9;5.5
DRB1_0901;LLWDLSTGEQLFRIN;A7_6_A4HGX7;WDLSTGEQL;170.11;8
DRB1_0901;GEQLFRINVESAINQ;A7_6_A4HGX7;FRINVESAI;178.27;8.5
DRB1_0901;EQLFRINVESAINQI;A7_6_A4HGX7;FRINVESAI;152.15;6.5
DRB1_0901;QLFRINVESAINQIA;A7_6_A4HGX7;FRINVESAI;153.71;7
DRB1_0901;LFRINVESAINQIAF;A7_6_A4HGX7;FRINVESAI;186.3;8.5
DRB1_0901;AFSPNRFWMCVAAEK;A7_6_A4HGX7;FWMCVAAEK;207.33;10
DRB1_0901;FSPNRFWMCVAAEKS;A7_6_A4HGX7;FWMCVAAEK;95.52;3.5
DRB1_0901;SPNRFWMCVAAEKSL;A7_6_A4HGX7;FWMCVAAEK;54.34;1.3
DRB1_0901;PNRFWMCVAAEKSLS;A7_6_A4HGX7;FWMCVAAEK;49.29;1
DRB1_0901;NRFWMCVAAEKSLSV;A7_6_A4HGX7;FWMCVAAEK;47.19;0.9
DRB1_0901;RFWMCVAAEKSLSVY;A7_6_A4HGX7;WMCVAAEKS;57.04;1.4
DRB1_0901;FWMCVAAEKSLSVYD;A7_6_A4HGX7;WMCVAAEKS;109.54;4.5
DRB1_1101;PQQAGSYIKVVSTSR;A7_1_LACK1;YIKVVSTSR;48.87;4.5
DRB1_1101;QQAGSYIKVVSTSRD;A7_1_LACK1;YIKVVSTSR;32.85;2.5
DRB1_1101;QAGSYIKVVSTSRDG;A7_1_LACK1;YIKVVSTSR;29.98;2.5
DRB1_1101;AGSYIKVVSTSRDGT;A7_1_LACK1;YIKVVSTSR;27.89;2
DRB1_1101;GSYIKVVSTSRDGTA;A7_1_LACK1;YIKVVSTSR;30.68;2.5
DRB1_1101;SYIKVVSTSRDGTAI;A7_1_LACK1;YIKVVSTSR;39.49;3.5
DRB1_1101;YIKVVSTSRDGTAIS;A7_1_LACK1;YIKVVSTSR;83.49;8
DRB1_1101;EGHTGFVSCVSLAHA;A7_1_LACK1;FVSCVSLAH;78.02;7.5
DRB1_1101;GHTGFVSCVSLAHAT;A7_1_LACK1;FVSCVSLAH;64.83;6.5
DRB1_1101;HTGFVSCVSLAHATD;A7_1_LACK1;FVSCVSLAH;75.95;7.5
DRB1_1101;TGFVSCVSLAHATDY;A7_1_LACK1;FVSCVSLAH;87.39;8.5
DRB1_1101;GQCQRKFLKHTKDVL;A7_1_LACK1;QRKFLKHTK;72.48;7
DRB1_1101;QCQRKFLKHTKDVLA;A7_1_LACK1;QRKFLKHTK;65.35;6.5
DRB1_1101;CQRKFLKHTKDVLAV;A7_1_LACK1;QRKFLKHTK;66.65;6.5
DRB1_1101;QRKFLKHTKDVLAVA;A7_1_LACK1;FLKHTKDVL;79.93;8
DRB1_1101;SPNRFWMCVATERSL;A7_1_LACK1;FWMCVATER;72.66;7
DRB1_1101;PNRFWMCVATERSLS;A7_1_LACK1;FWMCVATER;62.43;6
DRB1_1101;NRFWMCVATERSLSV;A7_1_LACK1;FWMCVATER;57.03;5.5
DRB1_1101;RFWMCVATERSLSVY;A7_1_LACK1;FWMCVATER;62.33;6
DRB1_1101;PQQAGSYIKVVSTSR;A7_2_LACK2;YIKVVSTSR;48.87;4.5
DRB1_1101;QQAGSYIKVVSTSRD;A7_2_LACK2;YIKVVSTSR;32.85;2.5
DRB1_1101;QAGSYIKVVSTSRDG;A7_2_LACK2;YIKVVSTSR;29.98;2.5
DRB1_1101;AGSYIKVVSTSRDGT;A7_2_LACK2;YIKVVSTSR;27.89;2
DRB1_1101;GSYIKVVSTSRDGTA;A7_2_LACK2;YIKVVSTSR;30.68;2.5
DRB1_1101;SYIKVVSTSRDGTAI;A7_2_LACK2;YIKVVSTSR;39.49;3.5
DRB1_1101;YIKVVSTSRDGTAIS;A7_2_LACK2;YIKVVSTSR;83.49;8
DRB1_1101;EGHTGFVSCVSLAHA;A7_2_LACK2;FVSCVSLAH;78.02;7.5
DRB1_1101;GHTGFVSCVSLAHAT;A7_2_LACK2;FVSCVSLAH;64.83;6.5
DRB1_1101;HTGFVSCVSLAHATD;A7_2_LACK2;FVSCVSLAH;75.95;7.5
DRB1_1101;TGFVSCVSLAHATDY;A7_2_LACK2;FVSCVSLAH;87.39;8.5
DRB1_1101;GQCQRKFLKHTKDVL;A7_2_LACK2;QRKFLKHTK;72.48;7
DRB1_1101;QCQRKFLKHTKDVLA;A7_2_LACK2;QRKFLKHTK;65.35;6.5
DRB1_1101;CQRKFLKHTKDVLAV;A7_2_LACK2;QRKFLKHTK;66.65;6.5
DRB1_1101;QRKFLKHTKDVLAVA;A7_2_LACK2;FLKHTKDVL;79.93;8
DRB1_1101;SPNRFWMCVATERSL;A7_2_LACK2;FWMCVATER;72.66;7
DRB1_1101;PNRFWMCVATERSLS;A7_2_LACK2;FWMCVATER;62.43;6
DRB1_1101;NRFWMCVATERSLSV;A7_2_LACK2;FWMCVATER;57.03;5.5
DRB1_1101;RFWMCVATERSLSVY;A7_2_LACK2;FWMCVATER;62.33;6
DRB1_1101;PQQAGSYIKVVSTSR;A7_3_E9BK16;YIKVVSTSR;48.87;4.5
DRB1_1101;QQAGSYIKVVSTSRD;A7_3_E9BK16;YIKVVSTSR;32.85;2.5
DRB1_1101;QAGSYIKVVSTSRDG;A7_3_E9BK16;YIKVVSTSR;29.98;2.5
DRB1_1101;AGSYIKVVSTSRDGT;A7_3_E9BK16;YIKVVSTSR;27.89;2
DRB1_1101;GSYIKVVSTSRDGTA;A7_3_E9BK16;YIKVVSTSR;30.68;2.5
DRB1_1101;SYIKVVSTSRDGTAI;A7_3_E9BK16;YIKVVSTSR;39.49;3.5
DRB1_1101;YIKVVSTSRDGTAIS;A7_3_E9BK16;YIKVVSTSR;83.49;8
DRB1_1101;EGHTGFVSCVSLAHA;A7_3_E9BK16;FVSCVSLAH;78.02;7.5
DRB1_1101;GHTGFVSCVSLAHAT;A7_3_E9BK16;FVSCVSLAH;64.83;6.5
DRB1_1101;HTGFVSCVSLAHATD;A7_3_E9BK16;FVSCVSLAH;75.95;7.5
DRB1_1101;TGFVSCVSLAHATDY;A7_3_E9BK16;FVSCVSLAH;87.39;8.5
DRB1_1101;GQCQRKFLKHTKDVL;A7_3_E9BK16;QRKFLKHTK;72.48;7
DRB1_1101;QCQRKFLKHTKDVLA;A7_3_E9BK16;QRKFLKHTK;65.35;6.5
DRB1_1101;CQRKFLKHTKDVLAV;A7_3_E9BK16;QRKFLKHTK;66.65;6.5
DRB1_1101;QRKFLKHTKDVLAVA;A7_3_E9BK16;FLKHTKDVL;79.93;8
DRB1_1101;SPNRFWMCVATERSL;A7_3_E9BK16;FWMCVATER;72.66;7
DRB1_1101;PNRFWMCVATERSLS;A7_3_E9BK16;FWMCVATER;62.43;6
DRB1_1101;NRFWMCVATERSLSV;A7_3_E9BK16;FWMCVATER;57.03;5.5
DRB1_1101;RFWMCVATERSLSVY;A7_3_E9BK16;FWMCVATER;62.33;6
DRB1_1101;PQQAGSYIKVVSTSR;A7_4_Q95NJ3;YIKVVSTSR;48.87;4.5
DRB1_1101;QQAGSYIKVVSTSRD;A7_4_Q95NJ3;YIKVVSTSR;32.85;2.5
DRB1_1101;QAGSYIKVVSTSRDG;A7_4_Q95NJ3;YIKVVSTSR;29.98;2.5
DRB1_1101;AGSYIKVVSTSRDGT;A7_4_Q95NJ3;YIKVVSTSR;27.89;2
DRB1_1101;GSYIKVVSTSRDGTA;A7_4_Q95NJ3;YIKVVSTSR;30.68;2.5
DRB1_1101;SYIKVVSTSRDGTAI;A7_4_Q95NJ3;YIKVVSTSR;39.49;3.5
DRB1_1101;YIKVVSTSRDGTAIS;A7_4_Q95NJ3;YIKVVSTSR;83.49;8
DRB1_1101;EGHTGFVSCVSLAHA;A7_4_Q95NJ3;FVSCVSLAH;78.02;7.5
DRB1_1101;GHTGFVSCVSLAHAT;A7_4_Q95NJ3;FVSCVSLAH;64.83;6.5
DRB1_1101;HTGFVSCVSLAHATD;A7_4_Q95NJ3;FVSCVSLAH;75.95;7.5
DRB1_1101;TGFVSCVSLAHATDY;A7_4_Q95NJ3;FVSCVSLAH;87.39;8.5
DRB1_1101;GQCQRKFLKHTKDVL;A7_4_Q95NJ3;QRKFLKHTK;72.48;7
DRB1_1101;QCQRKFLKHTKDVLA;A7_4_Q95NJ3;QRKFLKHTK;65.35;6.5
DRB1_1101;CQRKFLKHTKDVLAV;A7_4_Q95NJ3;QRKFLKHTK;66.65;6.5
DRB1_1101;QRKFLKHTKDVLAVA;A7_4_Q95NJ3;FLKHTKDVL;79.93;8
DRB1_1101;SPNRFWMCVATERSL;A7_4_Q95NJ3;FWMCVATER;72.66;7
DRB1_1101;PNRFWMCVATERSLS;A7_4_Q95NJ3;FWMCVATER;62.43;6
DRB1_1101;NRFWMCVATERSLSV;A7_4_Q95NJ3;FWMCVATER;57.03;5.5
DRB1_1101;RFWMCVATERSLSVY;A7_4_Q95NJ3;FWMCVATER;62.33;6
DRB1_1101;PQQAGSYIKVVSTSR;A7_5_J9UU49;YIKVVSTSR;48.87;4.5
DRB1_1101;QQAGSYIKVVSTSRD;A7_5_J9UU49;YIKVVSTSR;32.85;2.5
DRB1_1101;QAGSYIKVVSTSRDG;A7_5_J9UU49;YIKVVSTSR;29.98;2.5
DRB1_1101;AGSYIKVVSTSRDGT;A7_5_J9UU49;YIKVVSTSR;27.89;2
DRB1_1101;GSYIKVVSTSRDGTA;A7_5_J9UU49;YIKVVSTSR;30.68;2.5
DRB1_1101;SYIKVVSTSRDGTAI;A7_5_J9UU49;YIKVVSTSR;39.49;3.5
DRB1_1101;YIKVVSTSRDGTAIS;A7_5_J9UU49;YIKVVSTSR;83.49;8
DRB1_1101;EGHTGFVSCVSLAHA;A7_5_J9UU49;FVSCVSLAH;78.02;7.5
DRB1_1101;GHTGFVSCVSLAHAT;A7_5_J9UU49;FVSCVSLAH;64.83;6.5
DRB1_1101;HTGFVSCVSLAHATD;A7_5_J9UU49;FVSCVSLAH;75.95;7.5
DRB1_1101;TGFVSCVSLAHATDY;A7_5_J9UU49;FVSCVSLAH;87.39;8.5
DRB1_1101;GQCQRKFLKHTKDVL;A7_5_J9UU49;QRKFLKHTK;72.48;7
DRB1_1101;QCQRKFLKHTKDVLA;A7_5_J9UU49;QRKFLKHTK;65.35;6.5
DRB1_1101;CQRKFLKHTKDVLAV;A7_5_J9UU49;QRKFLKHTK;66.65;6.5
DRB1_1101;QRKFLKHTKDVLAVA;A7_5_J9UU49;FLKHTKDVL;79.93;8
DRB1_1101;SPNRFWMCVATERSL;A7_5_J9UU49;FWMCVATER;72.66;7
DRB1_1101;PNRFWMCVATERSLS;A7_5_J9UU49;FWMCVATER;62.43;6
DRB1_1101;NRFWMCVATERSLSV;A7_5_J9UU49;FWMCVATER;57.03;5.5
DRB1_1101;RFWMCVATERSLSVY;A7_5_J9UU49;FWMCVATER;62.33;6
DRB1_1101;PQQAGSYIKVVSTSR;A7_6_A4HGX7;YIKVVSTSR;48.87;4.5
DRB1_1101;QQAGSYIKVVSTSRD;A7_6_A4HGX7;YIKVVSTSR;32.85;2.5
DRB1_1101;QAGSYIKVVSTSRDG;A7_6_A4HGX7;YIKVVSTSR;29.98;2.5
DRB1_1101;AGSYIKVVSTSRDGT;A7_6_A4HGX7;YIKVVSTSR;27.89;2
DRB1_1101;GSYIKVVSTSRDGTA;A7_6_A4HGX7;YIKVVSTSR;30.68;2.5
DRB1_1101;SYIKVVSTSRDGTAI;A7_6_A4HGX7;YIKVVSTSR;39.49;3.5
DRB1_1101;YIKVVSTSRDGTAIS;A7_6_A4HGX7;YIKVVSTSR;83.49;8
DRB1_1101;EGHTGFVSCVSLAHA;A7_6_A4HGX7;FVSCVSLAH;78.02;7.5
DRB1_1101;GHTGFVSCVSLAHAT;A7_6_A4HGX7;FVSCVSLAH;64.83;6.5
DRB1_1101;HTGFVSCVSLAHATD;A7_6_A4HGX7;FVSCVSLAH;75.95;7.5
DRB1_1101;TGFVSCVSLAHATDY;A7_6_A4HGX7;FVSCVSLAH;87.39;8.5
DRB1_1101;GQSQRKFLKHTKDVL;A7_6_A4HGX7;QRKFLKHTK;78.67;7.5
DRB1_1101;QSQRKFLKHTKDVLA;A7_6_A4HGX7;QRKFLKHTK;68.53;6.5
DRB1_1101;SQRKFLKHTKDVLAV;A7_6_A4HGX7;QRKFLKHTK;68.25;6.5
DRB1_1101;QRKFLKHTKDVLAVA;A7_6_A4HGX7;FLKHTKDVL;79.93;8
DRB1_1101;FSPNRFWMCVAAEKS;A7_6_A4HGX7;FWMCVAAEK;91.34;9
DRB1_1101;SPNRFWMCVAAEKSL;A7_6_A4HGX7;FWMCVAAEK;56.36;5.5
DRB1_1101;PNRFWMCVAAEKSLS;A7_6_A4HGX7;FWMCVAAEK;50.99;5
DRB1_1101;NRFWMCVAAEKSLSV;A7_6_A4HGX7;FWMCVAAEK;48.38;4.5
DRB1_1101;RFWMCVAAEKSLSVY;A7_6_A4HGX7;WMCVAAEKS;53.9;5
DRB1_1201;CQRKFLKHTKDVLAV;A7_1_LACK1;FLKHTKDVL;12.24;9.5
DRB1_1201;QRKFLKHTKDVLAVA;A7_1_LACK1;FLKHTKDVL;11.91;9
DRB1_1201;CQRKFLKHTKDVLAV;A7_2_LACK2;FLKHTKDVL;12.24;9.5
DRB1_1201;QRKFLKHTKDVLAVA;A7_2_LACK2;FLKHTKDVL;11.91;9
DRB1_1201;CQRKFLKHTKDVLAV;A7_3_E9BK16;FLKHTKDVL;12.24;9.5
DRB1_1201;QRKFLKHTKDVLAVA;A7_3_E9BK16;FLKHTKDVL;11.91;9
DRB1_1201;CQRKFLKHTKDVLAV;A7_4_Q95NJ3;FLKHTKDVL;12.24;9.5
DRB1_1201;QRKFLKHTKDVLAVA;A7_4_Q95NJ3;FLKHTKDVL;11.91;9
DRB1_1201;CQRKFLKHTKDVLAV;A7_5_J9UU49;FLKHTKDVL;12.24;9.5
DRB1_1201;QRKFLKHTKDVLAVA;A7_5_J9UU49;FLKHTKDVL;11.91;9
DRB1_1201;SQRKFLKHTKDVLAV;A7_6_A4HGX7;FLKHTKDVL;12.56;9.5
DRB1_1201;QRKFLKHTKDVLAVA;A7_6_A4HGX7;FLKHTKDVL;11.91;9
DRB1_1302;QRKFLKHTKDVLAVA;A7_1_LACK1;LKHTKDVLA;263.47;8
DRB1_1302;RKFLKHTKDVLAVAF;A7_1_LACK1;LKHTKDVLA;245.18;7.5
DRB1_1302;TGEQLFKINVESPIN;A7_1_LACK1;FKINVESPI;190.45;5.5
DRB1_1302;GEQLFKINVESPINQ;A7_1_LACK1;FKINVESPI;143.03;3.5
DRB1_1302;EQLFKINVESPINQI;A7_1_LACK1;FKINVESPI;106.81;2.5
DRB1_1302;QLFKINVESPINQIA;A7_1_LACK1;FKINVESPI;103.74;2
DRB1_1302;LFKINVESPINQIAF;A7_1_LACK1;FKINVESPI;121.31;3
DRB1_1302;FKINVESPINQIAFS;A7_1_LACK1;INVESPINQ;226.16;7
DRB1_1302;QRKFLKHTKDVLAVA;A7_2_LACK2;LKHTKDVLA;263.47;8
DRB1_1302;RKFLKHTKDVLAVAF;A7_2_LACK2;LKHTKDVLA;245.18;7.5
DRB1_1302;TGEQLFKINVESPIN;A7_2_LACK2;FKINVESPI;190.45;5.5
DRB1_1302;GEQLFKINVESPINQ;A7_2_LACK2;FKINVESPI;143.03;3.5
DRB1_1302;EQLFKINVESPINQI;A7_2_LACK2;FKINVESPI;106.81;2.5
DRB1_1302;QLFKINVESPINQIA;A7_2_LACK2;FKINVESPI;103.74;2
DRB1_1302;LFKINVESPINQIAF;A7_2_LACK2;FKINVESPI;121.31;3
DRB1_1302;FKINVESPINQIAFS;A7_2_LACK2;INVESPINQ;226.16;7
DRB1_1302;QRKFLKHTKDVLAVA;A7_3_E9BK16;LKHTKDVLA;263.47;8
DRB1_1302;RKFLKHTKDVLAVAF;A7_3_E9BK16;LKHTKDVLA;245.18;7.5
DRB1_1302;TGEQLFKINVESPIN;A7_3_E9BK16;FKINVESPI;190.45;5.5
DRB1_1302;GEQLFKINVESPINQ;A7_3_E9BK16;FKINVESPI;143.03;3.5
DRB1_1302;EQLFKINVESPINQI;A7_3_E9BK16;FKINVESPI;106.81;2.5
DRB1_1302;QLFKINVESPINQIA;A7_3_E9BK16;FKINVESPI;103.74;2
DRB1_1302;LFKINVESPINQIAF;A7_3_E9BK16;FKINVESPI;121.31;3
DRB1_1302;FKINVESPINQIAFS;A7_3_E9BK16;INVESPINQ;226.16;7
DRB1_1302;QRKFLKHTKDVLAVA;A7_4_Q95NJ3;LKHTKDVLA;263.47;8
DRB1_1302;RKFLKHTKDVLAVAF;A7_4_Q95NJ3;LKHTKDVLA;245.18;7.5
DRB1_1302;TGEQLFKINVESPIN;A7_4_Q95NJ3;FKINVESPI;190.45;5.5
DRB1_1302;GEQLFKINVESPINQ;A7_4_Q95NJ3;FKINVESPI;143.03;3.5
DRB1_1302;EQLFKINVESPINQI;A7_4_Q95NJ3;FKINVESPI;106.81;2.5
DRB1_1302;QLFKINVESPINQIA;A7_4_Q95NJ3;FKINVESPI;103.74;2
DRB1_1302;LFKINVESPINQIAF;A7_4_Q95NJ3;FKINVESPI;121.31;3
DRB1_1302;FKINVESPINQIAFS;A7_4_Q95NJ3;INVESPINQ;226.16;7
DRB1_1302;QRKFLKHTKDVLAVA;A7_5_J9UU49;LKHTKDVLA;263.47;8
DRB1_1302;RKFLKHTKDVLAVAF;A7_5_J9UU49;LKHTKDVLA;245.18;7.5
DRB1_1302;TGEQLFKINVESPIN;A7_5_J9UU49;FKINVESPI;190.45;5.5
DRB1_1302;GEQLFKINVESPINQ;A7_5_J9UU49;FKINVESPI;143.03;3.5
DRB1_1302;EQLFKINVESPINQI;A7_5_J9UU49;FKINVESPI;106.81;2.5
DRB1_1302;QLFKINVESPINQIA;A7_5_J9UU49;FKINVESPI;103.74;2
DRB1_1302;LFKINVESPINQIAF;A7_5_J9UU49;FKINVESPI;121.31;3
DRB1_1302;FKINVESPINQIAFS;A7_5_J9UU49;INVESPINQ;226.16;7
DRB1_1302;QRKFLKHTKDVLAVA;A7_6_A4HGX7;LKHTKDVLA;263.47;8
DRB1_1302;RKFLKHTKDVLAVAF;A7_6_A4HGX7;LKHTKDVLA;245.18;7.5
DRB1_1302;STGEQLFRINVESAI;A7_6_A4HGX7;FRINVESAI;195.11;5.5
DRB1_1302;TGEQLFRINVESAIN;A7_6_A4HGX7;FRINVESAI;116.87;2.5
DRB1_1302;GEQLFRINVESAINQ;A7_6_A4HGX7;FRINVESAI;92.76;1.6
DRB1_1302;EQLFRINVESAINQI;A7_6_A4HGX7;FRINVESAI;74.13;1
DRB1_1302;QLFRINVESAINQIA;A7_6_A4HGX7;FRINVESAI;73.87;1
DRB1_1302;LFRINVESAINQIAF;A7_6_A4HGX7;FRINVESAI;88.62;1.5
DRB1_1302;FRINVESAINQIAFS;A7_6_A4HGX7;INVESAINQ;169.59;4.5
DRB1_1302;RINVESAINQIAFSP;A7_6_A4HGX7;INVESAINQ;303.87;9.5
DRB1_1302;RFWMCVAAEKSLSVY;A7_6_A4HGX7;VAAEKSLSV;316.01;10
DRB1_1501;INQIAFSPNRFWMCV;A7_1_LACK1;IAFSPNRFW;140.33;9
DRB1_1501;INQIAFSPNRFWMCV;A7_2_LACK2;IAFSPNRFW;140.33;9
DRB1_1501;INQIAFSPNRFWMCV;A7_3_E9BK16;IAFSPNRFW;140.33;9
DRB1_1501;INQIAFSPNRFWMCV;A7_4_Q95NJ3;IAFSPNRFW;140.33;9
DRB1_1501;INQIAFSPNRFWMCV;A7_5_J9UU49;IAFSPNRFW;140.33;9
DRB1_1501;AINQIAFSPNRFWMC;A7_6_A4HGX7;IAFSPNRFW;155.28;10
DRB1_1501;INQIAFSPNRFWMCV;A7_6_A4HGX7;IAFSPNRFW;140.33;9
DRB3_0101;PDRHSVDSDYGLPSH;A7_1_LACK1;VDSDYGLPS;714.43;10
DRB3_0101;DRHSVDSDYGLPSHR;A7_1_LACK1;VDSDYGLPS;632.2;9
DRB3_0101;RHSVDSDYGLPSHRL;A7_1_LACK1;VDSDYGLPS;544.44;7.5
DRB3_0101;TDYALTASWDRSIRM;A7_1_LACK1;ASWDRSIRM;586.07;8
DRB3_0101;DYALTASWDRSIRMW;A7_1_LACK1;ASWDRSIRM;416.44;5.5
DRB3_0101;YALTASWDRSIRMWD;A7_1_LACK1;ASWDRSIRM;442.33;6
DRB3_0101;ALTASWDRSIRMWDL;A7_1_LACK1;ASWDRSIRM;431.04;6
DRB3_0101;LTASWDRSIRMWDLR;A7_1_LACK1;ASWDRSIRM;527.44;7
DRB3_0101;DVLAVAFSPDDRLIV;A7_1_LACK1;FSPDDRLIV;212.04;2.5
DRB3_0101;VLAVAFSPDDRLIVS;A7_1_LACK1;FSPDDRLIV;144.89;1.3
DRB3_0101;LAVAFSPDDRLIVSA;A7_1_LACK1;FSPDDRLIV;129.56;1.1
DRB3_0101;AVAFSPDDRLIVSAG;A7_1_LACK1;FSPDDRLIV;150.08;1.3
DRB3_0101;VAFSPDDRLIVSAGR;A7_1_LACK1;FSPDDRLIV;192.28;2
DRB3_0101;AFSPDDRLIVSAGRD;A7_1_LACK1;FSPDDRLIV;325.27;4
DRB3_0101;DGAALLWDLSTGEQL;A7_1_LACK1;LLWDLSTGE;513.3;7
DRB3_0101;GAALLWDLSTGEQLF;A7_1_LACK1;LLWDLSTGE;400.24;5.5
DRB3_0101;AALLWDLSTGEQLFK;A7_1_LACK1;LLWDLSTGE;422.35;5.5
DRB3_0101;ALLWDLSTGEQLFKI;A7_1_LACK1;LLWDLSTGE;488.46;6.5
DRB3_0101;TGEQLFKINVESPIN;A7_1_LACK1;FKINVESPI;551.8;7.5
DRB3_0101;GEQLFKINVESPINQ;A7_1_LACK1;FKINVESPI;482.04;6.5
DRB3_0101;EQLFKINVESPINQI;A7_1_LACK1;FKINVESPI;405.45;5.5
DRB3_0101;QLFKINVESPINQIA;A7_1_LACK1;FKINVESPI;444.41;6
DRB3_0101;LFKINVESPINQIAF;A7_1_LACK1;FKINVESPI;589.18;8.5
DRB3_0101;PINQIAFSPNRFWMC;A7_1_LACK1;IAFSPNRFW;642.87;9
DRB3_0101;INQIAFSPNRFWMCV;A7_1_LACK1;IAFSPNRFW;585.21;8
DRB3_0101;NQIAFSPNRFWMCVA;A7_1_LACK1;IAFSPNRFW;668.41;9.5
DRB3_0101;RSLSVYDLESKAVIA;A7_1_LACK1;YDLESKAVI;600.02;8.5
DRB3_0101;SLSVYDLESKAVIAE;A7_1_LACK1;YDLESKAVI;652.5;9
DRB3_0101;LSVYDLESKAVIAEL;A7_1_LACK1;YDLESKAVI;656.09;9
DRB3_0101;ECISIAWSADGNTLY;A7_1_LACK1;WSADGNTLY;294.97;3.5
DRB3_0101;CISIAWSADGNTLYS;A7_1_LACK1;WSADGNTLY;174.53;1.7
DRB3_0101;ISIAWSADGNTLYSG;A7_1_LACK1;WSADGNTLY;178.75;1.8
DRB3_0101;SIAWSADGNTLYSGH;A7_1_LACK1;WSADGNTLY;183.35;1.9
DRB3_0101;IAWSADGNTLYSGHK;A7_1_LACK1;WSADGNTLY;216.92;2.5
DRB3_0101;AWSADGNTLYSGHKD;A7_1_LACK1;WSADGNTLY;380.92;5
DRB3_0101;TDYALTASWDRSIRM;A7_2_LACK2;ASWDRSIRM;586.07;8
DRB3_0101;DYALTASWDRSIRMW;A7_2_LACK2;ASWDRSIRM;416.44;5.5
DRB3_0101;YALTASWDRSIRMWD;A7_2_LACK2;ASWDRSIRM;442.33;6
DRB3_0101;ALTASWDRSIRMWDL;A7_2_LACK2;ASWDRSIRM;431.04;6
DRB3_0101;LTASWDRSIRMWDLR;A7_2_LACK2;ASWDRSIRM;527.44;7
DRB3_0101;DVLAVAFSPDDRLIV;A7_2_LACK2;FSPDDRLIV;212.04;2.5
DRB3_0101;VLAVAFSPDDRLIVS;A7_2_LACK2;FSPDDRLIV;144.89;1.3
DRB3_0101;LAVAFSPDDRLIVSA;A7_2_LACK2;FSPDDRLIV;129.56;1.1
DRB3_0101;AVAFSPDDRLIVSAG;A7_2_LACK2;FSPDDRLIV;150.08;1.3
DRB3_0101;VAFSPDDRLIVSAGR;A7_2_LACK2;FSPDDRLIV;192.28;2
DRB3_0101;AFSPDDRLIVSAGRD;A7_2_LACK2;FSPDDRLIV;325.27;4
DRB3_0101;DGAALLWDLSTGEQL;A7_2_LACK2;LLWDLSTGE;513.3;7
DRB3_0101;GAALLWDLSTGEQLF;A7_2_LACK2;LLWDLSTGE;400.24;5.5
DRB3_0101;AALLWDLSTGEQLFK;A7_2_LACK2;LLWDLSTGE;422.35;5.5
DRB3_0101;ALLWDLSTGEQLFKI;A7_2_LACK2;LLWDLSTGE;488.46;6.5
DRB3_0101;TGEQLFKINVESPIN;A7_2_LACK2;FKINVESPI;551.8;7.5
DRB3_0101;GEQLFKINVESPINQ;A7_2_LACK2;FKINVESPI;482.04;6.5
DRB3_0101;EQLFKINVESPINQI;A7_2_LACK2;FKINVESPI;405.45;5.5
DRB3_0101;QLFKINVESPINQIA;A7_2_LACK2;FKINVESPI;444.41;6
DRB3_0101;LFKINVESPINQIAF;A7_2_LACK2;FKINVESPI;589.18;8.5
DRB3_0101;PINQIAFSPNRFWMC;A7_2_LACK2;IAFSPNRFW;642.87;9
DRB3_0101;INQIAFSPNRFWMCV;A7_2_LACK2;IAFSPNRFW;585.21;8
DRB3_0101;NQIAFSPNRFWMCVA;A7_2_LACK2;IAFSPNRFW;668.41;9.5
DRB3_0101;RSLSVYDLESKAVIA;A7_2_LACK2;YDLESKAVI;600.02;8.5
DRB3_0101;SLSVYDLESKAVIAE;A7_2_LACK2;YDLESKAVI;652.5;9
DRB3_0101;LSVYDLESKAVIAEL;A7_2_LACK2;YDLESKAVI;656.09;9
DRB3_0101;ECISIAWSADGNTLY;A7_2_LACK2;WSADGNTLY;294.97;3.5
DRB3_0101;CISIAWSADGNTLYS;A7_2_LACK2;WSADGNTLY;174.53;1.7
DRB3_0101;ISIAWSADGNTLYSG;A7_2_LACK2;WSADGNTLY;178.75;1.8
DRB3_0101;SIAWSADGNTLYSGH;A7_2_LACK2;WSADGNTLY;183.35;1.9
DRB3_0101;IAWSADGNTLYSGHK;A7_2_LACK2;WSADGNTLY;216.92;2.5
DRB3_0101;AWSADGNTLYSGHKD;A7_2_LACK2;WSADGNTLY;380.92;5
DRB3_0101;PDRHSVDSDYGLPSH;A7_3_E9BK16;VDSDYGLPS;714.43;10
DRB3_0101;DRHSVDSDYGLPSHR;A7_3_E9BK16;VDSDYGLPS;632.2;9
DRB3_0101;RHSVDSDYGLPSHRL;A7_3_E9BK16;VDSDYGLPS;544.44;7.5
DRB3_0101;TDYALTASWDRSIRM;A7_3_E9BK16;ASWDRSIRM;586.07;8
DRB3_0101;DYALTASWDRSIRMW;A7_3_E9BK16;ASWDRSIRM;416.44;5.5
DRB3_0101;YALTASWDRSIRMWD;A7_3_E9BK16;ASWDRSIRM;442.33;6
DRB3_0101;ALTASWDRSIRMWDL;A7_3_E9BK16;ASWDRSIRM;431.04;6
DRB3_0101;LTASWDRSIRMWDLR;A7_3_E9BK16;ASWDRSIRM;527.44;7
DRB3_0101;DVLAVAFSPDDRLIV;A7_3_E9BK16;FSPDDRLIV;212.04;2.5
DRB3_0101;VLAVAFSPDDRLIVS;A7_3_E9BK16;FSPDDRLIV;144.89;1.3
DRB3_0101;LAVAFSPDDRLIVSA;A7_3_E9BK16;FSPDDRLIV;129.56;1.1
DRB3_0101;AVAFSPDDRLIVSAG;A7_3_E9BK16;FSPDDRLIV;150.08;1.3
DRB3_0101;VAFSPDDRLIVSAGR;A7_3_E9BK16;FSPDDRLIV;192.28;2
DRB3_0101;AFSPDDRLIVSAGRD;A7_3_E9BK16;FSPDDRLIV;325.27;4
DRB3_0101;DGAALLWDLSTGEQL;A7_3_E9BK16;LLWDLSTGE;513.3;7
DRB3_0101;GAALLWDLSTGEQLF;A7_3_E9BK16;LLWDLSTGE;400.24;5.5
DRB3_0101;AALLWDLSTGEQLFK;A7_3_E9BK16;LLWDLSTGE;422.35;5.5
DRB3_0101;ALLWDLSTGEQLFKI;A7_3_E9BK16;LLWDLSTGE;488.46;6.5
DRB3_0101;TGEQLFKINVESPIN;A7_3_E9BK16;FKINVESPI;551.8;7.5
DRB3_0101;GEQLFKINVESPINQ;A7_3_E9BK16;FKINVESPI;482.04;6.5
DRB3_0101;EQLFKINVESPINQI;A7_3_E9BK16;FKINVESPI;405.45;5.5
DRB3_0101;QLFKINVESPINQIA;A7_3_E9BK16;FKINVESPI;444.41;6
DRB3_0101;LFKINVESPINQIAF;A7_3_E9BK16;FKINVESPI;589.18;8.5
DRB3_0101;PINQIAFSPNRFWMC;A7_3_E9BK16;IAFSPNRFW;642.87;9
DRB3_0101;INQIAFSPNRFWMCV;A7_3_E9BK16;IAFSPNRFW;585.21;8
DRB3_0101;NQIAFSPNRFWMCVA;A7_3_E9BK16;IAFSPNRFW;668.41;9.5
DRB3_0101;RSLSVYDLESKAVIA;A7_3_E9BK16;YDLESKAVI;600.02;8.5
DRB3_0101;SLSVYDLESKAVIAE;A7_3_E9BK16;YDLESKAVI;652.5;9
DRB3_0101;LSVYDLESKAVIAEL;A7_3_E9BK16;YDLESKAVI;656.09;9
DRB3_0101;ECISIAWSADGNTLY;A7_3_E9BK16;WSADGNTLY;294.97;3.5
DRB3_0101;CISIAWSADGNTLYS;A7_3_E9BK16;WSADGNTLY;174.53;1.7
DRB3_0101;ISIAWSADGNTLYSG;A7_3_E9BK16;WSADGNTLY;178.75;1.8
DRB3_0101;SIAWSADGNTLYSGH;A7_3_E9BK16;WSADGNTLY;183.35;1.9
DRB3_0101;IAWSADGNTLYSGHK;A7_3_E9BK16;WSADGNTLY;216.92;2.5
DRB3_0101;AWSADGNTLYSGHKD;A7_3_E9BK16;WSADGNTLY;380.92;5
DRB3_0101;PDRHSVDSDYGLPSH;A7_4_Q95NJ3;VDSDYGLPS;714.43;10
DRB3_0101;DRHSVDSDYGLPSHR;A7_4_Q95NJ3;VDSDYGLPS;632.2;9
DRB3_0101;RHSVDSDYGLPSHRL;A7_4_Q95NJ3;VDSDYGLPS;544.44;7.5
DRB3_0101;TDYALTASWDRSIRM;A7_4_Q95NJ3;ASWDRSIRM;586.07;8
DRB3_0101;DYALTASWDRSIRMW;A7_4_Q95NJ3;ASWDRSIRM;416.44;5.5
DRB3_0101;YALTASWDRSIRMWD;A7_4_Q95NJ3;ASWDRSIRM;442.33;6
DRB3_0101;ALTASWDRSIRMWDL;A7_4_Q95NJ3;ASWDRSIRM;431.04;6
DRB3_0101;LTASWDRSIRMWDLR;A7_4_Q95NJ3;ASWDRSIRM;527.44;7
DRB3_0101;DVLAVAFSPDDRLIV;A7_4_Q95NJ3;FSPDDRLIV;212.04;2.5
DRB3_0101;VLAVAFSPDDRLIVS;A7_4_Q95NJ3;FSPDDRLIV;144.89;1.3
DRB3_0101;LAVAFSPDDRLIVSA;A7_4_Q95NJ3;FSPDDRLIV;129.56;1.1
DRB3_0101;AVAFSPDDRLIVSAG;A7_4_Q95NJ3;FSPDDRLIV;150.08;1.3
DRB3_0101;VAFSPDDRLIVSAGR;A7_4_Q95NJ3;FSPDDRLIV;192.28;2
DRB3_0101;AFSPDDRLIVSAGRD;A7_4_Q95NJ3;FSPDDRLIV;325.27;4
DRB3_0101;ECMHEFLRDSHEDWV;A7_4_Q95NJ3;FLRDSHEDW;543.45;7.5
DRB3_0101;CMHEFLRDSHEDWVS;A7_4_Q95NJ3;FLRDSHEDW;463.18;6.5
DRB3_0101;MHEFLRDSHEDWVSS;A7_4_Q95NJ3;FLRDSHEDW;447.6;6
DRB3_0101;HEFLRDSHEDWVSSI;A7_4_Q95NJ3;FLRDSHEDW;506.85;7
DRB3_0101;EFLRDSHEDWVSSIC;A7_4_Q95NJ3;FLRDSHEDW;664.5;9.5
DRB3_0101;DGAALLWDLSTGEQL;A7_4_Q95NJ3;LLWDLSTGE;513.3;7
DRB3_0101;GAALLWDLSTGEQLF;A7_4_Q95NJ3;LLWDLSTGE;400.24;5.5
DRB3_0101;AALLWDLSTGEQLFK;A7_4_Q95NJ3;LLWDLSTGE;422.35;5.5
DRB3_0101;ALLWDLSTGEQLFKI;A7_4_Q95NJ3;LLWDLSTGE;488.46;6.5
DRB3_0101;TGEQLFKINVESPIN;A7_4_Q95NJ3;FKINVESPI;551.8;7.5
DRB3_0101;GEQLFKINVESPINQ;A7_4_Q95NJ3;FKINVESPI;482.04;6.5
DRB3_0101;EQLFKINVESPINQI;A7_4_Q95NJ3;FKINVESPI;405.45;5.5
DRB3_0101;QLFKINVESPINQIA;A7_4_Q95NJ3;FKINVESPI;444.41;6
DRB3_0101;LFKINVESPINQIAF;A7_4_Q95NJ3;FKINVESPI;589.18;8.5
DRB3_0101;PINQIAFSPNRFWMC;A7_4_Q95NJ3;IAFSPNRFW;642.87;9
DRB3_0101;INQIAFSPNRFWMCV;A7_4_Q95NJ3;IAFSPNRFW;585.21;8
DRB3_0101;NQIAFSPNRFWMCVA;A7_4_Q95NJ3;IAFSPNRFW;668.41;9.5
DRB3_0101;RSLSVYDLESKAVIA;A7_4_Q95NJ3;YDLESKAVI;600.02;8.5
DRB3_0101;SLSVYDLESKAVIAE;A7_4_Q95NJ3;YDLESKAVI;652.5;9
DRB3_0101;LSVYDLESKAVIAEL;A7_4_Q95NJ3;YDLESKAVI;656.09;9
DRB3_0101;ECISIAWSADGNTLY;A7_4_Q95NJ3;WSADGNTLY;294.97;3.5
DRB3_0101;CISIAWSADGNTLYS;A7_4_Q95NJ3;WSADGNTLY;174.53;1.7
DRB3_0101;ISIAWSADGNTLYSG;A7_4_Q95NJ3;WSADGNTLY;178.75;1.8
DRB3_0101;SIAWSADGNTLYSGH;A7_4_Q95NJ3;WSADGNTLY;183.35;1.9
DRB3_0101;IAWSADGNTLYSGHK;A7_4_Q95NJ3;WSADGNTLY;216.92;2.5
DRB3_0101;AWSADGNTLYSGHKD;A7_4_Q95NJ3;WSADGNTLY;380.92;5
DRB3_0101;TDYALTASWDRSIRM;A7_5_J9UU49;ASWDRSIRM;586.07;8
DRB3_0101;DYALTASWDRSIRMW;A7_5_J9UU49;ASWDRSIRM;416.44;5.5
DRB3_0101;YALTASWDRSIRMWD;A7_5_J9UU49;ASWDRSIRM;442.33;6
DRB3_0101;ALTASWDRSIRMWDL;A7_5_J9UU49;ASWDRSIRM;431.04;6
DRB3_0101;LTASWDRSIRMWDLR;A7_5_J9UU49;ASWDRSIRM;527.44;7
DRB3_0101;DVLAVAFSPDDRLIV;A7_5_J9UU49;FSPDDRLIV;212.04;2.5
DRB3_0101;VLAVAFSPDDRLIVS;A7_5_J9UU49;FSPDDRLIV;144.89;1.3
DRB3_0101;LAVAFSPDDRLIVSA;A7_5_J9UU49;FSPDDRLIV;129.56;1.1
DRB3_0101;AVAFSPDDRLIVSAG;A7_5_J9UU49;FSPDDRLIV;150.08;1.3
DRB3_0101;VAFSPDDRLIVSAGR;A7_5_J9UU49;FSPDDRLIV;192.28;2
DRB3_0101;AFSPDDRLIVSAGRD;A7_5_J9UU49;FSPDDRLIV;325.27;4
DRB3_0101;ECMHEFLRDAHEDWV;A7_5_J9UU49;FLRDAHEDW;507.08;7
DRB3_0101;CMHEFLRDAHEDWVS;A7_5_J9UU49;FLRDAHEDW;443.79;6
DRB3_0101;MHEFLRDAHEDWVSS;A7_5_J9UU49;FLRDAHEDW;433.65;6
DRB3_0101;HEFLRDAHEDWVSSI;A7_5_J9UU49;FLRDAHEDW;472.95;6.5
DRB3_0101;EFLRDAHEDWVSSIC;A7_5_J9UU49;FLRDAHEDW;616.05;8.5
DRB3_0101;DGAALLWDLSTGEQL;A7_5_J9UU49;LLWDLSTGE;513.3;7
DRB3_0101;GAALLWDLSTGEQLF;A7_5_J9UU49;LLWDLSTGE;400.24;5.5
DRB3_0101;AALLWDLSTGEQLFK;A7_5_J9UU49;LLWDLSTGE;422.35;5.5
DRB3_0101;ALLWDLSTGEQLFKI;A7_5_J9UU49;LLWDLSTGE;488.46;6.5
DRB3_0101;TGEQLFKINVESPIN;A7_5_J9UU49;FKINVESPI;551.8;7.5
DRB3_0101;GEQLFKINVESPINQ;A7_5_J9UU49;FKINVESPI;482.04;6.5
DRB3_0101;EQLFKINVESPINQI;A7_5_J9UU49;FKINVESPI;405.45;5.5
DRB3_0101;QLFKINVESPINQIA;A7_5_J9UU49;FKINVESPI;444.41;6
DRB3_0101;LFKINVESPINQIAF;A7_5_J9UU49;FKINVESPI;589.18;8.5
DRB3_0101;PINQIAFSPNRFWMC;A7_5_J9UU49;IAFSPNRFW;642.87;9
DRB3_0101;INQIAFSPNRFWMCV;A7_5_J9UU49;IAFSPNRFW;585.21;8
DRB3_0101;NQIAFSPNRFWMCVA;A7_5_J9UU49;IAFSPNRFW;668.41;9.5
DRB3_0101;RSLSVYDLESKAVIA;A7_5_J9UU49;YDLESKAVI;600.02;8.5
DRB3_0101;SLSVYDLESKAVIAE;A7_5_J9UU49;YDLESKAVI;652.5;9
DRB3_0101;LSVYDLESKAVIAEL;A7_5_J9UU49;YDLESKAVI;656.09;9
DRB3_0101;ECISIAWSADGNTLY;A7_5_J9UU49;WSADGNTLY;294.97;3.5
DRB3_0101;CISIAWSADGNTLYS;A7_5_J9UU49;WSADGNTLY;174.53;1.7
DRB3_0101;ISIAWSADGNTLYSG;A7_5_J9UU49;WSADGNTLY;178.75;1.8
DRB3_0101;SIAWSADGNTLYSGH;A7_5_J9UU49;WSADGNTLY;183.35;1.9
DRB3_0101;IAWSADGNTLYSGHK;A7_5_J9UU49;WSADGNTLY;216.92;2.5
DRB3_0101;AWSADGNTLYSGHKD;A7_5_J9UU49;WSADGNTLY;380.92;5
DRB3_0101;TDYALTASWDRSIRM;A7_6_A4HGX7;ASWDRSIRM;586.07;8
DRB3_0101;DYALTASWDRSIRMW;A7_6_A4HGX7;ASWDRSIRM;416.44;5.5
DRB3_0101;YALTASWDRSIRMWD;A7_6_A4HGX7;ASWDRSIRM;442.33;6
DRB3_0101;ALTASWDRSIRMWDL;A7_6_A4HGX7;ASWDRSIRM;431.04;6
DRB3_0101;LTASWDRSIRMWDLR;A7_6_A4HGX7;ASWDRSIRM;527.44;7
DRB3_0101;DVLAVAFSPDDRLIV;A7_6_A4HGX7;FSPDDRLIV;212.04;2.5
DRB3_0101;VLAVAFSPDDRLIVS;A7_6_A4HGX7;FSPDDRLIV;144.89;1.3
DRB3_0101;LAVAFSPDDRLIVSA;A7_6_A4HGX7;FSPDDRLIV;129.56;1.1
DRB3_0101;AVAFSPDDRLIVSAG;A7_6_A4HGX7;FSPDDRLIV;150.08;1.3
DRB3_0101;VAFSPDDRLIVSAGR;A7_6_A4HGX7;FSPDDRLIV;192.28;2
DRB3_0101;AFSPDDRLIVSAGRD;A7_6_A4HGX7;FSPDDRLIV;325.27;4
DRB3_0101;DGAALLWDLSTGEQL;A7_6_A4HGX7;LLWDLSTGE;513.3;7
DRB3_0101;GAALLWDLSTGEQLF;A7_6_A4HGX7;LLWDLSTGE;400.24;5.5
DRB3_0101;AALLWDLSTGEQLFR;A7_6_A4HGX7;LLWDLSTGE;412.62;5.5
DRB3_0101;ALLWDLSTGEQLFRI;A7_6_A4HGX7;LLWDLSTGE;459.71;6.5
DRB3_0101;STGEQLFRINVESAI;A7_6_A4HGX7;FRINVESAI;410.94;5.5
DRB3_0101;TGEQLFRINVESAIN;A7_6_A4HGX7;FRINVESAI;303.73;4
DRB3_0101;GEQLFRINVESAINQ;A7_6_A4HGX7;FRINVESAI;268.49;3.5
DRB3_0101;EQLFRINVESAINQI;A7_6_A4HGX7;FRINVESAI;233.7;3
DRB3_0101;QLFRINVESAINQIA;A7_6_A4HGX7;FRINVESAI;260.94;3
DRB3_0101;LFRINVESAINQIAF;A7_6_A4HGX7;FRINVESAI;378.08;5
DRB3_0101;AINQIAFSPNRFWMC;A7_6_A4HGX7;IAFSPNRFW;636.37;9
DRB3_0101;INQIAFSPNRFWMCV;A7_6_A4HGX7;IAFSPNRFW;585.21;8
DRB3_0101;NQIAFSPNRFWMCVA;A7_6_A4HGX7;IAFSPNRFW;668.41;9.5
DRB3_0101;KSLSVYDLESKAVIA;A7_6_A4HGX7;YDLESKAVI;599.19;8.5
DRB3_0101;SLSVYDLESKAVIAE;A7_6_A4HGX7;YDLESKAVI;652.5;9
DRB3_0101;LSVYDLESKAVIAEL;A7_6_A4HGX7;YDLESKAVI;656.09;9
DRB3_0101;ECISIAWSADGNTLY;A7_6_A4HGX7;WSADGNTLY;294.97;3.5
DRB3_0101;CISIAWSADGNTLYS;A7_6_A4HGX7;WSADGNTLY;174.53;1.7
DRB3_0101;ISIAWSADGNTLYSG;A7_6_A4HGX7;WSADGNTLY;178.75;1.8
DRB3_0101;SIAWSADGNTLYSGH;A7_6_A4HGX7;WSADGNTLY;183.35;1.9
DRB3_0101;IAWSADGNTLYSGHK;A7_6_A4HGX7;WSADGNTLY;216.92;2.5
DRB3_0101;AWSADGNTLYSGHKD;A7_6_A4HGX7;WSADGNTLY;380.92;5
DRB3_0202;QQAGSYIKVVSTSRD;A7_1_LACK1;YIKVVSTSR;150.88;4.5
DRB3_0202;QAGSYIKVVSTSRDG;A7_1_LACK1;YIKVVSTSR;130.54;3.5
DRB3_0202;AGSYIKVVSTSRDGT;A7_1_LACK1;YIKVVSTSR;114.49;3
DRB3_0202;GSYIKVVSTSRDGTA;A7_1_LACK1;YIKVVSTSR;129.52;3.5
DRB3_0202;SYIKVVSTSRDGTAI;A7_1_LACK1;YIKVVSTSR;177.95;5.5
DRB3_0202;CQRKFLKHTKDVLAV;A7_1_LACK1;LKHTKDVLA;165.83;5
DRB3_0202;QRKFLKHTKDVLAVA;A7_1_LACK1;LKHTKDVLA;130.93;3.5
DRB3_0202;RKFLKHTKDVLAVAF;A7_1_LACK1;LKHTKDVLA;132.7;3.5
DRB3_0202;KFLKHTKDVLAVAFS;A7_1_LACK1;LKHTKDVLA;205.49;6.5
DRB3_0202;TGEQLFKINVESPIN;A7_1_LACK1;FKINVESPI;259.49;9
DRB3_0202;GEQLFKINVESPINQ;A7_1_LACK1;FKINVESPI;182.27;5.5
DRB3_0202;EQLFKINVESPINQI;A7_1_LACK1;FKINVESPI;123.96;3
DRB3_0202;QLFKINVESPINQIA;A7_1_LACK1;FKINVESPI;116.89;3
DRB3_0202;LFKINVESPINQIAF;A7_1_LACK1;INVESPINQ;146.08;4
DRB3_0202;PNRFWMCVATERSLS;A7_1_LACK1;FWMCVATER;220.32;7.5
DRB3_0202;NRFWMCVATERSLSV;A7_1_LACK1;FWMCVATER;184.11;6
DRB3_0202;RFWMCVATERSLSVY;A7_1_LACK1;WMCVATERS;190.58;6
DRB3_0202;QQAGSYIKVVSTSRD;A7_2_LACK2;YIKVVSTSR;150.88;4.5
DRB3_0202;QAGSYIKVVSTSRDG;A7_2_LACK2;YIKVVSTSR;130.54;3.5
DRB3_0202;AGSYIKVVSTSRDGT;A7_2_LACK2;YIKVVSTSR;114.49;3
DRB3_0202;GSYIKVVSTSRDGTA;A7_2_LACK2;YIKVVSTSR;129.52;3.5
DRB3_0202;SYIKVVSTSRDGTAI;A7_2_LACK2;YIKVVSTSR;177.95;5.5
DRB3_0202;CQRKFLKHTKDVLAV;A7_2_LACK2;LKHTKDVLA;165.83;5
DRB3_0202;QRKFLKHTKDVLAVA;A7_2_LACK2;LKHTKDVLA;130.93;3.5
DRB3_0202;RKFLKHTKDVLAVAF;A7_2_LACK2;LKHTKDVLA;132.7;3.5
DRB3_0202;KFLKHTKDVLAVAFS;A7_2_LACK2;LKHTKDVLA;205.49;6.5
DRB3_0202;TGEQLFKINVESPIN;A7_2_LACK2;FKINVESPI;259.49;9
DRB3_0202;GEQLFKINVESPINQ;A7_2_LACK2;FKINVESPI;182.27;5.5
DRB3_0202;EQLFKINVESPINQI;A7_2_LACK2;FKINVESPI;123.96;3
DRB3_0202;QLFKINVESPINQIA;A7_2_LACK2;FKINVESPI;116.89;3
DRB3_0202;LFKINVESPINQIAF;A7_2_LACK2;INVESPINQ;146.08;4
DRB3_0202;PNRFWMCVATERSLS;A7_2_LACK2;FWMCVATER;220.32;7.5
DRB3_0202;NRFWMCVATERSLSV;A7_2_LACK2;FWMCVATER;184.11;6
DRB3_0202;RFWMCVATERSLSVY;A7_2_LACK2;WMCVATERS;190.58;6
DRB3_0202;QQAGSYIKVVSTSRD;A7_3_E9BK16;YIKVVSTSR;150.88;4.5
DRB3_0202;QAGSYIKVVSTSRDG;A7_3_E9BK16;YIKVVSTSR;130.54;3.5
DRB3_0202;AGSYIKVVSTSRDGT;A7_3_E9BK16;YIKVVSTSR;114.49;3
DRB3_0202;GSYIKVVSTSRDGTA;A7_3_E9BK16;YIKVVSTSR;129.52;3.5
DRB3_0202;SYIKVVSTSRDGTAI;A7_3_E9BK16;YIKVVSTSR;177.95;5.5
DRB3_0202;CQRKFLKHTKDVLAV;A7_3_E9BK16;LKHTKDVLA;165.83;5
DRB3_0202;QRKFLKHTKDVLAVA;A7_3_E9BK16;LKHTKDVLA;130.93;3.5
DRB3_0202;RKFLKHTKDVLAVAF;A7_3_E9BK16;LKHTKDVLA;132.7;3.5
DRB3_0202;KFLKHTKDVLAVAFS;A7_3_E9BK16;LKHTKDVLA;205.49;6.5
DRB3_0202;TGEQLFKINVESPIN;A7_3_E9BK16;FKINVESPI;259.49;9
DRB3_0202;GEQLFKINVESPINQ;A7_3_E9BK16;FKINVESPI;182.27;5.5
DRB3_0202;EQLFKINVESPINQI;A7_3_E9BK16;FKINVESPI;123.96;3
DRB3_0202;QLFKINVESPINQIA;A7_3_E9BK16;FKINVESPI;116.89;3
DRB3_0202;LFKINVESPINQIAF;A7_3_E9BK16;INVESPINQ;146.08;4
DRB3_0202;PNRFWMCVATERSLS;A7_3_E9BK16;FWMCVATER;220.32;7.5
DRB3_0202;NRFWMCVATERSLSV;A7_3_E9BK16;FWMCVATER;184.11;6
DRB3_0202;RFWMCVATERSLSVY;A7_3_E9BK16;WMCVATERS;190.58;6
DRB3_0202;QQAGSYIKVVSTSRD;A7_4_Q95NJ3;YIKVVSTSR;150.88;4.5
DRB3_0202;QAGSYIKVVSTSRDG;A7_4_Q95NJ3;YIKVVSTSR;130.54;3.5
DRB3_0202;AGSYIKVVSTSRDGT;A7_4_Q95NJ3;YIKVVSTSR;114.49;3
DRB3_0202;GSYIKVVSTSRDGTA;A7_4_Q95NJ3;YIKVVSTSR;129.52;3.5
DRB3_0202;SYIKVVSTSRDGTAI;A7_4_Q95NJ3;YIKVVSTSR;177.95;5.5
DRB3_0202;CQRKFLKHTKDVLAV;A7_4_Q95NJ3;LKHTKDVLA;165.83;5
DRB3_0202;QRKFLKHTKDVLAVA;A7_4_Q95NJ3;LKHTKDVLA;130.93;3.5
DRB3_0202;RKFLKHTKDVLAVAF;A7_4_Q95NJ3;LKHTKDVLA;132.7;3.5
DRB3_0202;KFLKHTKDVLAVAFS;A7_4_Q95NJ3;LKHTKDVLA;205.49;6.5
DRB3_0202;TGEQLFKINVESPIN;A7_4_Q95NJ3;FKINVESPI;259.49;9
DRB3_0202;GEQLFKINVESPINQ;A7_4_Q95NJ3;FKINVESPI;182.27;5.5
DRB3_0202;EQLFKINVESPINQI;A7_4_Q95NJ3;FKINVESPI;123.96;3
DRB3_0202;QLFKINVESPINQIA;A7_4_Q95NJ3;FKINVESPI;116.89;3
DRB3_0202;LFKINVESPINQIAF;A7_4_Q95NJ3;INVESPINQ;146.08;4
DRB3_0202;PNRFWMCVATERSLS;A7_4_Q95NJ3;FWMCVATER;220.32;7.5
DRB3_0202;NRFWMCVATERSLSV;A7_4_Q95NJ3;FWMCVATER;184.11;6
DRB3_0202;RFWMCVATERSLSVY;A7_4_Q95NJ3;WMCVATERS;190.58;6
DRB3_0202;QQAGSYIKVVSTSRD;A7_5_J9UU49;YIKVVSTSR;150.88;4.5
DRB3_0202;QAGSYIKVVSTSRDG;A7_5_J9UU49;YIKVVSTSR;130.54;3.5
DRB3_0202;AGSYIKVVSTSRDGT;A7_5_J9UU49;YIKVVSTSR;114.49;3
DRB3_0202;GSYIKVVSTSRDGTA;A7_5_J9UU49;YIKVVSTSR;129.52;3.5
DRB3_0202;SYIKVVSTSRDGTAI;A7_5_J9UU49;YIKVVSTSR;177.95;5.5
DRB3_0202;CQRKFLKHTKDVLAV;A7_5_J9UU49;LKHTKDVLA;165.83;5
DRB3_0202;QRKFLKHTKDVLAVA;A7_5_J9UU49;LKHTKDVLA;130.93;3.5
DRB3_0202;RKFLKHTKDVLAVAF;A7_5_J9UU49;LKHTKDVLA;132.7;3.5
DRB3_0202;KFLKHTKDVLAVAFS;A7_5_J9UU49;LKHTKDVLA;205.49;6.5
DRB3_0202;TGEQLFKINVESPIN;A7_5_J9UU49;FKINVESPI;259.49;9
DRB3_0202;GEQLFKINVESPINQ;A7_5_J9UU49;FKINVESPI;182.27;5.5
DRB3_0202;EQLFKINVESPINQI;A7_5_J9UU49;FKINVESPI;123.96;3
DRB3_0202;QLFKINVESPINQIA;A7_5_J9UU49;FKINVESPI;116.89;3
DRB3_0202;LFKINVESPINQIAF;A7_5_J9UU49;INVESPINQ;146.08;4
DRB3_0202;PNRFWMCVATERSLS;A7_5_J9UU49;FWMCVATER;220.32;7.5
DRB3_0202;NRFWMCVATERSLSV;A7_5_J9UU49;FWMCVATER;184.11;6
DRB3_0202;RFWMCVATERSLSVY;A7_5_J9UU49;WMCVATERS;190.58;6
DRB3_0202;QQAGSYIKVVSTSRD;A7_6_A4HGX7;YIKVVSTSR;150.88;4.5
DRB3_0202;QAGSYIKVVSTSRDG;A7_6_A4HGX7;YIKVVSTSR;130.54;3.5
DRB3_0202;AGSYIKVVSTSRDGT;A7_6_A4HGX7;YIKVVSTSR;114.49;3
DRB3_0202;GSYIKVVSTSRDGTA;A7_6_A4HGX7;YIKVVSTSR;129.52;3.5
DRB3_0202;SYIKVVSTSRDGTAI;A7_6_A4HGX7;YIKVVSTSR;177.95;5.5
DRB3_0202;SQRKFLKHTKDVLAV;A7_6_A4HGX7;LKHTKDVLA;166.08;5
DRB3_0202;QRKFLKHTKDVLAVA;A7_6_A4HGX7;LKHTKDVLA;130.93;3.5
DRB3_0202;RKFLKHTKDVLAVAF;A7_6_A4HGX7;LKHTKDVLA;132.7;3.5
DRB3_0202;KFLKHTKDVLAVAFS;A7_6_A4HGX7;LKHTKDVLA;205.49;6.5
DRB3_0202;STGEQLFRINVESAI;A7_6_A4HGX7;FRINVESAI;254.79;9
DRB3_0202;TGEQLFRINVESAIN;A7_6_A4HGX7;FRINVESAI;139.69;4
DRB3_0202;GEQLFRINVESAINQ;A7_6_A4HGX7;FRINVESAI;108.28;2.5
DRB3_0202;EQLFRINVESAINQI;A7_6_A4HGX7;FRINVESAI;87.99;1.7
DRB3_0202;QLFRINVESAINQIA;A7_6_A4HGX7;FRINVESAI;88.45;1.7
DRB3_0202;LFRINVESAINQIAF;A7_6_A4HGX7;FRINVESAI;118.62;3
DRB3_0202;FRINVESAINQIAFS;A7_6_A4HGX7;INVESAINQ;273.52;10
DRB3_0202;NRFWMCVAAEKSLSV;A7_6_A4HGX7;WMCVAAEKS;230.37;8
DRB3_0202;RFWMCVAAEKSLSVY;A7_6_A4HGX7;VAAEKSLSV;213.8;7
DRB4_0101;QRKFLKHTKDVLAVA;A7_1_LACK1;LKHTKDVLA;209.26;8.5
DRB4_0101;RKFLKHTKDVLAVAF;A7_1_LACK1;LKHTKDVLA;210.51;8.5
DRB4_0101;EQLFKINVESPINQI;A7_1_LACK1;INVESPINQ;238.31;10
DRB4_0101;QLFKINVESPINQIA;A7_1_LACK1;INVESPINQ;199.9;8
DRB4_0101;LFKINVESPINQIAF;A7_1_LACK1;INVESPINQ;191.75;7.5
DRB4_0101;HKDNLIRVWSISDAE;A7_1_LACK1;IRVWSISDA;209.22;8.5
DRB4_0101;QRKFLKHTKDVLAVA;A7_2_LACK2;LKHTKDVLA;209.26;8.5
DRB4_0101;RKFLKHTKDVLAVAF;A7_2_LACK2;LKHTKDVLA;210.51;8.5
DRB4_0101;EQLFKINVESPINQI;A7_2_LACK2;INVESPINQ;238.31;10
DRB4_0101;QLFKINVESPINQIA;A7_2_LACK2;INVESPINQ;199.9;8
DRB4_0101;LFKINVESPINQIAF;A7_2_LACK2;INVESPINQ;191.75;7.5
DRB4_0101;HKDNLIRVWSISDAE;A7_2_LACK2;IRVWSISDA;209.22;8.5
DRB4_0101;QRKFLKHTKDVLAVA;A7_3_E9BK16;LKHTKDVLA;209.26;8.5
DRB4_0101;RKFLKHTKDVLAVAF;A7_3_E9BK16;LKHTKDVLA;210.51;8.5
DRB4_0101;EQLFKINVESPINQI;A7_3_E9BK16;INVESPINQ;238.31;10
DRB4_0101;QLFKINVESPINQIA;A7_3_E9BK16;INVESPINQ;199.9;8
DRB4_0101;LFKINVESPINQIAF;A7_3_E9BK16;INVESPINQ;191.75;7.5
DRB4_0101;HKDNLIRVWSISDAE;A7_3_E9BK16;IRVWSISDA;209.22;8.5
DRB4_0101;QRKFLKHTKDVLAVA;A7_4_Q95NJ3;LKHTKDVLA;209.26;8.5
DRB4_0101;RKFLKHTKDVLAVAF;A7_4_Q95NJ3;LKHTKDVLA;210.51;8.5
DRB4_0101;EQLFKINVESPINQI;A7_4_Q95NJ3;INVESPINQ;238.31;10
DRB4_0101;QLFKINVESPINQIA;A7_4_Q95NJ3;INVESPINQ;199.9;8
DRB4_0101;LFKINVESPINQIAF;A7_4_Q95NJ3;INVESPINQ;191.75;7.5
DRB4_0101;HKDNLIRVWSISDAE;A7_4_Q95NJ3;IRVWSISDA;209.22;8.5
DRB4_0101;QRKFLKHTKDVLAVA;A7_5_J9UU49;LKHTKDVLA;209.26;8.5
DRB4_0101;RKFLKHTKDVLAVAF;A7_5_J9UU49;LKHTKDVLA;210.51;8.5
DRB4_0101;EQLFKINVESPINQI;A7_5_J9UU49;INVESPINQ;238.31;10
DRB4_0101;QLFKINVESPINQIA;A7_5_J9UU49;INVESPINQ;199.9;8
DRB4_0101;LFKINVESPINQIAF;A7_5_J9UU49;INVESPINQ;191.75;7.5
DRB4_0101;HKDNLIRVWSISDAE;A7_5_J9UU49;IRVWSISDA;209.22;8.5
DRB4_0101;QRKFLKHTKDVLAVA;A7_6_A4HGX7;LKHTKDVLA;209.26;8.5
DRB4_0101;RKFLKHTKDVLAVAF;A7_6_A4HGX7;LKHTKDVLA;210.51;8.5
DRB4_0101;TGEQLFRINVESAIN;A7_6_A4HGX7;LFRINVESA;212.27;8.5
DRB4_0101;GEQLFRINVESAINQ;A7_6_A4HGX7;LFRINVESA;183.24;7
DRB4_0101;EQLFRINVESAINQI;A7_6_A4HGX7;LFRINVESA;144.14;4.5
DRB4_0101;QLFRINVESAINQIA;A7_6_A4HGX7;INVESAINQ;143.08;4.5
DRB4_0101;LFRINVESAINQIAF;A7_6_A4HGX7;INVESAINQ;162.79;6
DRB4_0101;FRINVESAINQIAFS;A7_6_A4HGX7;INVESAINQ;226.55;9.5
DRB4_0101;HKDNLIRVWSISDAE;A7_6_A4HGX7;IRVWSISDA;209.22;8.5
DRB5_0101;PQQAGSYIKVVSTSR;A7_1_LACK1;YIKVVSTSR;18.05;2.5
DRB5_0101;QQAGSYIKVVSTSRD;A7_1_LACK1;YIKVVSTSR;12.23;1.4
DRB5_0101;QAGSYIKVVSTSRDG;A7_1_LACK1;YIKVVSTSR;11.57;1.3
DRB5_0101;AGSYIKVVSTSRDGT;A7_1_LACK1;YIKVVSTSR;10.97;1.2
DRB5_0101;GSYIKVVSTSRDGTA;A7_1_LACK1;YIKVVSTSR;12.38;1.4
DRB5_0101;SYIKVVSTSRDGTAI;A7_1_LACK1;YIKVVSTSR;16.9;2.5
DRB5_0101;YIKVVSTSRDGTAIS;A7_1_LACK1;YIKVVSTSR;47.48;7
DRB5_0101;EGHTGFVSCVSLAHA;A7_1_LACK1;FVSCVSLAH;69.3;10
DRB5_0101;GHTGFVSCVSLAHAT;A7_1_LACK1;FVSCVSLAH;55.71;8.5
DRB5_0101;HTGFVSCVSLAHATD;A7_1_LACK1;FVSCVSLAH;67.64;9.5
DRB5_0101;HATDYALTASWDRSI;A7_1_LACK1;YALTASWDR;47.88;7.5
DRB5_0101;ATDYALTASWDRSIR;A7_1_LACK1;YALTASWDR;36.5;5.5
DRB5_0101;TDYALTASWDRSIRM;A7_1_LACK1;YALTASWDR;42.8;6.5
DRB5_0101;DYALTASWDRSIRMW;A7_1_LACK1;YALTASWDR;64;9.5
DRB5_0101;AFSPNRFWMCVATER;A7_1_LACK1;FWMCVATER;61.4;9
DRB5_0101;FSPNRFWMCVATERS;A7_1_LACK1;FWMCVATER;30.4;5
DRB5_0101;SPNRFWMCVATERSL;A7_1_LACK1;FWMCVATER;18.69;3
DRB5_0101;PNRFWMCVATERSLS;A7_1_LACK1;FWMCVATER;16.9;2.5
DRB5_0101;NRFWMCVATERSLSV;A7_1_LACK1;FWMCVATER;17.02;2.5
DRB5_0101;RFWMCVATERSLSVY;A7_1_LACK1;FWMCVATER;20.81;3
DRB5_0101;FWMCVATERSLSVYD;A7_1_LACK1;FWMCVATER;56.59;8.5
DRB5_0101;PQQAGSYIKVVSTSR;A7_2_LACK2;YIKVVSTSR;18.05;2.5
DRB5_0101;QQAGSYIKVVSTSRD;A7_2_LACK2;YIKVVSTSR;12.23;1.4
DRB5_0101;QAGSYIKVVSTSRDG;A7_2_LACK2;YIKVVSTSR;11.57;1.3
DRB5_0101;AGSYIKVVSTSRDGT;A7_2_LACK2;YIKVVSTSR;10.97;1.2
DRB5_0101;GSYIKVVSTSRDGTA;A7_2_LACK2;YIKVVSTSR;12.38;1.4
DRB5_0101;SYIKVVSTSRDGTAI;A7_2_LACK2;YIKVVSTSR;16.9;2.5
DRB5_0101;YIKVVSTSRDGTAIS;A7_2_LACK2;YIKVVSTSR;47.48;7
DRB5_0101;EGHTGFVSCVSLAHA;A7_2_LACK2;FVSCVSLAH;69.3;10
DRB5_0101;GHTGFVSCVSLAHAT;A7_2_LACK2;FVSCVSLAH;55.71;8.5
DRB5_0101;HTGFVSCVSLAHATD;A7_2_LACK2;FVSCVSLAH;67.64;9.5
DRB5_0101;HATDYALTASWDRSI;A7_2_LACK2;YALTASWDR;47.88;7.5
DRB5_0101;ATDYALTASWDRSIR;A7_2_LACK2;YALTASWDR;36.5;5.5
DRB5_0101;TDYALTASWDRSIRM;A7_2_LACK2;YALTASWDR;42.8;6.5
DRB5_0101;DYALTASWDRSIRMW;A7_2_LACK2;YALTASWDR;64;9.5
DRB5_0101;AFSPNRFWMCVATER;A7_2_LACK2;FWMCVATER;61.4;9
DRB5_0101;FSPNRFWMCVATERS;A7_2_LACK2;FWMCVATER;30.4;5
DRB5_0101;SPNRFWMCVATERSL;A7_2_LACK2;FWMCVATER;18.69;3
DRB5_0101;PNRFWMCVATERSLS;A7_2_LACK2;FWMCVATER;16.9;2.5
DRB5_0101;NRFWMCVATERSLSV;A7_2_LACK2;FWMCVATER;17.02;2.5
DRB5_0101;RFWMCVATERSLSVY;A7_2_LACK2;FWMCVATER;20.81;3
DRB5_0101;FWMCVATERSLSVYD;A7_2_LACK2;FWMCVATER;56.59;8.5
DRB5_0101;PQQAGSYIKVVSTSR;A7_3_E9BK16;YIKVVSTSR;18.05;2.5
DRB5_0101;QQAGSYIKVVSTSRD;A7_3_E9BK16;YIKVVSTSR;12.23;1.4
DRB5_0101;QAGSYIKVVSTSRDG;A7_3_E9BK16;YIKVVSTSR;11.57;1.3
DRB5_0101;AGSYIKVVSTSRDGT;A7_3_E9BK16;YIKVVSTSR;10.97;1.2
DRB5_0101;GSYIKVVSTSRDGTA;A7_3_E9BK16;YIKVVSTSR;12.38;1.4
DRB5_0101;SYIKVVSTSRDGTAI;A7_3_E9BK16;YIKVVSTSR;16.9;2.5
DRB5_0101;YIKVVSTSRDGTAIS;A7_3_E9BK16;YIKVVSTSR;47.48;7
DRB5_0101;EGHTGFVSCVSLAHA;A7_3_E9BK16;FVSCVSLAH;69.3;10
DRB5_0101;GHTGFVSCVSLAHAT;A7_3_E9BK16;FVSCVSLAH;55.71;8.5
DRB5_0101;HTGFVSCVSLAHATD;A7_3_E9BK16;FVSCVSLAH;67.64;9.5
DRB5_0101;HATDYALTASWDRSI;A7_3_E9BK16;YALTASWDR;47.88;7.5
DRB5_0101;ATDYALTASWDRSIR;A7_3_E9BK16;YALTASWDR;36.5;5.5
DRB5_0101;TDYALTASWDRSIRM;A7_3_E9BK16;YALTASWDR;42.8;6.5
DRB5_0101;DYALTASWDRSIRMW;A7_3_E9BK16;YALTASWDR;64;9.5
DRB5_0101;AFSPNRFWMCVATER;A7_3_E9BK16;FWMCVATER;61.4;9
DRB5_0101;FSPNRFWMCVATERS;A7_3_E9BK16;FWMCVATER;30.4;5
DRB5_0101;SPNRFWMCVATERSL;A7_3_E9BK16;FWMCVATER;18.69;3
DRB5_0101;PNRFWMCVATERSLS;A7_3_E9BK16;FWMCVATER;16.9;2.5
DRB5_0101;NRFWMCVATERSLSV;A7_3_E9BK16;FWMCVATER;17.02;2.5
DRB5_0101;RFWMCVATERSLSVY;A7_3_E9BK16;FWMCVATER;20.81;3
DRB5_0101;FWMCVATERSLSVYD;A7_3_E9BK16;FWMCVATER;56.59;8.5
DRB5_0101;PQQAGSYIKVVSTSR;A7_4_Q95NJ3;YIKVVSTSR;18.05;2.5
DRB5_0101;QQAGSYIKVVSTSRD;A7_4_Q95NJ3;YIKVVSTSR;12.23;1.4
DRB5_0101;QAGSYIKVVSTSRDG;A7_4_Q95NJ3;YIKVVSTSR;11.57;1.3
DRB5_0101;AGSYIKVVSTSRDGT;A7_4_Q95NJ3;YIKVVSTSR;10.97;1.2
DRB5_0101;GSYIKVVSTSRDGTA;A7_4_Q95NJ3;YIKVVSTSR;12.38;1.4
DRB5_0101;SYIKVVSTSRDGTAI;A7_4_Q95NJ3;YIKVVSTSR;16.9;2.5
DRB5_0101;YIKVVSTSRDGTAIS;A7_4_Q95NJ3;YIKVVSTSR;47.48;7
DRB5_0101;EGHTGFVSCVSLAHA;A7_4_Q95NJ3;FVSCVSLAH;69.3;10
DRB5_0101;GHTGFVSCVSLAHAT;A7_4_Q95NJ3;FVSCVSLAH;55.71;8.5
DRB5_0101;HTGFVSCVSLAHATD;A7_4_Q95NJ3;FVSCVSLAH;67.64;9.5
DRB5_0101;HATDYALTASWDRSI;A7_4_Q95NJ3;YALTASWDR;47.88;7.5
DRB5_0101;ATDYALTASWDRSIR;A7_4_Q95NJ3;YALTASWDR;36.5;5.5
DRB5_0101;TDYALTASWDRSIRM;A7_4_Q95NJ3;YALTASWDR;42.8;6.5
DRB5_0101;DYALTASWDRSIRMW;A7_4_Q95NJ3;YALTASWDR;64;9.5
DRB5_0101;AFSPNRFWMCVATER;A7_4_Q95NJ3;FWMCVATER;61.4;9
DRB5_0101;FSPNRFWMCVATERS;A7_4_Q95NJ3;FWMCVATER;30.4;5
DRB5_0101;SPNRFWMCVATERSL;A7_4_Q95NJ3;FWMCVATER;18.69;3
DRB5_0101;PNRFWMCVATERSLS;A7_4_Q95NJ3;FWMCVATER;16.9;2.5
DRB5_0101;NRFWMCVATERSLSV;A7_4_Q95NJ3;FWMCVATER;17.02;2.5
DRB5_0101;RFWMCVATERSLSVY;A7_4_Q95NJ3;FWMCVATER;20.81;3
DRB5_0101;FWMCVATERSLSVYD;A7_4_Q95NJ3;FWMCVATER;56.59;8.5
DRB5_0101;PQQAGSYIKVVSTSR;A7_5_J9UU49;YIKVVSTSR;18.05;2.5
DRB5_0101;QQAGSYIKVVSTSRD;A7_5_J9UU49;YIKVVSTSR;12.23;1.4
DRB5_0101;QAGSYIKVVSTSRDG;A7_5_J9UU49;YIKVVSTSR;11.57;1.3
DRB5_0101;AGSYIKVVSTSRDGT;A7_5_J9UU49;YIKVVSTSR;10.97;1.2
DRB5_0101;GSYIKVVSTSRDGTA;A7_5_J9UU49;YIKVVSTSR;12.38;1.4
DRB5_0101;SYIKVVSTSRDGTAI;A7_5_J9UU49;YIKVVSTSR;16.9;2.5
DRB5_0101;YIKVVSTSRDGTAIS;A7_5_J9UU49;YIKVVSTSR;47.48;7
DRB5_0101;EGHTGFVSCVSLAHA;A7_5_J9UU49;FVSCVSLAH;69.3;10
DRB5_0101;GHTGFVSCVSLAHAT;A7_5_J9UU49;FVSCVSLAH;55.71;8.5
DRB5_0101;HTGFVSCVSLAHATD;A7_5_J9UU49;FVSCVSLAH;67.64;9.5
DRB5_0101;HATDYALTASWDRSI;A7_5_J9UU49;YALTASWDR;47.88;7.5
DRB5_0101;ATDYALTASWDRSIR;A7_5_J9UU49;YALTASWDR;36.5;5.5
DRB5_0101;TDYALTASWDRSIRM;A7_5_J9UU49;YALTASWDR;42.8;6.5
DRB5_0101;DYALTASWDRSIRMW;A7_5_J9UU49;YALTASWDR;64;9.5
DRB5_0101;AFSPNRFWMCVATER;A7_5_J9UU49;FWMCVATER;61.4;9
DRB5_0101;FSPNRFWMCVATERS;A7_5_J9UU49;FWMCVATER;30.4;5
DRB5_0101;SPNRFWMCVATERSL;A7_5_J9UU49;FWMCVATER;18.69;3
DRB5_0101;PNRFWMCVATERSLS;A7_5_J9UU49;FWMCVATER;16.9;2.5
DRB5_0101;NRFWMCVATERSLSV;A7_5_J9UU49;FWMCVATER;17.02;2.5
DRB5_0101;RFWMCVATERSLSVY;A7_5_J9UU49;FWMCVATER;20.81;3
DRB5_0101;FWMCVATERSLSVYD;A7_5_J9UU49;FWMCVATER;56.59;8.5
DRB5_0101;PQQAGSYIKVVSTSR;A7_6_A4HGX7;YIKVVSTSR;18.05;2.5
DRB5_0101;QQAGSYIKVVSTSRD;A7_6_A4HGX7;YIKVVSTSR;12.23;1.4
DRB5_0101;QAGSYIKVVSTSRDG;A7_6_A4HGX7;YIKVVSTSR;11.57;1.3
DRB5_0101;AGSYIKVVSTSRDGT;A7_6_A4HGX7;YIKVVSTSR;10.97;1.2
DRB5_0101;GSYIKVVSTSRDGTA;A7_6_A4HGX7;YIKVVSTSR;12.38;1.4
DRB5_0101;SYIKVVSTSRDGTAI;A7_6_A4HGX7;YIKVVSTSR;16.9;2.5
DRB5_0101;YIKVVSTSRDGTAIS;A7_6_A4HGX7;YIKVVSTSR;47.48;7
DRB5_0101;EGHTGFVSCVSLAHA;A7_6_A4HGX7;FVSCVSLAH;69.3;10
DRB5_0101;GHTGFVSCVSLAHAT;A7_6_A4HGX7;FVSCVSLAH;55.71;8.5
DRB5_0101;HTGFVSCVSLAHATD;A7_6_A4HGX7;FVSCVSLAH;67.64;9.5
DRB5_0101;HATDYALTASWDRSI;A7_6_A4HGX7;YALTASWDR;47.88;7.5
DRB5_0101;ATDYALTASWDRSIR;A7_6_A4HGX7;YALTASWDR;36.5;5.5
DRB5_0101;TDYALTASWDRSIRM;A7_6_A4HGX7;YALTASWDR;42.8;6.5
DRB5_0101;DYALTASWDRSIRMW;A7_6_A4HGX7;YALTASWDR;64;9.5
DRB5_0101;AFSPNRFWMCVAAEK;A7_6_A4HGX7;FWMCVAAEK;38.68;6
DRB5_0101;FSPNRFWMCVAAEKS;A7_6_A4HGX7;FWMCVAAEK;20.89;3
DRB5_0101;SPNRFWMCVAAEKSL;A7_6_A4HGX7;FWMCVAAEK;13.49;1.6
DRB5_0101;PNRFWMCVAAEKSLS;A7_6_A4HGX7;FWMCVAAEK;12.31;1.4
DRB5_0101;NRFWMCVAAEKSLSV;A7_6_A4HGX7;FWMCVAAEK;12.17;1.4
DRB5_0101;RFWMCVAAEKSLSVY;A7_6_A4HGX7;FWMCVAAEK;14.5;1.8
DRB5_0101;FWMCVAAEKSLSVYD;A7_6_A4HGX7;WMCVAAEKS;33.97;5.5
HLA-DPA10201-DPB10101;INQIAFSPNRFWMCV;A7_1_LACK1;FSPNRFWMC;86.61;10
HLA-DPA10201-DPB10101;INQIAFSPNRFWMCV;A7_2_LACK2;FSPNRFWMC;86.61;10
HLA-DPA10201-DPB10101;INQIAFSPNRFWMCV;A7_3_E9BK16;FSPNRFWMC;86.61;10
HLA-DPA10201-DPB10101;INQIAFSPNRFWMCV;A7_4_Q95NJ3;FSPNRFWMC;86.61;10
HLA-DPA10201-DPB10101;INQIAFSPNRFWMCV;A7_5_J9UU49;FSPNRFWMC;86.61;10
HLA-DPA10201-DPB10101;INQIAFSPNRFWMCV;A7_6_A4HGX7;FSPNRFWMC;86.61;10
HLA-DPA10103-DPB10201;PINQIAFSPNRFWMC;A7_1_LACK1;FSPNRFWMC;66.67;6.5
HLA-DPA10103-DPB10201;INQIAFSPNRFWMCV;A7_1_LACK1;FSPNRFWMC;47.22;4.5
HLA-DPA10103-DPB10201;NQIAFSPNRFWMCVA;A7_1_LACK1;FSPNRFWMC;48.79;4.5
HLA-DPA10103-DPB10201;QIAFSPNRFWMCVAT;A7_1_LACK1;FSPNRFWMC;53.54;5
HLA-DPA10103-DPB10201;IAFSPNRFWMCVATE;A7_1_LACK1;FSPNRFWMC;91.44;8.5
HLA-DPA10103-DPB10201;PINQIAFSPNRFWMC;A7_2_LACK2;FSPNRFWMC;66.67;6.5
HLA-DPA10103-DPB10201;INQIAFSPNRFWMCV;A7_2_LACK2;FSPNRFWMC;47.22;4.5
HLA-DPA10103-DPB10201;NQIAFSPNRFWMCVA;A7_2_LACK2;FSPNRFWMC;48.79;4.5
HLA-DPA10103-DPB10201;QIAFSPNRFWMCVAT;A7_2_LACK2;FSPNRFWMC;53.54;5
HLA-DPA10103-DPB10201;IAFSPNRFWMCVATE;A7_2_LACK2;FSPNRFWMC;91.44;8.5
HLA-DPA10103-DPB10201;PINQIAFSPNRFWMC;A7_3_E9BK16;FSPNRFWMC;66.67;6.5
HLA-DPA10103-DPB10201;INQIAFSPNRFWMCV;A7_3_E9BK16;FSPNRFWMC;47.22;4.5
HLA-DPA10103-DPB10201;NQIAFSPNRFWMCVA;A7_3_E9BK16;FSPNRFWMC;48.79;4.5
HLA-DPA10103-DPB10201;QIAFSPNRFWMCVAT;A7_3_E9BK16;FSPNRFWMC;53.54;5
HLA-DPA10103-DPB10201;IAFSPNRFWMCVATE;A7_3_E9BK16;FSPNRFWMC;91.44;8.5
HLA-DPA10103-DPB10201;PINQIAFSPNRFWMC;A7_4_Q95NJ3;FSPNRFWMC;66.67;6.5
HLA-DPA10103-DPB10201;INQIAFSPNRFWMCV;A7_4_Q95NJ3;FSPNRFWMC;47.22;4.5
HLA-DPA10103-DPB10201;NQIAFSPNRFWMCVA;A7_4_Q95NJ3;FSPNRFWMC;48.79;4.5
HLA-DPA10103-DPB10201;QIAFSPNRFWMCVAT;A7_4_Q95NJ3;FSPNRFWMC;53.54;5
HLA-DPA10103-DPB10201;IAFSPNRFWMCVATE;A7_4_Q95NJ3;FSPNRFWMC;91.44;8.5
HLA-DPA10103-DPB10201;PINQIAFSPNRFWMC;A7_5_J9UU49;FSPNRFWMC;66.67;6.5
HLA-DPA10103-DPB10201;INQIAFSPNRFWMCV;A7_5_J9UU49;FSPNRFWMC;47.22;4.5
HLA-DPA10103-DPB10201;NQIAFSPNRFWMCVA;A7_5_J9UU49;FSPNRFWMC;48.79;4.5
HLA-DPA10103-DPB10201;QIAFSPNRFWMCVAT;A7_5_J9UU49;FSPNRFWMC;53.54;5
HLA-DPA10103-DPB10201;IAFSPNRFWMCVATE;A7_5_J9UU49;FSPNRFWMC;91.44;8.5
HLA-DPA10103-DPB10201;AINQIAFSPNRFWMC;A7_6_A4HGX7;FSPNRFWMC;64.77;6
HLA-DPA10103-DPB10201;INQIAFSPNRFWMCV;A7_6_A4HGX7;FSPNRFWMC;47.22;4.5
HLA-DPA10103-DPB10201;NQIAFSPNRFWMCVA;A7_6_A4HGX7;FSPNRFWMC;48.79;4.5
HLA-DPA10103-DPB10201;QIAFSPNRFWMCVAA;A7_6_A4HGX7;FSPNRFWMC;51.86;5
HLA-DPA10103-DPB10201;IAFSPNRFWMCVAAE;A7_6_A4HGX7;FSPNRFWMC;87.12;8
HLA-DPA10103-DPB10401;PINQIAFSPNRFWMC;A7_1_LACK1;FSPNRFWMC;122.83;7
HLA-DPA10103-DPB10401;INQIAFSPNRFWMCV;A7_1_LACK1;FSPNRFWMC;81.45;5
HLA-DPA10103-DPB10401;NQIAFSPNRFWMCVA;A7_1_LACK1;FSPNRFWMC;82.69;5
HLA-DPA10103-DPB10401;QIAFSPNRFWMCVAT;A7_1_LACK1;FSPNRFWMC;90.86;5.5
HLA-DPA10103-DPB10401;IAFSPNRFWMCVATE;A7_1_LACK1;FSPNRFWMC;156.79;8.5
HLA-DPA10103-DPB10401;PINQIAFSPNRFWMC;A7_2_LACK2;FSPNRFWMC;122.83;7
HLA-DPA10103-DPB10401;INQIAFSPNRFWMCV;A7_2_LACK2;FSPNRFWMC;81.45;5
HLA-DPA10103-DPB10401;NQIAFSPNRFWMCVA;A7_2_LACK2;FSPNRFWMC;82.69;5
HLA-DPA10103-DPB10401;QIAFSPNRFWMCVAT;A7_2_LACK2;FSPNRFWMC;90.86;5.5
HLA-DPA10103-DPB10401;IAFSPNRFWMCVATE;A7_2_LACK2;FSPNRFWMC;156.79;8.5
HLA-DPA10103-DPB10401;PINQIAFSPNRFWMC;A7_3_E9BK16;FSPNRFWMC;122.83;7
HLA-DPA10103-DPB10401;INQIAFSPNRFWMCV;A7_3_E9BK16;FSPNRFWMC;81.45;5
HLA-DPA10103-DPB10401;NQIAFSPNRFWMCVA;A7_3_E9BK16;FSPNRFWMC;82.69;5
HLA-DPA10103-DPB10401;QIAFSPNRFWMCVAT;A7_3_E9BK16;FSPNRFWMC;90.86;5.5
HLA-DPA10103-DPB10401;IAFSPNRFWMCVATE;A7_3_E9BK16;FSPNRFWMC;156.79;8.5
HLA-DPA10103-DPB10401;PINQIAFSPNRFWMC;A7_4_Q95NJ3;FSPNRFWMC;122.83;7
HLA-DPA10103-DPB10401;INQIAFSPNRFWMCV;A7_4_Q95NJ3;FSPNRFWMC;81.45;5
HLA-DPA10103-DPB10401;NQIAFSPNRFWMCVA;A7_4_Q95NJ3;FSPNRFWMC;82.69;5
HLA-DPA10103-DPB10401;QIAFSPNRFWMCVAT;A7_4_Q95NJ3;FSPNRFWMC;90.86;5.5
HLA-DPA10103-DPB10401;IAFSPNRFWMCVATE;A7_4_Q95NJ3;FSPNRFWMC;156.79;8.5
HLA-DPA10103-DPB10401;PINQIAFSPNRFWMC;A7_5_J9UU49;FSPNRFWMC;122.83;7
HLA-DPA10103-DPB10401;INQIAFSPNRFWMCV;A7_5_J9UU49;FSPNRFWMC;81.45;5
HLA-DPA10103-DPB10401;NQIAFSPNRFWMCVA;A7_5_J9UU49;FSPNRFWMC;82.69;5
HLA-DPA10103-DPB10401;QIAFSPNRFWMCVAT;A7_5_J9UU49;FSPNRFWMC;90.86;5.5
HLA-DPA10103-DPB10401;IAFSPNRFWMCVATE;A7_5_J9UU49;FSPNRFWMC;156.79;8.5
HLA-DPA10103-DPB10401;AINQIAFSPNRFWMC;A7_6_A4HGX7;FSPNRFWMC;116.75;6.5
HLA-DPA10103-DPB10401;INQIAFSPNRFWMCV;A7_6_A4HGX7;FSPNRFWMC;81.45;5
HLA-DPA10103-DPB10401;NQIAFSPNRFWMCVA;A7_6_A4HGX7;FSPNRFWMC;82.69;5
HLA-DPA10103-DPB10401;QIAFSPNRFWMCVAA;A7_6_A4HGX7;FSPNRFWMC;88.16;5
HLA-DPA10103-DPB10401;IAFSPNRFWMCVAAE;A7_6_A4HGX7;FSPNRFWMC;151.59;8.5
HLA-DPA10201-DPB11401;PNRFWMCVATERSLS;A7_1_LACK1;WMCVATERS;41.89;10
HLA-DPA10201-DPB11401;NRFWMCVATERSLSV;A7_1_LACK1;WMCVATERS;38.65;9
HLA-DPA10201-DPB11401;RFWMCVATERSLSVY;A7_1_LACK1;WMCVATERS;41.29;10
HLA-DPA10201-DPB11401;PNRFWMCVATERSLS;A7_2_LACK2;WMCVATERS;41.89;10
HLA-DPA10201-DPB11401;NRFWMCVATERSLSV;A7_2_LACK2;WMCVATERS;38.65;9
HLA-DPA10201-DPB11401;RFWMCVATERSLSVY;A7_2_LACK2;WMCVATERS;41.29;10
HLA-DPA10201-DPB11401;PNRFWMCVATERSLS;A7_3_E9BK16;WMCVATERS;41.89;10
HLA-DPA10201-DPB11401;NRFWMCVATERSLSV;A7_3_E9BK16;WMCVATERS;38.65;9
HLA-DPA10201-DPB11401;RFWMCVATERSLSVY;A7_3_E9BK16;WMCVATERS;41.29;10
HLA-DPA10201-DPB11401;PNRFWMCVATERSLS;A7_4_Q95NJ3;WMCVATERS;41.89;10
HLA-DPA10201-DPB11401;NRFWMCVATERSLSV;A7_4_Q95NJ3;WMCVATERS;38.65;9
HLA-DPA10201-DPB11401;RFWMCVATERSLSVY;A7_4_Q95NJ3;WMCVATERS;41.29;10
HLA-DPA10201-DPB11401;PNRFWMCVATERSLS;A7_5_J9UU49;WMCVATERS;41.89;10
HLA-DPA10201-DPB11401;NRFWMCVATERSLSV;A7_5_J9UU49;WMCVATERS;38.65;9
HLA-DPA10201-DPB11401;RFWMCVATERSLSVY;A7_5_J9UU49;WMCVATERS;41.29;10
