"allele";"peptide";"seq_num";"score"
"HLA-A*01:01";"MTEQQWNFA";"P9WNK7_ESXA";1057
"HLA-A*01:01";"TEQQWNFAG";"P9WNK7_ESXA";37242.6
"HLA-A*01:01";"EQQWNFAGI";"P9WNK7_ESXA";31384.6
"HLA-A*01:01";"QQWNFAGIE";"P9WNK7_ESXA";40998.4
"HLA-A*01:01";"QWNFAGIEA";"P9WNK7_ESXA";38266.7
"HLA-A*01:01";"WNFAGIEAA";"P9WNK7_ESXA";29413.8
"HLA-A*01:01";"NFAGIEAAA";"P9WNK7_ESXA";36385.5
"HLA-A*01:01";"FAGIEAAAS";"P9WNK7_ESXA";32121.9
"HLA-A*01:01";"AGIEAAASA";"P9WNK7_ESXA";39933.7
"HLA-A*01:01";"GIEAAASAI";"P9WNK7_ESXA";27503.6
"HLA-A*01:01";"IEAAASAIQ";"P9WNK7_ESXA";39407.9
"HLA-A*01:01";"EAAASAIQG";"P9WNK7_ESXA";39075.9
"HLA-A*01:01";"AAASAIQGN";"P9WNK7_ESXA";39336.3
"HLA-A*01:01";"AASAIQGNV";"P9WNK7_ESXA";28758.6
"HLA-A*01:01";"ASAIQGNVT";"P9WNK7_ESXA";27193.5
"HLA-A*01:01";"SAIQGNVTS";"P9WNK7_ESXA";38208.8
"HLA-A*01:01";"AIQGNVTSI";"P9WNK7_ESXA";34393
"HLA-A*01:01";"IQGNVTSIH";"P9WNK7_ESXA";34303.4
"HLA-A*01:01";"QGNVTSIHS";"P9WNK7_ESXA";41269.1
"HLA-A*01:01";"GNVTSIHSL";"P9WNK7_ESXA";36876.2
"HLA-A*01:01";"NVTSIHSLL";"P9WNK7_ESXA";23451.9
"HLA-A*01:01";"VTSIHSLLD";"P9WNK7_ESXA";16176
"HLA-A*01:01";"TSIHSLLDE";"P9WNK7_ESXA";32862.6
"HLA-A*01:01";"SIHSLLDEG";"P9WNK7_ESXA";38431
"HLA-A*01:01";"IHSLLDEGK";"P9WNK7_ESXA";39396
"HLA-A*01:01";"HSLLDEGKQ";"P9WNK7_ESXA";36579.7
"HLA-A*01:01";"SLLDEGKQS";"P9WNK7_ESXA";42834
"HLA-A*01:01";"LLDEGKQSL";"P9WNK7_ESXA";11516.4
"HLA-A*01:01";"LDEGKQSLT";"P9WNK7_ESXA";37290.6
"HLA-A*01:01";"DEGKQSLTK";"P9WNK7_ESXA";38640.3
"HLA-A*01:01";"EGKQSLTKL";"P9WNK7_ESXA";41269.1
"HLA-A*01:01";"GKQSLTKLA";"P9WNK7_ESXA";43916.7
"HLA-A*01:01";"KQSLTKLAA";"P9WNK7_ESXA";35279.5
"HLA-A*01:01";"QSLTKLAAA";"P9WNK7_ESXA";28074.9
"HLA-A*01:01";"SLTKLAAAW";"P9WNK7_ESXA";30163.1
"HLA-A*01:01";"LTKLAAAWG";"P9WNK7_ESXA";31791.7
"HLA-A*01:01";"TKLAAAWGG";"P9WNK7_ESXA";44656.5
"HLA-A*01:01";"KLAAAWGGS";"P9WNK7_ESXA";35041.7
"HLA-A*01:01";"LAAAWGGSG";"P9WNK7_ESXA";32996.2
"HLA-A*01:01";"AAAWGGSGS";"P9WNK7_ESXA";34822.9
"HLA-A*01:01";"AAWGGSGSE";"P9WNK7_ESXA";41035.7
"HLA-A*01:01";"AWGGSGSEA";"P9WNK7_ESXA";43641.5
"HLA-A*01:01";"WGGSGSEAY";"P9WNK7_ESXA";8694.5
"HLA-A*01:01";"GGSGSEAYQ";"P9WNK7_ESXA";42586.3
"HLA-A*01:01";"GSGSEAYQG";"P9WNK7_ESXA";40214.2
"HLA-A*01:01";"SGSEAYQGV";"P9WNK7_ESXA";34913.8
"HLA-A*01:01";"GSEAYQGVQ";"P9WNK7_ESXA";22111.6
"HLA-A*01:01";"SEAYQGVQQ";"P9WNK7_ESXA";40563
"HLA-A*01:01";"EAYQGVQQK";"P9WNK7_ESXA";33871.2
"HLA-A*01:01";"AYQGVQQKW";"P9WNK7_ESXA";40312.3
"HLA-A*01:01";"YQGVQQKWD";"P9WNK7_ESXA";45987.8
"HLA-A*01:01";"QGVQQKWDA";"P9WNK7_ESXA";42727.1
"HLA-A*01:01";"GVQQKWDAT";"P9WNK7_ESXA";35859.5
"HLA-A*01:01";"VQQKWDATA";"P9WNK7_ESXA";35635.9
"HLA-A*01:01";"QQKWDATAT";"P9WNK7_ESXA";43964.7
"HLA-A*01:01";"QKWDATATE";"P9WNK7_ESXA";46568.6
"HLA-A*01:01";"KWDATATEL";"P9WNK7_ESXA";30565.9
"HLA-A*01:01";"WDATATELN";"P9WNK7_ESXA";33701.9
"HLA-A*01:01";"DATATELNN";"P9WNK7_ESXA";40616.5
"HLA-A*01:01";"ATATELNNA";"P9WNK7_ESXA";16625.5
"HLA-A*01:01";"TATELNNAL";"P9WNK7_ESXA";28857.7
"HLA-A*01:01";"ATELNNALQ";"P9WNK7_ESXA";7245.7
"HLA-A*01:01";"TELNNALQN";"P9WNK7_ESXA";42332.8
"HLA-A*01:01";"ELNNALQNL";"P9WNK7_ESXA";29823
"HLA-A*01:01";"LNNALQNLA";"P9WNK7_ESXA";22358.7
"HLA-A*01:01";"NNALQNLAR";"P9WNK7_ESXA";29345.2
"HLA-A*01:01";"NALQNLART";"P9WNK7_ESXA";39630.2
"HLA-A*01:01";"ALQNLARTI";"P9WNK7_ESXA";35269.9
"HLA-A*01:01";"LQNLARTIS";"P9WNK7_ESXA";38445.1
"HLA-A*01:01";"QNLARTISE";"P9WNK7_ESXA";42870.7
"HLA-A*01:01";"NLARTISEA";"P9WNK7_ESXA";28679.4
"HLA-A*01:01";"LARTISEAG";"P9WNK7_ESXA";39929.4
"HLA-A*01:01";"ARTISEAGQ";"P9WNK7_ESXA";46166.2
"HLA-A*01:01";"RTISEAGQA";"P9WNK7_ESXA";27209.4
"HLA-A*01:01";"TISEAGQAM";"P9WNK7_ESXA";22773.3
"HLA-A*01:01";"ISEAGQAMA";"P9WNK7_ESXA";7230.5
"HLA-A*01:01";"SEAGQAMAS";"P9WNK7_ESXA";37411.1
"HLA-A*01:01";"EAGQAMAST";"P9WNK7_ESXA";39097.4
"HLA-A*01:01";"AGQAMASTE";"P9WNK7_ESXA";43268.6
"HLA-A*01:01";"GQAMASTEG";"P9WNK7_ESXA";42595.1
"HLA-A*01:01";"QAMASTEGN";"P9WNK7_ESXA";38902.1
"HLA-A*01:01";"AMASTEGNV";"P9WNK7_ESXA";31506.8
"HLA-A*01:01";"MASTEGNVT";"P9WNK7_ESXA";31403.3
"HLA-A*01:01";"ASTEGNVTG";"P9WNK7_ESXA";37929.9
"HLA-A*01:01";"STEGNVTGM";"P9WNK7_ESXA";6289.7
"HLA-A*01:01";"TEGNVTGMF";"P9WNK7_ESXA";29560.2
"HLA-A*01:01";"EGNVTGMFA";"P9WNK7_ESXA";26240.2
"HLA-A*02:01";"MTEQQWNFA";"P9WNK7_ESXA";17522
"HLA-A*02:01";"TEQQWNFAG";"P9WNK7_ESXA";37716.7
"HLA-A*02:01";"EQQWNFAGI";"P9WNK7_ESXA";4711.6
"HLA-A*02:01";"QQWNFAGIE";"P9WNK7_ESXA";20554.3
"HLA-A*02:01";"QWNFAGIEA";"P9WNK7_ESXA";29854.3
"HLA-A*02:01";"WNFAGIEAA";"P9WNK7_ESXA";10927.6
"HLA-A*02:01";"NFAGIEAAA";"P9WNK7_ESXA";13329.6
"HLA-A*02:01";"FAGIEAAAS";"P9WNK7_ESXA";25817
"HLA-A*02:01";"AGIEAAASA";"P9WNK7_ESXA";12713
"HLA-A*02:01";"GIEAAASAI";"P9WNK7_ESXA";13097.8
"HLA-A*02:01";"IEAAASAIQ";"P9WNK7_ESXA";40175.5
"HLA-A*02:01";"EAAASAIQG";"P9WNK7_ESXA";42238.9
"HLA-A*02:01";"AAASAIQGN";"P9WNK7_ESXA";39312.9
"HLA-A*02:01";"AASAIQGNV";"P9WNK7_ESXA";9465.9
"HLA-A*02:01";"ASAIQGNVT";"P9WNK7_ESXA";36714.5
"HLA-A*02:01";"SAIQGNVTS";"P9WNK7_ESXA";27944.8
"HLA-A*02:01";"AIQGNVTSI";"P9WNK7_ESXA";1636.6
"HLA-A*02:01";"IQGNVTSIH";"P9WNK7_ESXA";36962
"HLA-A*02:01";"QGNVTSIHS";"P9WNK7_ESXA";40753.4
"HLA-A*02:01";"GNVTSIHSL";"P9WNK7_ESXA";22681.8
"HLA-A*02:01";"NVTSIHSLL";"P9WNK7_ESXA";6171.8
"HLA-A*02:01";"VTSIHSLLD";"P9WNK7_ESXA";36622.1
"HLA-A*02:01";"TSIHSLLDE";"P9WNK7_ESXA";35460.9
"HLA-A*02:01";"SIHSLLDEG";"P9WNK7_ESXA";30710.4
"HLA-A*02:01";"IHSLLDEGK";"P9WNK7_ESXA";37199.6
"HLA-A*02:01";"HSLLDEGKQ";"P9WNK7_ESXA";43653.3
"HLA-A*02:01";"SLLDEGKQS";"P9WNK7_ESXA";15733.6
"HLA-A*02:01";"LLDEGKQSL";"P9WNK7_ESXA";49.3
"HLA-A*02:01";"LDEGKQSLT";"P9WNK7_ESXA";45574.1
"HLA-A*02:01";"DEGKQSLTK";"P9WNK7_ESXA";44723.2
"HLA-A*02:01";"EGKQSLTKL";"P9WNK7_ESXA";40005.5
"HLA-A*02:01";"GKQSLTKLA";"P9WNK7_ESXA";41626
"HLA-A*02:01";"KQSLTKLAA";"P9WNK7_ESXA";13156.6
"HLA-A*02:01";"QSLTKLAAA";"P9WNK7_ESXA";8958.5
"HLA-A*02:01";"SLTKLAAAW";"P9WNK7_ESXA";16393.8
"HLA-A*02:01";"LTKLAAAWG";"P9WNK7_ESXA";37309.2
"HLA-A*02:01";"TKLAAAWGG";"P9WNK7_ESXA";39427.1
"HLA-A*02:01";"KLAAAWGGS";"P9WNK7_ESXA";7802.3
"HLA-A*02:01";"LAAAWGGSG";"P9WNK7_ESXA";37505.1
"HLA-A*02:01";"AAAWGGSGS";"P9WNK7_ESXA";30535.8
"HLA-A*02:01";"AAWGGSGSE";"P9WNK7_ESXA";29152.4
"HLA-A*02:01";"AWGGSGSEA";"P9WNK7_ESXA";33267.2
"HLA-A*02:01";"WGGSGSEAY";"P9WNK7_ESXA";40671.9
"HLA-A*02:01";"GGSGSEAYQ";"P9WNK7_ESXA";41880.8
"HLA-A*02:01";"GSGSEAYQG";"P9WNK7_ESXA";43823.6
"HLA-A*02:01";"SGSEAYQGV";"P9WNK7_ESXA";11699.1
"HLA-A*02:01";"GSEAYQGVQ";"P9WNK7_ESXA";43624
"HLA-A*02:01";"SEAYQGVQQ";"P9WNK7_ESXA";43324.4
"HLA-A*02:01";"EAYQGVQQK";"P9WNK7_ESXA";35245.9
"HLA-A*02:01";"AYQGVQQKW";"P9WNK7_ESXA";37685.3
"HLA-A*02:01";"YQGVQQKWD";"P9WNK7_ESXA";44393.9
"HLA-A*02:01";"QGVQQKWDA";"P9WNK7_ESXA";39210.1
"HLA-A*02:01";"GVQQKWDAT";"P9WNK7_ESXA";28853.7
"HLA-A*02:01";"VQQKWDATA";"P9WNK7_ESXA";6938.7
"HLA-A*02:01";"QQKWDATAT";"P9WNK7_ESXA";33063.4
"HLA-A*02:01";"QKWDATATE";"P9WNK7_ESXA";39255.5
"HLA-A*02:01";"KWDATATEL";"P9WNK7_ESXA";11879.8
"HLA-A*02:01";"WDATATELN";"P9WNK7_ESXA";45506.7
"HLA-A*02:01";"DATATELNN";"P9WNK7_ESXA";45478.1
"HLA-A*02:01";"ATATELNNA";"P9WNK7_ESXA";6280
"HLA-A*02:01";"TATELNNAL";"P9WNK7_ESXA";14865
"HLA-A*02:01";"ATELNNALQ";"P9WNK7_ESXA";38284.9
"HLA-A*02:01";"TELNNALQN";"P9WNK7_ESXA";44680.2
"HLA-A*02:01";"ELNNALQNL";"P9WNK7_ESXA";5240.9
"HLA-A*02:01";"LNNALQNLA";"P9WNK7_ESXA";31397.2
"HLA-A*02:01";"NNALQNLAR";"P9WNK7_ESXA";41438.6
"HLA-A*02:01";"NALQNLART";"P9WNK7_ESXA";23191.3
"HLA-A*02:01";"ALQNLARTI";"P9WNK7_ESXA";2304.2
"HLA-A*02:01";"LQNLARTIS";"P9WNK7_ESXA";32396.6
"HLA-A*02:01";"QNLARTISE";"P9WNK7_ESXA";41530.6
"HLA-A*02:01";"NLARTISEA";"P9WNK7_ESXA";677.1
"HLA-A*02:01";"LARTISEAG";"P9WNK7_ESXA";39897.8
"HLA-A*02:01";"ARTISEAGQ";"P9WNK7_ESXA";45315.5
"HLA-A*02:01";"RTISEAGQA";"P9WNK7_ESXA";17214.6
"HLA-A*02:01";"TISEAGQAM";"P9WNK7_ESXA";14399.5
"HLA-A*02:01";"ISEAGQAMA";"P9WNK7_ESXA";24007.8
"HLA-A*02:01";"SEAGQAMAS";"P9WNK7_ESXA";37965.6
"HLA-A*02:01";"EAGQAMAST";"P9WNK7_ESXA";34322
"HLA-A*02:01";"AGQAMASTE";"P9WNK7_ESXA";39831
"HLA-A*02:01";"GQAMASTEG";"P9WNK7_ESXA";35260.4
"HLA-A*02:01";"QAMASTEGN";"P9WNK7_ESXA";40421
"HLA-A*02:01";"AMASTEGNV";"P9WNK7_ESXA";634.6
"HLA-A*02:01";"MASTEGNVT";"P9WNK7_ESXA";33758.1
"HLA-A*02:01";"ASTEGNVTG";"P9WNK7_ESXA";39089.4
"HLA-A*02:01";"STEGNVTGM";"P9WNK7_ESXA";19492.5
"HLA-A*02:01";"TEGNVTGMF";"P9WNK7_ESXA";39461.7
"HLA-A*02:01";"EGNVTGMFA";"P9WNK7_ESXA";30966.4
"HLA-A*03:01";"MTEQQWNFA";"P9WNK7_ESXA";27575.7
"HLA-A*03:01";"TEQQWNFAG";"P9WNK7_ESXA";40050.5
"HLA-A*03:01";"EQQWNFAGI";"P9WNK7_ESXA";35245.9
"HLA-A*03:01";"QQWNFAGIE";"P9WNK7_ESXA";27419.8
"HLA-A*03:01";"QWNFAGIEA";"P9WNK7_ESXA";31778.6
"HLA-A*03:01";"WNFAGIEAA";"P9WNK7_ESXA";34709.3
"HLA-A*03:01";"NFAGIEAAA";"P9WNK7_ESXA";35506.6
"HLA-A*03:01";"FAGIEAAAS";"P9WNK7_ESXA";39515.9
"HLA-A*03:01";"AGIEAAASA";"P9WNK7_ESXA";33135.4
"HLA-A*03:01";"GIEAAASAI";"P9WNK7_ESXA";33230.5
"HLA-A*03:01";"IEAAASAIQ";"P9WNK7_ESXA";36040.3
"HLA-A*03:01";"EAAASAIQG";"P9WNK7_ESXA";41178.1
"HLA-A*03:01";"AAASAIQGN";"P9WNK7_ESXA";33040.5
"HLA-A*03:01";"AASAIQGNV";"P9WNK7_ESXA";26395.1
"HLA-A*03:01";"ASAIQGNVT";"P9WNK7_ESXA";36104.7
"HLA-A*03:01";"SAIQGNVTS";"P9WNK7_ESXA";34924.4
"HLA-A*03:01";"AIQGNVTSI";"P9WNK7_ESXA";22772.3
"HLA-A*03:01";"IQGNVTSIH";"P9WNK7_ESXA";15501.1
"HLA-A*03:01";"QGNVTSIHS";"P9WNK7_ESXA";36611
"HLA-A*03:01";"GNVTSIHSL";"P9WNK7_ESXA";36590.8
"HLA-A*03:01";"NVTSIHSLL";"P9WNK7_ESXA";27028.9
"HLA-A*03:01";"VTSIHSLLD";"P9WNK7_ESXA";26326.1
"HLA-A*03:01";"TSIHSLLDE";"P9WNK7_ESXA";27039.2
"HLA-A*03:01";"SIHSLLDEG";"P9WNK7_ESXA";38205
"HLA-A*03:01";"IHSLLDEGK";"P9WNK7_ESXA";31470.3
"HLA-A*03:01";"HSLLDEGKQ";"P9WNK7_ESXA";37097.5
"HLA-A*03:01";"SLLDEGKQS";"P9WNK7_ESXA";37943.1
"HLA-A*03:01";"LLDEGKQSL";"P9WNK7_ESXA";32661.2
"HLA-A*03:01";"LDEGKQSLT";"P9WNK7_ESXA";43343.6
"HLA-A*03:01";"DEGKQSLTK";"P9WNK7_ESXA";34361.4
"HLA-A*03:01";"EGKQSLTKL";"P9WNK7_ESXA";40225.5
"HLA-A*03:01";"GKQSLTKLA";"P9WNK7_ESXA";40972.3
"HLA-A*03:01";"KQSLTKLAA";"P9WNK7_ESXA";21480.4
"HLA-A*03:01";"QSLTKLAAA";"P9WNK7_ESXA";24971.9
"HLA-A*03:01";"SLTKLAAAW";"P9WNK7_ESXA";23666
"HLA-A*03:01";"LTKLAAAWG";"P9WNK7_ESXA";28876.8
"HLA-A*03:01";"TKLAAAWGG";"P9WNK7_ESXA";40740.6
"HLA-A*03:01";"KLAAAWGGS";"P9WNK7_ESXA";10617.2
"HLA-A*03:01";"LAAAWGGSG";"P9WNK7_ESXA";34771.3
"HLA-A*03:01";"AAAWGGSGS";"P9WNK7_ESXA";29903.5
"HLA-A*03:01";"AAWGGSGSE";"P9WNK7_ESXA";23179.5
"HLA-A*03:01";"AWGGSGSEA";"P9WNK7_ESXA";37394.5
"HLA-A*03:01";"WGGSGSEAY";"P9WNK7_ESXA";30500.5
"HLA-A*03:01";"GGSGSEAYQ";"P9WNK7_ESXA";33720.2
"HLA-A*03:01";"GSGSEAYQG";"P9WNK7_ESXA";41166.5
"HLA-A*03:01";"SGSEAYQGV";"P9WNK7_ESXA";35448.2
"HLA-A*03:01";"GSEAYQGVQ";"P9WNK7_ESXA";31947.9
"HLA-A*03:01";"SEAYQGVQQ";"P9WNK7_ESXA";40024.5
"HLA-A*03:01";"EAYQGVQQK";"P9WNK7_ESXA";5586.4
"HLA-A*03:01";"AYQGVQQKW";"P9WNK7_ESXA";35260.8
"HLA-A*03:01";"YQGVQQKWD";"P9WNK7_ESXA";45243
"HLA-A*03:01";"QGVQQKWDA";"P9WNK7_ESXA";41794.3
"HLA-A*03:01";"GVQQKWDAT";"P9WNK7_ESXA";39155.9
"HLA-A*03:01";"VQQKWDATA";"P9WNK7_ESXA";33653.9
"HLA-A*03:01";"QQKWDATAT";"P9WNK7_ESXA";39216.5
"HLA-A*03:01";"QKWDATATE";"P9WNK7_ESXA";41818.3
"HLA-A*03:01";"KWDATATEL";"P9WNK7_ESXA";29616.3
"HLA-A*03:01";"WDATATELN";"P9WNK7_ESXA";44042.8
"HLA-A*03:01";"DATATELNN";"P9WNK7_ESXA";43114.9
"HLA-A*03:01";"ATATELNNA";"P9WNK7_ESXA";22015.4
"HLA-A*03:01";"TATELNNAL";"P9WNK7_ESXA";38986.3
"HLA-A*03:01";"ATELNNALQ";"P9WNK7_ESXA";24511.7
"HLA-A*03:01";"TELNNALQN";"P9WNK7_ESXA";41764.1
"HLA-A*03:01";"ELNNALQNL";"P9WNK7_ESXA";32553.6
"HLA-A*03:01";"LNNALQNLA";"P9WNK7_ESXA";32740.5
"HLA-A*03:01";"NNALQNLAR";"P9WNK7_ESXA";28641.9
"HLA-A*03:01";"NALQNLART";"P9WNK7_ESXA";41075.2
"HLA-A*03:01";"ALQNLARTI";"P9WNK7_ESXA";21658
"HLA-A*03:01";"LQNLARTIS";"P9WNK7_ESXA";29421.8
"HLA-A*03:01";"QNLARTISE";"P9WNK7_ESXA";32691.6
"HLA-A*03:01";"NLARTISEA";"P9WNK7_ESXA";25458.9
"HLA-A*03:01";"LARTISEAG";"P9WNK7_ESXA";37298.3
"HLA-A*03:01";"ARTISEAGQ";"P9WNK7_ESXA";43117.2
"HLA-A*03:01";"RTISEAGQA";"P9WNK7_ESXA";20130.6
"HLA-A*03:01";"TISEAGQAM";"P9WNK7_ESXA";29235.5
"HLA-A*03:01";"ISEAGQAMA";"P9WNK7_ESXA";33356.2
"HLA-A*03:01";"SEAGQAMAS";"P9WNK7_ESXA";36563.1
"HLA-A*03:01";"EAGQAMAST";"P9WNK7_ESXA";41143.8
"HLA-A*03:01";"AGQAMASTE";"P9WNK7_ESXA";33863.5
"HLA-A*03:01";"GQAMASTEG";"P9WNK7_ESXA";38149.3
"HLA-A*03:01";"QAMASTEGN";"P9WNK7_ESXA";36170
"HLA-A*03:01";"AMASTEGNV";"P9WNK7_ESXA";22409.8
"HLA-A*03:01";"MASTEGNVT";"P9WNK7_ESXA";40342.4
"HLA-A*03:01";"ASTEGNVTG";"P9WNK7_ESXA";39059.8
"HLA-A*03:01";"STEGNVTGM";"P9WNK7_ESXA";30454.7
"HLA-A*03:01";"TEGNVTGMF";"P9WNK7_ESXA";36701
"HLA-A*03:01";"EGNVTGMFA";"P9WNK7_ESXA";34021.1
"HLA-A*24:02";"MTEQQWNFA";"P9WNK7_ESXA";34810.8
"HLA-A*24:02";"TEQQWNFAG";"P9WNK7_ESXA";37214
"HLA-A*24:02";"EQQWNFAGI";"P9WNK7_ESXA";10686.2
"HLA-A*24:02";"QQWNFAGIE";"P9WNK7_ESXA";41026.4
"HLA-A*24:02";"QWNFAGIEA";"P9WNK7_ESXA";20032.4
"HLA-A*24:02";"WNFAGIEAA";"P9WNK7_ESXA";36561.1
"HLA-A*24:02";"NFAGIEAAA";"P9WNK7_ESXA";31487.7
"HLA-A*24:02";"FAGIEAAAS";"P9WNK7_ESXA";45223
"HLA-A*24:02";"AGIEAAASA";"P9WNK7_ESXA";40945.3
"HLA-A*24:02";"GIEAAASAI";"P9WNK7_ESXA";38069.3
"HLA-A*24:02";"IEAAASAIQ";"P9WNK7_ESXA";45062.8
"HLA-A*24:02";"EAAASAIQG";"P9WNK7_ESXA";44837.1
"HLA-A*24:02";"AAASAIQGN";"P9WNK7_ESXA";45548.5
"HLA-A*24:02";"AASAIQGNV";"P9WNK7_ESXA";36151.2
"HLA-A*24:02";"ASAIQGNVT";"P9WNK7_ESXA";45059.8
"HLA-A*24:02";"SAIQGNVTS";"P9WNK7_ESXA";43934.7
"HLA-A*24:02";"AIQGNVTSI";"P9WNK7_ESXA";18429.5
"HLA-A*24:02";"IQGNVTSIH";"P9WNK7_ESXA";41352.6
"HLA-A*24:02";"QGNVTSIHS";"P9WNK7_ESXA";45790.2
"HLA-A*24:02";"GNVTSIHSL";"P9WNK7_ESXA";30316.9
"HLA-A*24:02";"NVTSIHSLL";"P9WNK7_ESXA";15418.8
"HLA-A*24:02";"VTSIHSLLD";"P9WNK7_ESXA";38739.5
"HLA-A*24:02";"TSIHSLLDE";"P9WNK7_ESXA";44224.2
"HLA-A*24:02";"SIHSLLDEG";"P9WNK7_ESXA";41169.6
"HLA-A*24:02";"IHSLLDEGK";"P9WNK7_ESXA";37623.4
"HLA-A*24:02";"HSLLDEGKQ";"P9WNK7_ESXA";48030.6
"HLA-A*24:02";"SLLDEGKQS";"P9WNK7_ESXA";46445.3
"HLA-A*24:02";"LLDEGKQSL";"P9WNK7_ESXA";29919
"HLA-A*24:02";"LDEGKQSLT";"P9WNK7_ESXA";46947
"HLA-A*24:02";"DEGKQSLTK";"P9WNK7_ESXA";45735.7
"HLA-A*24:02";"EGKQSLTKL";"P9WNK7_ESXA";37900
"HLA-A*24:02";"GKQSLTKLA";"P9WNK7_ESXA";45409.8
"HLA-A*24:02";"KQSLTKLAA";"P9WNK7_ESXA";37423.6
"HLA-A*24:02";"QSLTKLAAA";"P9WNK7_ESXA";39192.7
"HLA-A*24:02";"SLTKLAAAW";"P9WNK7_ESXA";9714.3
"HLA-A*24:02";"LTKLAAAWG";"P9WNK7_ESXA";38054.9
"HLA-A*24:02";"TKLAAAWGG";"P9WNK7_ESXA";40602.9
"HLA-A*24:02";"KLAAAWGGS";"P9WNK7_ESXA";38892.4
"HLA-A*24:02";"LAAAWGGSG";"P9WNK7_ESXA";41742.4
"HLA-A*24:02";"AAAWGGSGS";"P9WNK7_ESXA";45901.8
"HLA-A*24:02";"AAWGGSGSE";"P9WNK7_ESXA";45447.1
"HLA-A*24:02";"AWGGSGSEA";"P9WNK7_ESXA";31025.7
"HLA-A*24:02";"WGGSGSEAY";"P9WNK7_ESXA";39259
"HLA-A*24:02";"GGSGSEAYQ";"P9WNK7_ESXA";47766.3
"HLA-A*24:02";"GSGSEAYQG";"P9WNK7_ESXA";43479.8
"HLA-A*24:02";"SGSEAYQGV";"P9WNK7_ESXA";28462.7
"HLA-A*24:02";"GSEAYQGVQ";"P9WNK7_ESXA";47594.5
"HLA-A*24:02";"SEAYQGVQQ";"P9WNK7_ESXA";47278.3
"HLA-A*24:02";"EAYQGVQQK";"P9WNK7_ESXA";42918.5
"HLA-A*24:02";"AYQGVQQKW";"P9WNK7_ESXA";211.7
"HLA-A*24:02";"YQGVQQKWD";"P9WNK7_ESXA";45322.4
"HLA-A*24:02";"QGVQQKWDA";"P9WNK7_ESXA";43222.3
"HLA-A*24:02";"GVQQKWDAT";"P9WNK7_ESXA";43835
"HLA-A*24:02";"VQQKWDATA";"P9WNK7_ESXA";32467.8
"HLA-A*24:02";"QQKWDATAT";"P9WNK7_ESXA";44934.7
"HLA-A*24:02";"QKWDATATE";"P9WNK7_ESXA";46227.7
"HLA-A*24:02";"KWDATATEL";"P9WNK7_ESXA";5150.3
"HLA-A*24:02";"WDATATELN";"P9WNK7_ESXA";44262.5
"HLA-A*24:02";"DATATELNN";"P9WNK7_ESXA";47646
"HLA-A*24:02";"ATATELNNA";"P9WNK7_ESXA";39244.9
"HLA-A*24:02";"TATELNNAL";"P9WNK7_ESXA";34865.1
"HLA-A*24:02";"ATELNNALQ";"P9WNK7_ESXA";45266.5
"HLA-A*24:02";"TELNNALQN";"P9WNK7_ESXA";45352.3
"HLA-A*24:02";"ELNNALQNL";"P9WNK7_ESXA";29334
"HLA-A*24:02";"LNNALQNLA";"P9WNK7_ESXA";38622.7
"HLA-A*24:02";"NNALQNLAR";"P9WNK7_ESXA";41681
"HLA-A*24:02";"NALQNLART";"P9WNK7_ESXA";43067.8
"HLA-A*24:02";"ALQNLARTI";"P9WNK7_ESXA";15480
"HLA-A*24:02";"LQNLARTIS";"P9WNK7_ESXA";42503.5
"HLA-A*24:02";"QNLARTISE";"P9WNK7_ESXA";43336.1
"HLA-A*24:02";"NLARTISEA";"P9WNK7_ESXA";38974.5
"HLA-A*24:02";"LARTISEAG";"P9WNK7_ESXA";41872.7
"HLA-A*24:02";"ARTISEAGQ";"P9WNK7_ESXA";47830.4
"HLA-A*24:02";"RTISEAGQA";"P9WNK7_ESXA";40006.8
"HLA-A*24:02";"TISEAGQAM";"P9WNK7_ESXA";35487.7
"HLA-A*24:02";"ISEAGQAMA";"P9WNK7_ESXA";42805.3
"HLA-A*24:02";"SEAGQAMAS";"P9WNK7_ESXA";44618.8
"HLA-A*24:02";"EAGQAMAST";"P9WNK7_ESXA";45950
"HLA-A*24:02";"AGQAMASTE";"P9WNK7_ESXA";43726.1
"HLA-A*24:02";"GQAMASTEG";"P9WNK7_ESXA";42108.4
"HLA-A*24:02";"QAMASTEGN";"P9WNK7_ESXA";44764.4
"HLA-A*24:02";"AMASTEGNV";"P9WNK7_ESXA";32834.9
"HLA-A*24:02";"MASTEGNVT";"P9WNK7_ESXA";44918.2
"HLA-A*24:02";"ASTEGNVTG";"P9WNK7_ESXA";43572.1
"HLA-A*24:02";"STEGNVTGM";"P9WNK7_ESXA";36756.7
"HLA-A*24:02";"TEGNVTGMF";"P9WNK7_ESXA";20343.2
"HLA-A*24:02";"EGNVTGMFA";"P9WNK7_ESXA";42452.9
"HLA-A*26:01";"MTEQQWNFA";"P9WNK7_ESXA";21569.6
"HLA-A*26:01";"TEQQWNFAG";"P9WNK7_ESXA";42849.8
"HLA-A*26:01";"EQQWNFAGI";"P9WNK7_ESXA";8987
"HLA-A*26:01";"QQWNFAGIE";"P9WNK7_ESXA";41109.9
"HLA-A*26:01";"QWNFAGIEA";"P9WNK7_ESXA";39461.7
"HLA-A*26:01";"WNFAGIEAA";"P9WNK7_ESXA";25790.2
"HLA-A*26:01";"NFAGIEAAA";"P9WNK7_ESXA";25911
"HLA-A*26:01";"FAGIEAAAS";"P9WNK7_ESXA";37601.4
"HLA-A*26:01";"AGIEAAASA";"P9WNK7_ESXA";32536.4
"HLA-A*26:01";"GIEAAASAI";"P9WNK7_ESXA";33760.7
"HLA-A*26:01";"IEAAASAIQ";"P9WNK7_ESXA";38714
"HLA-A*26:01";"EAAASAIQG";"P9WNK7_ESXA";34290.8
"HLA-A*26:01";"AAASAIQGN";"P9WNK7_ESXA";36968.1
"HLA-A*26:01";"AASAIQGNV";"P9WNK7_ESXA";24799.6
"HLA-A*26:01";"ASAIQGNVT";"P9WNK7_ESXA";39719.1
"HLA-A*26:01";"SAIQGNVTS";"P9WNK7_ESXA";32192.5
"HLA-A*26:01";"AIQGNVTSI";"P9WNK7_ESXA";18325.7
"HLA-A*26:01";"IQGNVTSIH";"P9WNK7_ESXA";34317.6
"HLA-A*26:01";"QGNVTSIHS";"P9WNK7_ESXA";45807.5
"HLA-A*26:01";"GNVTSIHSL";"P9WNK7_ESXA";22606.6
"HLA-A*26:01";"NVTSIHSLL";"P9WNK7_ESXA";2856.6
"HLA-A*26:01";"VTSIHSLLD";"P9WNK7_ESXA";41384.4
"HLA-A*26:01";"TSIHSLLDE";"P9WNK7_ESXA";35878.8
"HLA-A*26:01";"SIHSLLDEG";"P9WNK7_ESXA";39061.5
"HLA-A*26:01";"IHSLLDEGK";"P9WNK7_ESXA";42760.4
"HLA-A*26:01";"HSLLDEGKQ";"P9WNK7_ESXA";42447.4
"HLA-A*26:01";"SLLDEGKQS";"P9WNK7_ESXA";42958.9
"HLA-A*26:01";"LLDEGKQSL";"P9WNK7_ESXA";35879.6
"HLA-A*26:01";"LDEGKQSLT";"P9WNK7_ESXA";45076.4
"HLA-A*26:01";"DEGKQSLTK";"P9WNK7_ESXA";40465.2
"HLA-A*26:01";"EGKQSLTKL";"P9WNK7_ESXA";26247.1
"HLA-A*26:01";"GKQSLTKLA";"P9WNK7_ESXA";44408.3
"HLA-A*26:01";"KQSLTKLAA";"P9WNK7_ESXA";42111.2
"HLA-A*26:01";"QSLTKLAAA";"P9WNK7_ESXA";23707.3
"HLA-A*26:01";"SLTKLAAAW";"P9WNK7_ESXA";21621.4
"HLA-A*26:01";"LTKLAAAWG";"P9WNK7_ESXA";33285.2
"HLA-A*26:01";"TKLAAAWGG";"P9WNK7_ESXA";45281.7
"HLA-A*26:01";"KLAAAWGGS";"P9WNK7_ESXA";34912.3
"HLA-A*26:01";"LAAAWGGSG";"P9WNK7_ESXA";33925.1
"HLA-A*26:01";"AAAWGGSGS";"P9WNK7_ESXA";32044.8
"HLA-A*26:01";"AAWGGSGSE";"P9WNK7_ESXA";37755.9
"HLA-A*26:01";"AWGGSGSEA";"P9WNK7_ESXA";44121
"HLA-A*26:01";"WGGSGSEAY";"P9WNK7_ESXA";28071.2
"HLA-A*26:01";"GGSGSEAYQ";"P9WNK7_ESXA";45620.5
"HLA-A*26:01";"GSGSEAYQG";"P9WNK7_ESXA";47047.7
"HLA-A*26:01";"SGSEAYQGV";"P9WNK7_ESXA";33149.4
"HLA-A*26:01";"GSEAYQGVQ";"P9WNK7_ESXA";42614
"HLA-A*26:01";"SEAYQGVQQ";"P9WNK7_ESXA";40844.8
"HLA-A*26:01";"EAYQGVQQK";"P9WNK7_ESXA";10908.6
"HLA-A*26:01";"AYQGVQQKW";"P9WNK7_ESXA";38320.1
"HLA-A*26:01";"YQGVQQKWD";"P9WNK7_ESXA";47177.7
"HLA-A*26:01";"QGVQQKWDA";"P9WNK7_ESXA";45215.6
"HLA-A*26:01";"GVQQKWDAT";"P9WNK7_ESXA";38954.3
"HLA-A*26:01";"VQQKWDATA";"P9WNK7_ESXA";39633.2
"HLA-A*26:01";"QQKWDATAT";"P9WNK7_ESXA";38667.5
"HLA-A*26:01";"QKWDATATE";"P9WNK7_ESXA";43994.2
"HLA-A*26:01";"KWDATATEL";"P9WNK7_ESXA";41469.1
"HLA-A*26:01";"WDATATELN";"P9WNK7_ESXA";41408.6
"HLA-A*26:01";"DATATELNN";"P9WNK7_ESXA";42599.2
"HLA-A*26:01";"ATATELNNA";"P9WNK7_ESXA";18061.3
"HLA-A*26:01";"TATELNNAL";"P9WNK7_ESXA";17009.2
"HLA-A*26:01";"ATELNNALQ";"P9WNK7_ESXA";36495.1
"HLA-A*26:01";"TELNNALQN";"P9WNK7_ESXA";45189.7
"HLA-A*26:01";"ELNNALQNL";"P9WNK7_ESXA";4896.2
"HLA-A*26:01";"LNNALQNLA";"P9WNK7_ESXA";39040.4
"HLA-A*26:01";"NNALQNLAR";"P9WNK7_ESXA";30478.7
"HLA-A*26:01";"NALQNLART";"P9WNK7_ESXA";31395.8
"HLA-A*26:01";"ALQNLARTI";"P9WNK7_ESXA";35952.7
"HLA-A*26:01";"LQNLARTIS";"P9WNK7_ESXA";42222.5
"HLA-A*26:01";"QNLARTISE";"P9WNK7_ESXA";43084.6
"HLA-A*26:01";"NLARTISEA";"P9WNK7_ESXA";17881.1
"HLA-A*26:01";"LARTISEAG";"P9WNK7_ESXA";41489.8
"HLA-A*26:01";"ARTISEAGQ";"P9WNK7_ESXA";44936.2
"HLA-A*26:01";"RTISEAGQA";"P9WNK7_ESXA";22784.9
"HLA-A*26:01";"TISEAGQAM";"P9WNK7_ESXA";1620.3
"HLA-A*26:01";"ISEAGQAMA";"P9WNK7_ESXA";41598.5
"HLA-A*26:01";"SEAGQAMAS";"P9WNK7_ESXA";36280.9
"HLA-A*26:01";"EAGQAMAST";"P9WNK7_ESXA";16694.5
"HLA-A*26:01";"AGQAMASTE";"P9WNK7_ESXA";45622
"HLA-A*26:01";"GQAMASTEG";"P9WNK7_ESXA";42684.1
"HLA-A*26:01";"QAMASTEGN";"P9WNK7_ESXA";38877.2
"HLA-A*26:01";"AMASTEGNV";"P9WNK7_ESXA";31434.2
"HLA-A*26:01";"MASTEGNVT";"P9WNK7_ESXA";38349.2
"HLA-A*26:01";"ASTEGNVTG";"P9WNK7_ESXA";44277.4
"HLA-A*26:01";"STEGNVTGM";"P9WNK7_ESXA";2426.3
"HLA-A*26:01";"TEGNVTGMF";"P9WNK7_ESXA";19772.9
"HLA-A*26:01";"EGNVTGMFA";"P9WNK7_ESXA";34928.1
"HLA-B*07:02";"MTEQQWNFA";"P9WNK7_ESXA";26590.6
"HLA-B*07:02";"TEQQWNFAG";"P9WNK7_ESXA";32381.1
"HLA-B*07:02";"EQQWNFAGI";"P9WNK7_ESXA";25604.2
"HLA-B*07:02";"QQWNFAGIE";"P9WNK7_ESXA";37746.9
"HLA-B*07:02";"QWNFAGIEA";"P9WNK7_ESXA";35595.4
"HLA-B*07:02";"WNFAGIEAA";"P9WNK7_ESXA";27055.3
"HLA-B*07:02";"NFAGIEAAA";"P9WNK7_ESXA";27519.1
"HLA-B*07:02";"FAGIEAAAS";"P9WNK7_ESXA";21117.4
"HLA-B*07:02";"AGIEAAASA";"P9WNK7_ESXA";21667.8
"HLA-B*07:02";"GIEAAASAI";"P9WNK7_ESXA";9311.4
"HLA-B*07:02";"IEAAASAIQ";"P9WNK7_ESXA";32528.6
"HLA-B*07:02";"EAAASAIQG";"P9WNK7_ESXA";31152.2
"HLA-B*07:02";"AAASAIQGN";"P9WNK7_ESXA";33242.7
"HLA-B*07:02";"AASAIQGNV";"P9WNK7_ESXA";12927.5
"HLA-B*07:02";"ASAIQGNVT";"P9WNK7_ESXA";21983.3
"HLA-B*07:02";"SAIQGNVTS";"P9WNK7_ESXA";16277.5
"HLA-B*07:02";"AIQGNVTSI";"P9WNK7_ESXA";5038
"HLA-B*07:02";"IQGNVTSIH";"P9WNK7_ESXA";36693.5
"HLA-B*07:02";"QGNVTSIHS";"P9WNK7_ESXA";40959
"HLA-B*07:02";"GNVTSIHSL";"P9WNK7_ESXA";28368.9
"HLA-B*07:02";"NVTSIHSLL";"P9WNK7_ESXA";6055.4
"HLA-B*07:02";"VTSIHSLLD";"P9WNK7_ESXA";37538.4
"HLA-B*07:02";"TSIHSLLDE";"P9WNK7_ESXA";39080.1
"HLA-B*07:02";"SIHSLLDEG";"P9WNK7_ESXA";33528.1
"HLA-B*07:02";"IHSLLDEGK";"P9WNK7_ESXA";44206
"HLA-B*07:02";"HSLLDEGKQ";"P9WNK7_ESXA";41722.5
"HLA-B*07:02";"SLLDEGKQS";"P9WNK7_ESXA";37938.1
"HLA-B*07:02";"LLDEGKQSL";"P9WNK7_ESXA";7523.7
"HLA-B*07:02";"LDEGKQSLT";"P9WNK7_ESXA";41790.7
"HLA-B*07:02";"DEGKQSLTK";"P9WNK7_ESXA";40598.1
"HLA-B*07:02";"EGKQSLTKL";"P9WNK7_ESXA";19071.5
"HLA-B*07:02";"GKQSLTKLA";"P9WNK7_ESXA";38105.1
"HLA-B*07:02";"KQSLTKLAA";"P9WNK7_ESXA";15755.4
"HLA-B*07:02";"QSLTKLAAA";"P9WNK7_ESXA";13470.1
"HLA-B*07:02";"SLTKLAAAW";"P9WNK7_ESXA";20077.8
"HLA-B*07:02";"LTKLAAAWG";"P9WNK7_ESXA";27950.9
"HLA-B*07:02";"TKLAAAWGG";"P9WNK7_ESXA";42333.2
"HLA-B*07:02";"KLAAAWGGS";"P9WNK7_ESXA";25241.3
"HLA-B*07:02";"LAAAWGGSG";"P9WNK7_ESXA";12403.3
"HLA-B*07:02";"AAAWGGSGS";"P9WNK7_ESXA";11137.3
"HLA-B*07:02";"AAWGGSGSE";"P9WNK7_ESXA";15405.1
"HLA-B*07:02";"AWGGSGSEA";"P9WNK7_ESXA";36103.1
"HLA-B*07:02";"WGGSGSEAY";"P9WNK7_ESXA";30997.2
"HLA-B*07:02";"GGSGSEAYQ";"P9WNK7_ESXA";45051
"HLA-B*07:02";"GSGSEAYQG";"P9WNK7_ESXA";44764.4
"HLA-B*07:02";"SGSEAYQGV";"P9WNK7_ESXA";32938
"HLA-B*07:02";"GSEAYQGVQ";"P9WNK7_ESXA";38842.8
"HLA-B*07:02";"SEAYQGVQQ";"P9WNK7_ESXA";35937.5
"HLA-B*07:02";"EAYQGVQQK";"P9WNK7_ESXA";32138.2
"HLA-B*07:02";"AYQGVQQKW";"P9WNK7_ESXA";39244.5
"HLA-B*07:02";"YQGVQQKWD";"P9WNK7_ESXA";45577.1
"HLA-B*07:02";"QGVQQKWDA";"P9WNK7_ESXA";40800.6
"HLA-B*07:02";"GVQQKWDAT";"P9WNK7_ESXA";26025.4
"HLA-B*07:02";"VQQKWDATA";"P9WNK7_ESXA";29531.5
"HLA-B*07:02";"QQKWDATAT";"P9WNK7_ESXA";28226.5
"HLA-B*07:02";"QKWDATATE";"P9WNK7_ESXA";39183.8
"HLA-B*07:02";"KWDATATEL";"P9WNK7_ESXA";23732.5
"HLA-B*07:02";"WDATATELN";"P9WNK7_ESXA";41537.4
"HLA-B*07:02";"DATATELNN";"P9WNK7_ESXA";42833.5
"HLA-B*07:02";"ATATELNNA";"P9WNK7_ESXA";27307.6
"HLA-B*07:02";"TATELNNAL";"P9WNK7_ESXA";4181.7
"HLA-B*07:02";"ATELNNALQ";"P9WNK7_ESXA";38780.6
"HLA-B*07:02";"TELNNALQN";"P9WNK7_ESXA";40607.7
"HLA-B*07:02";"ELNNALQNL";"P9WNK7_ESXA";24022.1
"HLA-B*07:02";"LNNALQNLA";"P9WNK7_ESXA";35373.5
"HLA-B*07:02";"NNALQNLAR";"P9WNK7_ESXA";38295.3
"HLA-B*07:02";"NALQNLART";"P9WNK7_ESXA";28871.5
"HLA-B*07:02";"ALQNLARTI";"P9WNK7_ESXA";14385.2
"HLA-B*07:02";"LQNLARTIS";"P9WNK7_ESXA";23037.5
"HLA-B*07:02";"QNLARTISE";"P9WNK7_ESXA";36983.6
"HLA-B*07:02";"NLARTISEA";"P9WNK7_ESXA";16880.2
"HLA-B*07:02";"LARTISEAG";"P9WNK7_ESXA";9388.3
"HLA-B*07:02";"ARTISEAGQ";"P9WNK7_ESXA";44086.6
"HLA-B*07:02";"RTISEAGQA";"P9WNK7_ESXA";16341.2
"HLA-B*07:02";"TISEAGQAM";"P9WNK7_ESXA";1899.5
"HLA-B*07:02";"ISEAGQAMA";"P9WNK7_ESXA";28130.2
"HLA-B*07:02";"SEAGQAMAS";"P9WNK7_ESXA";25163.6
"HLA-B*07:02";"EAGQAMAST";"P9WNK7_ESXA";24633.7
"HLA-B*07:02";"AGQAMASTE";"P9WNK7_ESXA";35502.3
"HLA-B*07:02";"GQAMASTEG";"P9WNK7_ESXA";34812.3
"HLA-B*07:02";"QAMASTEGN";"P9WNK7_ESXA";33424.5
"HLA-B*07:02";"AMASTEGNV";"P9WNK7_ESXA";24864.8
"HLA-B*07:02";"MASTEGNVT";"P9WNK7_ESXA";17764.4
"HLA-B*07:02";"ASTEGNVTG";"P9WNK7_ESXA";35556.2
"HLA-B*07:02";"STEGNVTGM";"P9WNK7_ESXA";16730.9
"HLA-B*07:02";"TEGNVTGMF";"P9WNK7_ESXA";29178
"HLA-B*07:02";"EGNVTGMFA";"P9WNK7_ESXA";31275.1
"HLA-B*08:01";"MTEQQWNFA";"P9WNK7_ESXA";21448.8
"HLA-B*08:01";"TEQQWNFAG";"P9WNK7_ESXA";23946.8
"HLA-B*08:01";"EQQWNFAGI";"P9WNK7_ESXA";5073.5
"HLA-B*08:01";"QQWNFAGIE";"P9WNK7_ESXA";34352.1
"HLA-B*08:01";"QWNFAGIEA";"P9WNK7_ESXA";30621.2
"HLA-B*08:01";"WNFAGIEAA";"P9WNK7_ESXA";13848.2
"HLA-B*08:01";"NFAGIEAAA";"P9WNK7_ESXA";18034.6
"HLA-B*08:01";"FAGIEAAAS";"P9WNK7_ESXA";20813.9
"HLA-B*08:01";"AGIEAAASA";"P9WNK7_ESXA";22371.8
"HLA-B*08:01";"GIEAAASAI";"P9WNK7_ESXA";24882.1
"HLA-B*08:01";"IEAAASAIQ";"P9WNK7_ESXA";38555.1
"HLA-B*08:01";"EAAASAIQG";"P9WNK7_ESXA";32373.1
"HLA-B*08:01";"AAASAIQGN";"P9WNK7_ESXA";39518.1
"HLA-B*08:01";"AASAIQGNV";"P9WNK7_ESXA";28039
"HLA-B*08:01";"ASAIQGNVT";"P9WNK7_ESXA";29551.3
"HLA-B*08:01";"SAIQGNVTS";"P9WNK7_ESXA";25202.6
"HLA-B*08:01";"AIQGNVTSI";"P9WNK7_ESXA";8430
"HLA-B*08:01";"IQGNVTSIH";"P9WNK7_ESXA";36091.8
"HLA-B*08:01";"QGNVTSIHS";"P9WNK7_ESXA";37392
"HLA-B*08:01";"GNVTSIHSL";"P9WNK7_ESXA";16649.1
"HLA-B*08:01";"NVTSIHSLL";"P9WNK7_ESXA";5738.3
"HLA-B*08:01";"VTSIHSLLD";"P9WNK7_ESXA";34495.9
"HLA-B*08:01";"TSIHSLLDE";"P9WNK7_ESXA";38884
"HLA-B*08:01";"SIHSLLDEG";"P9WNK7_ESXA";31665
"HLA-B*08:01";"IHSLLDEGK";"P9WNK7_ESXA";41915.3
"HLA-B*08:01";"HSLLDEGKQ";"P9WNK7_ESXA";43182.1
"HLA-B*08:01";"SLLDEGKQS";"P9WNK7_ESXA";36839.1
"HLA-B*08:01";"LLDEGKQSL";"P9WNK7_ESXA";8235.8
"HLA-B*08:01";"LDEGKQSLT";"P9WNK7_ESXA";39129.2
"HLA-B*08:01";"DEGKQSLTK";"P9WNK7_ESXA";33791.8
"HLA-B*08:01";"EGKQSLTKL";"P9WNK7_ESXA";2690.8
"HLA-B*08:01";"GKQSLTKLA";"P9WNK7_ESXA";30126.9
"HLA-B*08:01";"KQSLTKLAA";"P9WNK7_ESXA";15325.2
"HLA-B*08:01";"QSLTKLAAA";"P9WNK7_ESXA";1599.3
"HLA-B*08:01";"SLTKLAAAW";"P9WNK7_ESXA";13475.8
"HLA-B*08:01";"LTKLAAAWG";"P9WNK7_ESXA";20565
"HLA-B*08:01";"TKLAAAWGG";"P9WNK7_ESXA";33020.1
"HLA-B*08:01";"KLAAAWGGS";"P9WNK7_ESXA";33266.5
"HLA-B*08:01";"LAAAWGGSG";"P9WNK7_ESXA";23729.9
"HLA-B*08:01";"AAAWGGSGS";"P9WNK7_ESXA";32129.5
"HLA-B*08:01";"AAWGGSGSE";"P9WNK7_ESXA";34760.4
"HLA-B*08:01";"AWGGSGSEA";"P9WNK7_ESXA";37028.9
"HLA-B*08:01";"WGGSGSEAY";"P9WNK7_ESXA";31628.7
"HLA-B*08:01";"GGSGSEAYQ";"P9WNK7_ESXA";45177.5
"HLA-B*08:01";"GSGSEAYQG";"P9WNK7_ESXA";42396.9
"HLA-B*08:01";"SGSEAYQGV";"P9WNK7_ESXA";24613
"HLA-B*08:01";"GSEAYQGVQ";"P9WNK7_ESXA";42435.9
"HLA-B*08:01";"SEAYQGVQQ";"P9WNK7_ESXA";38285.3
"HLA-B*08:01";"EAYQGVQQK";"P9WNK7_ESXA";32871.5
"HLA-B*08:01";"AYQGVQQKW";"P9WNK7_ESXA";38755
"HLA-B*08:01";"YQGVQQKWD";"P9WNK7_ESXA";39105.1
"HLA-B*08:01";"QGVQQKWDA";"P9WNK7_ESXA";24298.1
"HLA-B*08:01";"GVQQKWDAT";"P9WNK7_ESXA";17030.6
"HLA-B*08:01";"VQQKWDATA";"P9WNK7_ESXA";22830.5
"HLA-B*08:01";"QQKWDATAT";"P9WNK7_ESXA";19974
"HLA-B*08:01";"QKWDATATE";"P9WNK7_ESXA";39118.6
"HLA-B*08:01";"KWDATATEL";"P9WNK7_ESXA";31534.7
"HLA-B*08:01";"WDATATELN";"P9WNK7_ESXA";41686.9
"HLA-B*08:01";"DATATELNN";"P9WNK7_ESXA";42257.7
"HLA-B*08:01";"ATATELNNA";"P9WNK7_ESXA";31152.9
"HLA-B*08:01";"TATELNNAL";"P9WNK7_ESXA";11670.3
"HLA-B*08:01";"ATELNNALQ";"P9WNK7_ESXA";41407.3
"HLA-B*08:01";"TELNNALQN";"P9WNK7_ESXA";38928.6
"HLA-B*08:01";"ELNNALQNL";"P9WNK7_ESXA";7659.2
"HLA-B*08:01";"LNNALQNLA";"P9WNK7_ESXA";23853.7
"HLA-B*08:01";"NNALQNLAR";"P9WNK7_ESXA";26708
"HLA-B*08:01";"NALQNLART";"P9WNK7_ESXA";17981
"HLA-B*08:01";"ALQNLARTI";"P9WNK7_ESXA";8861.7
"HLA-B*08:01";"LQNLARTIS";"P9WNK7_ESXA";18285.9
"HLA-B*08:01";"QNLARTISE";"P9WNK7_ESXA";12837.6
"HLA-B*08:01";"NLARTISEA";"P9WNK7_ESXA";5217.2
"HLA-B*08:01";"LARTISEAG";"P9WNK7_ESXA";9226
"HLA-B*08:01";"ARTISEAGQ";"P9WNK7_ESXA";43012.8
"HLA-B*08:01";"RTISEAGQA";"P9WNK7_ESXA";30691.2
"HLA-B*08:01";"TISEAGQAM";"P9WNK7_ESXA";13811.3
"HLA-B*08:01";"ISEAGQAMA";"P9WNK7_ESXA";35255.1
"HLA-B*08:01";"SEAGQAMAS";"P9WNK7_ESXA";28737.2
"HLA-B*08:01";"EAGQAMAST";"P9WNK7_ESXA";24667.9
"HLA-B*08:01";"AGQAMASTE";"P9WNK7_ESXA";32717.8
"HLA-B*08:01";"GQAMASTEG";"P9WNK7_ESXA";33780.4
"HLA-B*08:01";"QAMASTEGN";"P9WNK7_ESXA";35739
"HLA-B*08:01";"AMASTEGNV";"P9WNK7_ESXA";27297.3
"HLA-B*08:01";"MASTEGNVT";"P9WNK7_ESXA";22058.6
"HLA-B*08:01";"ASTEGNVTG";"P9WNK7_ESXA";39255.1
"HLA-B*08:01";"STEGNVTGM";"P9WNK7_ESXA";28925.9
"HLA-B*08:01";"TEGNVTGMF";"P9WNK7_ESXA";31479.2
"HLA-B*08:01";"EGNVTGMFA";"P9WNK7_ESXA";21911.1
"HLA-B*27:05";"MTEQQWNFA";"P9WNK7_ESXA";32551.2
"HLA-B*27:05";"TEQQWNFAG";"P9WNK7_ESXA";28565.1
"HLA-B*27:05";"EQQWNFAGI";"P9WNK7_ESXA";14963.9
"HLA-B*27:05";"QQWNFAGIE";"P9WNK7_ESXA";14666.1
"HLA-B*27:05";"QWNFAGIEA";"P9WNK7_ESXA";33332.1
"HLA-B*27:05";"WNFAGIEAA";"P9WNK7_ESXA";16762.6
"HLA-B*27:05";"NFAGIEAAA";"P9WNK7_ESXA";33162.6
"HLA-B*27:05";"FAGIEAAAS";"P9WNK7_ESXA";38248.5
"HLA-B*27:05";"AGIEAAASA";"P9WNK7_ESXA";34237.5
"HLA-B*27:05";"GIEAAASAI";"P9WNK7_ESXA";34639.5
"HLA-B*27:05";"IEAAASAIQ";"P9WNK7_ESXA";35625.9
"HLA-B*27:05";"EAAASAIQG";"P9WNK7_ESXA";42139.4
"HLA-B*27:05";"AAASAIQGN";"P9WNK7_ESXA";38201.7
"HLA-B*27:05";"AASAIQGNV";"P9WNK7_ESXA";30075.2
"HLA-B*27:05";"ASAIQGNVT";"P9WNK7_ESXA";37890.1
"HLA-B*27:05";"SAIQGNVTS";"P9WNK7_ESXA";37232.2
"HLA-B*27:05";"AIQGNVTSI";"P9WNK7_ESXA";27777.2
"HLA-B*27:05";"IQGNVTSIH";"P9WNK7_ESXA";20237.6
"HLA-B*27:05";"QGNVTSIHS";"P9WNK7_ESXA";41690.5
"HLA-B*27:05";"GNVTSIHSL";"P9WNK7_ESXA";24539.8
"HLA-B*27:05";"NVTSIHSLL";"P9WNK7_ESXA";23201
"HLA-B*27:05";"VTSIHSLLD";"P9WNK7_ESXA";38154.2
"HLA-B*27:05";"TSIHSLLDE";"P9WNK7_ESXA";40473.5
"HLA-B*27:05";"SIHSLLDEG";"P9WNK7_ESXA";38426.4
"HLA-B*27:05";"IHSLLDEGK";"P9WNK7_ESXA";17323.1
"HLA-B*27:05";"HSLLDEGKQ";"P9WNK7_ESXA";39774.6
"HLA-B*27:05";"SLLDEGKQS";"P9WNK7_ESXA";38901.6
"HLA-B*27:05";"LLDEGKQSL";"P9WNK7_ESXA";28098
"HLA-B*27:05";"LDEGKQSLT";"P9WNK7_ESXA";43667
"HLA-B*27:05";"DEGKQSLTK";"P9WNK7_ESXA";33203.5
"HLA-B*27:05";"EGKQSLTKL";"P9WNK7_ESXA";37704.5
"HLA-B*27:05";"GKQSLTKLA";"P9WNK7_ESXA";15273
"HLA-B*27:05";"KQSLTKLAA";"P9WNK7_ESXA";7012.2
"HLA-B*27:05";"QSLTKLAAA";"P9WNK7_ESXA";25659.9
"HLA-B*27:05";"SLTKLAAAW";"P9WNK7_ESXA";22381.4
"HLA-B*27:05";"LTKLAAAWG";"P9WNK7_ESXA";33284.8
"HLA-B*27:05";"TKLAAAWGG";"P9WNK7_ESXA";19215.3
"HLA-B*27:05";"KLAAAWGGS";"P9WNK7_ESXA";23847.8
"HLA-B*27:05";"LAAAWGGSG";"P9WNK7_ESXA";33018.3
"HLA-B*27:05";"AAAWGGSGS";"P9WNK7_ESXA";33625.8
"HLA-B*27:05";"AAWGGSGSE";"P9WNK7_ESXA";33109.9
"HLA-B*27:05";"AWGGSGSEA";"P9WNK7_ESXA";36852.2
"HLA-B*27:05";"WGGSGSEAY";"P9WNK7_ESXA";32088.5
"HLA-B*27:05";"GGSGSEAYQ";"P9WNK7_ESXA";43029.1
"HLA-B*27:05";"GSGSEAYQG";"P9WNK7_ESXA";41944.7
"HLA-B*27:05";"SGSEAYQGV";"P9WNK7_ESXA";36453.3
"HLA-B*27:05";"GSEAYQGVQ";"P9WNK7_ESXA";40151.2
"HLA-B*27:05";"SEAYQGVQQ";"P9WNK7_ESXA";36815.2
"HLA-B*27:05";"EAYQGVQQK";"P9WNK7_ESXA";27819
"HLA-B*27:05";"AYQGVQQKW";"P9WNK7_ESXA";26068.5
"HLA-B*27:05";"YQGVQQKWD";"P9WNK7_ESXA";36525.9
"HLA-B*27:05";"QGVQQKWDA";"P9WNK7_ESXA";38705.6
"HLA-B*27:05";"GVQQKWDAT";"P9WNK7_ESXA";35791.6
"HLA-B*27:05";"VQQKWDATA";"P9WNK7_ESXA";18601.4
"HLA-B*27:05";"QQKWDATAT";"P9WNK7_ESXA";29931.7
"HLA-B*27:05";"QKWDATATE";"P9WNK7_ESXA";24985.1
"HLA-B*27:05";"KWDATATEL";"P9WNK7_ESXA";25568.2
"HLA-B*27:05";"WDATATELN";"P9WNK7_ESXA";39641
"HLA-B*27:05";"DATATELNN";"P9WNK7_ESXA";44594.2
"HLA-B*27:05";"ATATELNNA";"P9WNK7_ESXA";35503.9
"HLA-B*27:05";"TATELNNAL";"P9WNK7_ESXA";33600.7
"HLA-B*27:05";"ATELNNALQ";"P9WNK7_ESXA";40903.6
"HLA-B*27:05";"TELNNALQN";"P9WNK7_ESXA";35623.2
"HLA-B*27:05";"ELNNALQNL";"P9WNK7_ESXA";31621.2
"HLA-B*27:05";"LNNALQNLA";"P9WNK7_ESXA";30003
"HLA-B*27:05";"NNALQNLAR";"P9WNK7_ESXA";23706.5
"HLA-B*27:05";"NALQNLART";"P9WNK7_ESXA";36871.8
"HLA-B*27:05";"ALQNLARTI";"P9WNK7_ESXA";16775.1
"HLA-B*27:05";"LQNLARTIS";"P9WNK7_ESXA";21465
"HLA-B*27:05";"QNLARTISE";"P9WNK7_ESXA";34258.6
"HLA-B*27:05";"NLARTISEA";"P9WNK7_ESXA";29337.9
"HLA-B*27:05";"LARTISEAG";"P9WNK7_ESXA";34003
"HLA-B*27:05";"ARTISEAGQ";"P9WNK7_ESXA";10932.1
"HLA-B*27:05";"RTISEAGQA";"P9WNK7_ESXA";24021
"HLA-B*27:05";"TISEAGQAM";"P9WNK7_ESXA";36680
"HLA-B*27:05";"ISEAGQAMA";"P9WNK7_ESXA";38859.1
"HLA-B*27:05";"SEAGQAMAS";"P9WNK7_ESXA";32715
"HLA-B*27:05";"EAGQAMAST";"P9WNK7_ESXA";42103.4
"HLA-B*27:05";"AGQAMASTE";"P9WNK7_ESXA";37464.1
"HLA-B*27:05";"GQAMASTEG";"P9WNK7_ESXA";27690.2
"HLA-B*27:05";"QAMASTEGN";"P9WNK7_ESXA";37475.5
"HLA-B*27:05";"AMASTEGNV";"P9WNK7_ESXA";28787.3
"HLA-B*27:05";"MASTEGNVT";"P9WNK7_ESXA";39438.6
"HLA-B*27:05";"ASTEGNVTG";"P9WNK7_ESXA";40820.9
"HLA-B*27:05";"STEGNVTGM";"P9WNK7_ESXA";33530.6
"HLA-B*27:05";"TEGNVTGMF";"P9WNK7_ESXA";27476.5
"HLA-B*27:05";"EGNVTGMFA";"P9WNK7_ESXA";38229
"HLA-B*40:01";"MTEQQWNFA";"P9WNK7_ESXA";35457.8
"HLA-B*40:01";"TEQQWNFAG";"P9WNK7_ESXA";4395
"HLA-B*40:01";"EQQWNFAGI";"P9WNK7_ESXA";5423.1
"HLA-B*40:01";"QQWNFAGIE";"P9WNK7_ESXA";19763.5
"HLA-B*40:01";"QWNFAGIEA";"P9WNK7_ESXA";34243.4
"HLA-B*40:01";"WNFAGIEAA";"P9WNK7_ESXA";12349.4
"HLA-B*40:01";"NFAGIEAAA";"P9WNK7_ESXA";32974.1
"HLA-B*40:01";"FAGIEAAAS";"P9WNK7_ESXA";39127.9
"HLA-B*40:01";"AGIEAAASA";"P9WNK7_ESXA";29389.6
"HLA-B*40:01";"GIEAAASAI";"P9WNK7_ESXA";27808.2
"HLA-B*40:01";"IEAAASAIQ";"P9WNK7_ESXA";10231.4
"HLA-B*40:01";"EAAASAIQG";"P9WNK7_ESXA";41758.6
"HLA-B*40:01";"AAASAIQGN";"P9WNK7_ESXA";40737.1
"HLA-B*40:01";"AASAIQGNV";"P9WNK7_ESXA";27810
"HLA-B*40:01";"ASAIQGNVT";"P9WNK7_ESXA";35349.4
"HLA-B*40:01";"SAIQGNVTS";"P9WNK7_ESXA";30505.1
"HLA-B*40:01";"AIQGNVTSI";"P9WNK7_ESXA";26897.4
"HLA-B*40:01";"IQGNVTSIH";"P9WNK7_ESXA";36152.8
"HLA-B*40:01";"QGNVTSIHS";"P9WNK7_ESXA";44642.5
"HLA-B*40:01";"GNVTSIHSL";"P9WNK7_ESXA";8781.3
"HLA-B*40:01";"NVTSIHSLL";"P9WNK7_ESXA";22153.3
"HLA-B*40:01";"VTSIHSLLD";"P9WNK7_ESXA";41831.9
"HLA-B*40:01";"TSIHSLLDE";"P9WNK7_ESXA";44161.1
"HLA-B*40:01";"SIHSLLDEG";"P9WNK7_ESXA";39607.9
"HLA-B*40:01";"IHSLLDEGK";"P9WNK7_ESXA";41524.4
"HLA-B*40:01";"HSLLDEGKQ";"P9WNK7_ESXA";45112.5
"HLA-B*40:01";"SLLDEGKQS";"P9WNK7_ESXA";41392.9
"HLA-B*40:01";"LLDEGKQSL";"P9WNK7_ESXA";15420
"HLA-B*40:01";"LDEGKQSLT";"P9WNK7_ESXA";43183.5
"HLA-B*40:01";"DEGKQSLTK";"P9WNK7_ESXA";37139.2
"HLA-B*40:01";"EGKQSLTKL";"P9WNK7_ESXA";37854.9
"HLA-B*40:01";"GKQSLTKLA";"P9WNK7_ESXA";32142.4
"HLA-B*40:01";"KQSLTKLAA";"P9WNK7_ESXA";10261.1
"HLA-B*40:01";"QSLTKLAAA";"P9WNK7_ESXA";32485.4
"HLA-B*40:01";"SLTKLAAAW";"P9WNK7_ESXA";29286.2
"HLA-B*40:01";"LTKLAAAWG";"P9WNK7_ESXA";39794.8
"HLA-B*40:01";"TKLAAAWGG";"P9WNK7_ESXA";32955.5
"HLA-B*40:01";"KLAAAWGGS";"P9WNK7_ESXA";34671.4
"HLA-B*40:01";"LAAAWGGSG";"P9WNK7_ESXA";37277.3
"HLA-B*40:01";"AAAWGGSGS";"P9WNK7_ESXA";32565.6
"HLA-B*40:01";"AAWGGSGSE";"P9WNK7_ESXA";35138.9
"HLA-B*40:01";"AWGGSGSEA";"P9WNK7_ESXA";40042.7
"HLA-B*40:01";"WGGSGSEAY";"P9WNK7_ESXA";38260.9
"HLA-B*40:01";"GGSGSEAYQ";"P9WNK7_ESXA";46019.1
"HLA-B*40:01";"GSGSEAYQG";"P9WNK7_ESXA";44349.3
"HLA-B*40:01";"SGSEAYQGV";"P9WNK7_ESXA";33571.7
"HLA-B*40:01";"GSEAYQGVQ";"P9WNK7_ESXA";41615.6
"HLA-B*40:01";"SEAYQGVQQ";"P9WNK7_ESXA";19074.8
"HLA-B*40:01";"EAYQGVQQK";"P9WNK7_ESXA";38381.1
"HLA-B*40:01";"AYQGVQQKW";"P9WNK7_ESXA";37122.4
"HLA-B*40:01";"YQGVQQKWD";"P9WNK7_ESXA";42868.3
"HLA-B*40:01";"QGVQQKWDA";"P9WNK7_ESXA";42698.4
"HLA-B*40:01";"GVQQKWDAT";"P9WNK7_ESXA";37401.8
"HLA-B*40:01";"VQQKWDATA";"P9WNK7_ESXA";16819.1
"HLA-B*40:01";"QQKWDATAT";"P9WNK7_ESXA";20235
"HLA-B*40:01";"QKWDATATE";"P9WNK7_ESXA";34191.5
"HLA-B*40:01";"KWDATATEL";"P9WNK7_ESXA";19066
"HLA-B*40:01";"WDATATELN";"P9WNK7_ESXA";41807.9
"HLA-B*40:01";"DATATELNN";"P9WNK7_ESXA";46933.3
"HLA-B*40:01";"ATATELNNA";"P9WNK7_ESXA";33479.2
"HLA-B*40:01";"TATELNNAL";"P9WNK7_ESXA";13239.5
"HLA-B*40:01";"ATELNNALQ";"P9WNK7_ESXA";40545.8
"HLA-B*40:01";"TELNNALQN";"P9WNK7_ESXA";26255.3
"HLA-B*40:01";"ELNNALQNL";"P9WNK7_ESXA";24688.7
"HLA-B*40:01";"LNNALQNLA";"P9WNK7_ESXA";34761.1
"HLA-B*40:01";"NNALQNLAR";"P9WNK7_ESXA";40724.3
"HLA-B*40:01";"NALQNLART";"P9WNK7_ESXA";39711.8
"HLA-B*40:01";"ALQNLARTI";"P9WNK7_ESXA";21426.3
"HLA-B*40:01";"LQNLARTIS";"P9WNK7_ESXA";22118.3
"HLA-B*40:01";"QNLARTISE";"P9WNK7_ESXA";42260.4
"HLA-B*40:01";"NLARTISEA";"P9WNK7_ESXA";34435.5
"HLA-B*40:01";"LARTISEAG";"P9WNK7_ESXA";38368.3
"HLA-B*40:01";"ARTISEAGQ";"P9WNK7_ESXA";43603.2
"HLA-B*40:01";"RTISEAGQA";"P9WNK7_ESXA";31429.8
"HLA-B*40:01";"TISEAGQAM";"P9WNK7_ESXA";23829.5
"HLA-B*40:01";"ISEAGQAMA";"P9WNK7_ESXA";36857
"HLA-B*40:01";"SEAGQAMAS";"P9WNK7_ESXA";5643.4
"HLA-B*40:01";"EAGQAMAST";"P9WNK7_ESXA";41297.6
"HLA-B*40:01";"AGQAMASTE";"P9WNK7_ESXA";42402.9
"HLA-B*40:01";"GQAMASTEG";"P9WNK7_ESXA";15734.6
"HLA-B*40:01";"QAMASTEGN";"P9WNK7_ESXA";42147.6
"HLA-B*40:01";"AMASTEGNV";"P9WNK7_ESXA";27408.5
"HLA-B*40:01";"MASTEGNVT";"P9WNK7_ESXA";34976.2
"HLA-B*40:01";"ASTEGNVTG";"P9WNK7_ESXA";35826.5
"HLA-B*40:01";"STEGNVTGM";"P9WNK7_ESXA";25148.7
"HLA-B*40:01";"TEGNVTGMF";"P9WNK7_ESXA";2014.8
"HLA-B*40:01";"EGNVTGMFA";"P9WNK7_ESXA";41304.8
"HLA-B*58:01";"MTEQQWNFA";"P9WNK7_ESXA";19669.7
"HLA-B*58:01";"TEQQWNFAG";"P9WNK7_ESXA";34354
"HLA-B*58:01";"EQQWNFAGI";"P9WNK7_ESXA";26423.1
"HLA-B*58:01";"QQWNFAGIE";"P9WNK7_ESXA";33038.3
"HLA-B*58:01";"QWNFAGIEA";"P9WNK7_ESXA";37566
"HLA-B*58:01";"WNFAGIEAA";"P9WNK7_ESXA";25414.3
"HLA-B*58:01";"NFAGIEAAA";"P9WNK7_ESXA";36205.6
"HLA-B*58:01";"FAGIEAAAS";"P9WNK7_ESXA";26580.6
"HLA-B*58:01";"AGIEAAASA";"P9WNK7_ESXA";19329.3
"HLA-B*58:01";"GIEAAASAI";"P9WNK7_ESXA";30927.2
"HLA-B*58:01";"IEAAASAIQ";"P9WNK7_ESXA";33233
"HLA-B*58:01";"EAAASAIQG";"P9WNK7_ESXA";16071.4
"HLA-B*58:01";"AAASAIQGN";"P9WNK7_ESXA";10849.1
"HLA-B*58:01";"AASAIQGNV";"P9WNK7_ESXA";3248.9
"HLA-B*58:01";"ASAIQGNVT";"P9WNK7_ESXA";22397.9
"HLA-B*58:01";"SAIQGNVTS";"P9WNK7_ESXA";14950.3
"HLA-B*58:01";"AIQGNVTSI";"P9WNK7_ESXA";20528.5
"HLA-B*58:01";"IQGNVTSIH";"P9WNK7_ESXA";29915.5
"HLA-B*58:01";"QGNVTSIHS";"P9WNK7_ESXA";26953.9
"HLA-B*58:01";"GNVTSIHSL";"P9WNK7_ESXA";17602.8
"HLA-B*58:01";"NVTSIHSLL";"P9WNK7_ESXA";7328.7
"HLA-B*58:01";"VTSIHSLLD";"P9WNK7_ESXA";4926.5
"HLA-B*58:01";"TSIHSLLDE";"P9WNK7_ESXA";18233.5
"HLA-B*58:01";"SIHSLLDEG";"P9WNK7_ESXA";24465.6
"HLA-B*58:01";"IHSLLDEGK";"P9WNK7_ESXA";32172
"HLA-B*58:01";"HSLLDEGKQ";"P9WNK7_ESXA";22371.3
"HLA-B*58:01";"SLLDEGKQS";"P9WNK7_ESXA";42506.2
"HLA-B*58:01";"LLDEGKQSL";"P9WNK7_ESXA";25929.8
"HLA-B*58:01";"LDEGKQSLT";"P9WNK7_ESXA";45044.2
"HLA-B*58:01";"DEGKQSLTK";"P9WNK7_ESXA";44090
"HLA-B*58:01";"EGKQSLTKL";"P9WNK7_ESXA";32699.1
"HLA-B*58:01";"GKQSLTKLA";"P9WNK7_ESXA";41793.4
"HLA-B*58:01";"KQSLTKLAA";"P9WNK7_ESXA";22664.6
"HLA-B*58:01";"QSLTKLAAA";"P9WNK7_ESXA";15556.7
"HLA-B*58:01";"SLTKLAAAW";"P9WNK7_ESXA";229.9
"HLA-B*58:01";"LTKLAAAWG";"P9WNK7_ESXA";7402.6
"HLA-B*58:01";"TKLAAAWGG";"P9WNK7_ESXA";28637.8
"HLA-B*58:01";"KLAAAWGGS";"P9WNK7_ESXA";27086
"HLA-B*58:01";"LAAAWGGSG";"P9WNK7_ESXA";8604.3
"HLA-B*58:01";"AAAWGGSGS";"P9WNK7_ESXA";25368.4
"HLA-B*58:01";"AAWGGSGSE";"P9WNK7_ESXA";25420
"HLA-B*58:01";"AWGGSGSEA";"P9WNK7_ESXA";43429
"HLA-B*58:01";"WGGSGSEAY";"P9WNK7_ESXA";15228
"HLA-B*58:01";"GGSGSEAYQ";"P9WNK7_ESXA";27917.3
"HLA-B*58:01";"GSGSEAYQG";"P9WNK7_ESXA";10619.2
"HLA-B*58:01";"SGSEAYQGV";"P9WNK7_ESXA";17897.7
"HLA-B*58:01";"GSEAYQGVQ";"P9WNK7_ESXA";28309.1
"HLA-B*58:01";"SEAYQGVQQ";"P9WNK7_ESXA";41979.2
"HLA-B*58:01";"EAYQGVQQK";"P9WNK7_ESXA";26558.7
"HLA-B*58:01";"AYQGVQQKW";"P9WNK7_ESXA";3187.9
"HLA-B*58:01";"YQGVQQKWD";"P9WNK7_ESXA";38696.4
"HLA-B*58:01";"QGVQQKWDA";"P9WNK7_ESXA";29605.1
"HLA-B*58:01";"GVQQKWDAT";"P9WNK7_ESXA";42159
"HLA-B*58:01";"VQQKWDATA";"P9WNK7_ESXA";29361
"HLA-B*58:01";"QQKWDATAT";"P9WNK7_ESXA";40093.5
"HLA-B*58:01";"QKWDATATE";"P9WNK7_ESXA";41256.1
"HLA-B*58:01";"KWDATATEL";"P9WNK7_ESXA";27358.8
"HLA-B*58:01";"WDATATELN";"P9WNK7_ESXA";33968.5
"HLA-B*58:01";"DATATELNN";"P9WNK7_ESXA";29373.1
"HLA-B*58:01";"ATATELNNA";"P9WNK7_ESXA";14618.8
"HLA-B*58:01";"TATELNNAL";"P9WNK7_ESXA";9770.3
"HLA-B*58:01";"ATELNNALQ";"P9WNK7_ESXA";26048.4
"HLA-B*58:01";"TELNNALQN";"P9WNK7_ESXA";39606.2
"HLA-B*58:01";"ELNNALQNL";"P9WNK7_ESXA";26739.5
"HLA-B*58:01";"LNNALQNLA";"P9WNK7_ESXA";16437
"HLA-B*58:01";"NNALQNLAR";"P9WNK7_ESXA";39341.4
"HLA-B*58:01";"NALQNLART";"P9WNK7_ESXA";27838.9
"HLA-B*58:01";"ALQNLARTI";"P9WNK7_ESXA";19536.5
"HLA-B*58:01";"LQNLARTIS";"P9WNK7_ESXA";31754.6
"HLA-B*58:01";"QNLARTISE";"P9WNK7_ESXA";37500.2
"HLA-B*58:01";"NLARTISEA";"P9WNK7_ESXA";32668
"HLA-B*58:01";"LARTISEAG";"P9WNK7_ESXA";9930
"HLA-B*58:01";"ARTISEAGQ";"P9WNK7_ESXA";42784
"HLA-B*58:01";"RTISEAGQA";"P9WNK7_ESXA";7985.2
"HLA-B*58:01";"TISEAGQAM";"P9WNK7_ESXA";25029.2
"HLA-B*58:01";"ISEAGQAMA";"P9WNK7_ESXA";15648.9
"HLA-B*58:01";"SEAGQAMAS";"P9WNK7_ESXA";39049.2
"HLA-B*58:01";"EAGQAMAST";"P9WNK7_ESXA";32422.2
"HLA-B*58:01";"AGQAMASTE";"P9WNK7_ESXA";30541.1
"HLA-B*58:01";"GQAMASTEG";"P9WNK7_ESXA";28518.5
"HLA-B*58:01";"QAMASTEGN";"P9WNK7_ESXA";8416.5
"HLA-B*58:01";"AMASTEGNV";"P9WNK7_ESXA";21033.7
"HLA-B*58:01";"MASTEGNVT";"P9WNK7_ESXA";19668.8
"HLA-B*58:01";"ASTEGNVTG";"P9WNK7_ESXA";5190.3
"HLA-B*58:01";"STEGNVTGM";"P9WNK7_ESXA";18127.5
"HLA-B*58:01";"TEGNVTGMF";"P9WNK7_ESXA";29899.3
"HLA-B*58:01";"EGNVTGMFA";"P9WNK7_ESXA";26961.2
"HLA-B*15:01";"MTEQQWNFA";"P9WNK7_ESXA";28410.4
"HLA-B*15:01";"TEQQWNFAG";"P9WNK7_ESXA";26236.3
"HLA-B*15:01";"EQQWNFAGI";"P9WNK7_ESXA";8418.3
"HLA-B*15:01";"QQWNFAGIE";"P9WNK7_ESXA";10646.1
"HLA-B*15:01";"QWNFAGIEA";"P9WNK7_ESXA";24454.5
"HLA-B*15:01";"WNFAGIEAA";"P9WNK7_ESXA";11206.2
"HLA-B*15:01";"NFAGIEAAA";"P9WNK7_ESXA";25210
"HLA-B*15:01";"FAGIEAAAS";"P9WNK7_ESXA";20802.4
"HLA-B*15:01";"AGIEAAASA";"P9WNK7_ESXA";8781.7
"HLA-B*15:01";"GIEAAASAI";"P9WNK7_ESXA";12773.4
"HLA-B*15:01";"IEAAASAIQ";"P9WNK7_ESXA";14411.5
"HLA-B*15:01";"EAAASAIQG";"P9WNK7_ESXA";33061.6
"HLA-B*15:01";"AAASAIQGN";"P9WNK7_ESXA";22221.5
"HLA-B*15:01";"AASAIQGNV";"P9WNK7_ESXA";12143.1
"HLA-B*15:01";"ASAIQGNVT";"P9WNK7_ESXA";16909.1
"HLA-B*15:01";"SAIQGNVTS";"P9WNK7_ESXA";14964
"HLA-B*15:01";"AIQGNVTSI";"P9WNK7_ESXA";3954.1
"HLA-B*15:01";"IQGNVTSIH";"P9WNK7_ESXA";702.9
"HLA-B*15:01";"QGNVTSIHS";"P9WNK7_ESXA";32797.2
"HLA-B*15:01";"GNVTSIHSL";"P9WNK7_ESXA";8884.5
"HLA-B*15:01";"NVTSIHSLL";"P9WNK7_ESXA";10840.6
"HLA-B*15:01";"VTSIHSLLD";"P9WNK7_ESXA";31941
"HLA-B*15:01";"TSIHSLLDE";"P9WNK7_ESXA";29541.7
"HLA-B*15:01";"SIHSLLDEG";"P9WNK7_ESXA";18436.7
"HLA-B*15:01";"IHSLLDEGK";"P9WNK7_ESXA";38519.2
"HLA-B*15:01";"HSLLDEGKQ";"P9WNK7_ESXA";36100.4
"HLA-B*15:01";"SLLDEGKQS";"P9WNK7_ESXA";28392.9
"HLA-B*15:01";"LLDEGKQSL";"P9WNK7_ESXA";11363.9
"HLA-B*15:01";"LDEGKQSLT";"P9WNK7_ESXA";44852.6
"HLA-B*15:01";"DEGKQSLTK";"P9WNK7_ESXA";39781
"HLA-B*15:01";"EGKQSLTKL";"P9WNK7_ESXA";25184.6
"HLA-B*15:01";"GKQSLTKLA";"P9WNK7_ESXA";32079.5
"HLA-B*15:01";"KQSLTKLAA";"P9WNK7_ESXA";1786.2
"HLA-B*15:01";"QSLTKLAAA";"P9WNK7_ESXA";12802.5
"HLA-B*15:01";"SLTKLAAAW";"P9WNK7_ESXA";1647.3
"HLA-B*15:01";"LTKLAAAWG";"P9WNK7_ESXA";16167.6
"HLA-B*15:01";"TKLAAAWGG";"P9WNK7_ESXA";36741.5
"HLA-B*15:01";"KLAAAWGGS";"P9WNK7_ESXA";12422.1
"HLA-B*15:01";"LAAAWGGSG";"P9WNK7_ESXA";6281.6
"HLA-B*15:01";"AAAWGGSGS";"P9WNK7_ESXA";17128.3
"HLA-B*15:01";"AAWGGSGSE";"P9WNK7_ESXA";16951.4
"HLA-B*15:01";"AWGGSGSEA";"P9WNK7_ESXA";30302.5
"HLA-B*15:01";"WGGSGSEAY";"P9WNK7_ESXA";2010.6
"HLA-B*15:01";"GGSGSEAYQ";"P9WNK7_ESXA";35742.9
"HLA-B*15:01";"GSGSEAYQG";"P9WNK7_ESXA";38604.4
"HLA-B*15:01";"SGSEAYQGV";"P9WNK7_ESXA";24509.6
"HLA-B*15:01";"GSEAYQGVQ";"P9WNK7_ESXA";30775.7
"HLA-B*15:01";"SEAYQGVQQ";"P9WNK7_ESXA";25837.7
"HLA-B*15:01";"EAYQGVQQK";"P9WNK7_ESXA";27318.2
"HLA-B*15:01";"AYQGVQQKW";"P9WNK7_ESXA";28058.2
"HLA-B*15:01";"YQGVQQKWD";"P9WNK7_ESXA";39381.1
"HLA-B*15:01";"QGVQQKWDA";"P9WNK7_ESXA";39947.5
"HLA-B*15:01";"GVQQKWDAT";"P9WNK7_ESXA";30825
"HLA-B*15:01";"VQQKWDATA";"P9WNK7_ESXA";2921.1
"HLA-B*15:01";"QQKWDATAT";"P9WNK7_ESXA";7169.5
"HLA-B*15:01";"QKWDATATE";"P9WNK7_ESXA";32526.5
"HLA-B*15:01";"KWDATATEL";"P9WNK7_ESXA";25035.5
"HLA-B*15:01";"WDATATELN";"P9WNK7_ESXA";39559.1
"HLA-B*15:01";"DATATELNN";"P9WNK7_ESXA";42839.1
"HLA-B*15:01";"ATATELNNA";"P9WNK7_ESXA";14075.3
"HLA-B*15:01";"TATELNNAL";"P9WNK7_ESXA";13798
"HLA-B*15:01";"ATELNNALQ";"P9WNK7_ESXA";32667.2
"HLA-B*15:01";"TELNNALQN";"P9WNK7_ESXA";38362
"HLA-B*15:01";"ELNNALQNL";"P9WNK7_ESXA";8312
"HLA-B*15:01";"LNNALQNLA";"P9WNK7_ESXA";21841.5
"HLA-B*15:01";"NNALQNLAR";"P9WNK7_ESXA";38150.9
"HLA-B*15:01";"NALQNLART";"P9WNK7_ESXA";34132
"HLA-B*15:01";"ALQNLARTI";"P9WNK7_ESXA";4343.5
"HLA-B*15:01";"LQNLARTIS";"P9WNK7_ESXA";3354.5
"HLA-B*15:01";"QNLARTISE";"P9WNK7_ESXA";37468.6
"HLA-B*15:01";"NLARTISEA";"P9WNK7_ESXA";9476.3
"HLA-B*15:01";"LARTISEAG";"P9WNK7_ESXA";8986
"HLA-B*15:01";"ARTISEAGQ";"P9WNK7_ESXA";40926.2
"HLA-B*15:01";"RTISEAGQA";"P9WNK7_ESXA";8250.6
"HLA-B*15:01";"TISEAGQAM";"P9WNK7_ESXA";498
"HLA-B*15:01";"ISEAGQAMA";"P9WNK7_ESXA";27229.4
"HLA-B*15:01";"SEAGQAMAS";"P9WNK7_ESXA";21619.6
"HLA-B*15:01";"EAGQAMAST";"P9WNK7_ESXA";33699.4
"HLA-B*15:01";"AGQAMASTE";"P9WNK7_ESXA";28702.7
"HLA-B*15:01";"GQAMASTEG";"P9WNK7_ESXA";3286.4
"HLA-B*15:01";"QAMASTEGN";"P9WNK7_ESXA";30196.4
"HLA-B*15:01";"AMASTEGNV";"P9WNK7_ESXA";3423.5
"HLA-B*15:01";"MASTEGNVT";"P9WNK7_ESXA";18589.9
"HLA-B*15:01";"ASTEGNVTG";"P9WNK7_ESXA";25408.8
"HLA-B*15:01";"STEGNVTGM";"P9WNK7_ESXA";12409.8
"HLA-B*15:01";"TEGNVTGMF";"P9WNK7_ESXA";5030.4
"HLA-B*15:01";"EGNVTGMFA";"P9WNK7_ESXA";30846.6
