"allele";"seq_num";"peptide";"score"
"HLA-A*01";1;"MTEQQWNFA";16
"HLA-A*01";1;"WGGSGSEAY";16
"HLA-A*01";1;"ATELNNALQ";16
"HLA-A*01";1;"STEGNVTGM";16
"HLA-A*01";1;"LLDEGKQSL";13
"HLA-A*01";1;"GSEAYQGVQ";13
"HLA-A*01";1;"ISEAGQAMA";13
"HLA-A*01";1;"VTSIHSLLD";11
"HLA-A*01";1;"KWDATATEL";11
"HLA-A*01";1;"LDEGKQSLT";10
"HLA-A*01";1;"GIEAAASAI";8
"HLA-A*01";1;"ASAIQGNVT";7
"HLA-A*01";1;"TSIHSLLDE";7
"HLA-A*01";1;"LTKLAAAWG";7
"HLA-A*01";1;"ATATELNNA";7
"HLA-A*01";1;"RTISEAGQA";6
"HLA-A*01";1;"ASTEGNVTG";6
"HLA-A*01";1;"HSLLDEGKQ";5
"HLA-A*01";1;"DEGKQSLTK";4
"HLA-A*01";1;"QSLTKLAAA";4
"HLA-A*01";1;"GSGSEAYQG";4
"HLA-A*01";1;"NNALQNLAR";4
"HLA-A*01";1;"SAIQGNVTS";3
"HLA-A*01";1;"SIHSLLDEG";3
"HLA-A*01";1;"KQSLTKLAA";3
"HLA-A*01";1;"SLTKLAAAW";3
"HLA-A*01";1;"EAYQGVQQK";3
"HLA-A*01";1;"DATATELNN";3
"HLA-A*01";1;"TELNNALQN";3
"HLA-A*01";1;"LNNALQNLA";3
"HLA-A*01";1;"ALQNLARTI";3
"HLA-A*01";1;"EQQWNFAGI";2
"HLA-A*01";1;"AIQGNVTSI";2
"HLA-A*01";1;"SLLDEGKQS";2
"HLA-A*01";1;"EGKQSLTKL";2
"HLA-A*01";1;"GKQSLTKLA";2
"HLA-A*01";1;"AAAWGGSGS";2
"HLA-A*01";1;"AAWGGSGSE";2
"HLA-A*01";1;"AWGGSGSEA";2
"HLA-A*01";1;"SEAYQGVQQ";2
"HLA-A*01";1;"AYQGVQQKW";2
"HLA-A*01";1;"YQGVQQKWD";2
"HLA-A*01";1;"QGVQQKWDA";2
"HLA-A*01";1;"NALQNLART";2
"HLA-A*01";1;"LQNLARTIS";2
"HLA-A*01";1;"NLARTISEA";2
"HLA-A*01";1;"SEAGQAMAS";2
"HLA-A*01";1;"TEQQWNFAG";1
"HLA-A*01";1;"QWNFAGIEA";1
"HLA-A*01";1;"WNFAGIEAA";1
"HLA-A*01";1;"AGIEAAASA";1
"HLA-A*01";1;"AAASAIQGN";1
"HLA-A*01";1;"AASAIQGNV";1
"HLA-A*01";1;"NVTSIHSLL";1
"HLA-A*01";1;"IHSLLDEGK";1
"HLA-A*01";1;"KLAAAWGGS";1
"HLA-A*01";1;"LAAAWGGSG";1
"HLA-A*01";1;"SGSEAYQGV";1
"HLA-A*01";1;"GVQQKWDAT";1
"HLA-A*01";1;"VQQKWDATA";1
"HLA-A*01";1;"WDATATELN";1
"HLA-A*01";1;"TATELNNAL";1
"HLA-A*01";1;"ELNNALQNL";1
"HLA-A*01";1;"LARTISEAG";1
"HLA-A*01";1;"ARTISEAGQ";1
"HLA-A*01";1;"EAGQAMAST";1
"HLA-A*01";1;"AGQAMASTE";1
"HLA-A*01";1;"GQAMASTEG";1
"HLA-A*01";1;"AMASTEGNV";1
"HLA-A*01";1;"MASTEGNVT";1
"HLA-A*01";1;"QQWNFAGIE";0
"HLA-A*01";1;"NFAGIEAAA";0
"HLA-A*01";1;"FAGIEAAAS";0
"HLA-A*01";1;"IEAAASAIQ";0
"HLA-A*01";1;"EAAASAIQG";0
"HLA-A*01";1;"IQGNVTSIH";0
"HLA-A*01";1;"QGNVTSIHS";0
"HLA-A*01";1;"GNVTSIHSL";0
"HLA-A*01";1;"TKLAAAWGG";0
"HLA-A*01";1;"GGSGSEAYQ";0
"HLA-A*01";1;"QQKWDATAT";0
"HLA-A*01";1;"QKWDATATE";0
"HLA-A*01";1;"QNLARTISE";0
"HLA-A*01";1;"TISEAGQAM";0
"HLA-A*01";1;"QAMASTEGN";0
"HLA-A*01";1;"TEGNVTGMF";0
"HLA-A*01";1;"EGNVTGMFA";0
"HLA-A*02:01";1;"LLDEGKQSL";28
"HLA-A*02:01";1;"AIQGNVTSI";26
"HLA-A*02:01";1;"ALQNLARTI";23
"HLA-A*02:01";1;"ELNNALQNL";22
"HLA-A*02:01";1;"NLARTISEA";22
"HLA-A*02:01";1;"AMASTEGNV";22
"HLA-A*02:01";1;"GNVTSIHSL";18
"HLA-A*02:01";1;"TATELNNAL";18
"HLA-A*02:01";1;"GIEAAASAI";17
"HLA-A*02:01";1;"SIHSLLDEG";17
"HLA-A*02:01";1;"ATATELNNA";17
"HLA-A*02:01";1;"AASAIQGNV";16
"HLA-A*02:01";1;"NALQNLART";16
"HLA-A*02:01";1;"STEGNVTGM";16
"HLA-A*02:01";1;"SLTKLAAAW";15
"HLA-A*02:01";1;"SGSEAYQGV";15
"HLA-A*02:01";1;"TISEAGQAM";15
"HLA-A*02:01";1;"AGIEAAASA";14
"HLA-A*02:01";1;"SAIQGNVTS";14
"HLA-A*02:01";1;"SLLDEGKQS";14
"HLA-A*02:01";1;"QSLTKLAAA";14
"HLA-A*02:01";1;"KLAAAWGGS";14
"HLA-A*02:01";1;"AAASAIQGN";13
"HLA-A*02:01";1;"NVTSIHSLL";13
"HLA-A*02:01";1;"AAWGGSGSE";13
"HLA-A*02:01";1;"KWDATATEL";13
"HLA-A*02:01";1;"WNFAGIEAA";12
"HLA-A*02:01";1;"EGKQSLTKL";12
"HLA-A*02:01";1;"NFAGIEAAA";11
"HLA-A*02:01";1;"AAAWGGSGS";11
"HLA-A*02:01";1;"GVQQKWDAT";11
"HLA-A*02:01";1;"LAAAWGGSG";10
"HLA-A*02:01";1;"AWGGSGSEA";10
"HLA-A*02:01";1;"RTISEAGQA";10
"HLA-A*02:01";1;"ASAIQGNVT";9
"HLA-A*02:01";1;"VQQKWDATA";9
"HLA-A*02:01";1;"LNNALQNLA";9
"HLA-A*02:01";1;"ISEAGQAMA";9
"HLA-A*02:01";1;"EAGQAMAST";9
"HLA-A*02:01";1;"MASTEGNVT";9
"HLA-A*02:01";1;"ASTEGNVTG";9
"HLA-A*02:01";1;"MTEQQWNFA";8
"HLA-A*02:01";1;"EQQWNFAGI";8
"HLA-A*02:01";1;"FAGIEAAAS";8
"HLA-A*02:01";1;"LDEGKQSLT";8
"HLA-A*02:01";1;"EAYQGVQQK";8
"HLA-A*02:01";1;"QKWDATATE";8
"HLA-A*02:01";1;"QAMASTEGN";8
"HLA-A*02:01";1;"TSIHSLLDE";7
"HLA-A*02:01";1;"GKQSLTKLA";7
"HLA-A*02:01";1;"KQSLTKLAA";7
"HLA-A*02:01";1;"LTKLAAAWG";7
"HLA-A*02:01";1;"ATELNNALQ";7
"HLA-A*02:01";1;"LARTISEAG";7
"HLA-A*02:01";1;"SEAGQAMAS";7
"HLA-A*02:01";1;"QWNFAGIEA";6
"HLA-A*02:01";1;"IEAAASAIQ";6
"HLA-A*02:01";1;"VTSIHSLLD";6
"HLA-A*02:01";1;"AYQGVQQKW";6
"HLA-A*02:01";1;"QNLARTISE";6
"HLA-A*02:01";1;"GGSGSEAYQ";5
"HLA-A*02:01";1;"SEAYQGVQQ";5
"HLA-A*02:01";1;"GQAMASTEG";5
"HLA-A*02:01";1;"IQGNVTSIH";4
"HLA-A*02:01";1;"IHSLLDEGK";4
"HLA-A*02:01";1;"HSLLDEGKQ";4
"HLA-A*02:01";1;"QGVQQKWDA";4
"HLA-A*02:01";1;"QQKWDATAT";4
"HLA-A*02:01";1;"WDATATELN";4
"HLA-A*02:01";1;"NNALQNLAR";4
"HLA-A*02:01";1;"ARTISEAGQ";4
"HLA-A*02:01";1;"AGQAMASTE";4
"HLA-A*02:01";1;"EAAASAIQG";3
"HLA-A*02:01";1;"TKLAAAWGG";3
"HLA-A*02:01";1;"WGGSGSEAY";3
"HLA-A*02:01";1;"DATATELNN";3
"HLA-A*02:01";1;"TELNNALQN";3
"HLA-A*02:01";1;"LQNLARTIS";3
"HLA-A*02:01";1;"QQWNFAGIE";2
"HLA-A*02:01";1;"DEGKQSLTK";2
"HLA-A*02:01";1;"GSGSEAYQG";2
"HLA-A*02:01";1;"TEGNVTGMF";2
"HLA-A*02:01";1;"EGNVTGMFA";2
"HLA-A*02:01";1;"TEQQWNFAG";1
"HLA-A*02:01";1;"QGNVTSIHS";1
"HLA-A*02:01";1;"GSEAYQGVQ";1
"HLA-A*02:01";1;"YQGVQQKWD";1
"HLA-A*03";1;"ALQNLARTI";21
"HLA-A*03";1;"SLLDEGKQS";20
"HLA-A*03";1;"EAYQGVQQK";19
"HLA-A*03";1;"SLTKLAAAW";18
"HLA-A*03";1;"GIEAAASAI";17
"HLA-A*03";1;"DEGKQSLTK";17
"HLA-A*03";1;"KLAAAWGGS";17
"HLA-A*03";1;"NLARTISEA";17
"HLA-A*03";1;"AIQGNVTSI";16
"HLA-A*03";1;"AGIEAAASA";15
"HLA-A*03";1;"LLDEGKQSL";15
"HLA-A*03";1;"AGQAMASTE";15
"HLA-A*03";1;"SAIQGNVTS";14
"HLA-A*03";1;"RTISEAGQA";14
"HLA-A*03";1;"ASTEGNVTG";14
"HLA-A*03";1;"NVTSIHSLL";13
"HLA-A*03";1;"IHSLLDEGK";13
"HLA-A*03";1;"TISEAGQAM";13
"HLA-A*03";1;"ASAIQGNVT";12
"HLA-A*03";1;"AAAWGGSGS";12
"HLA-A*03";1;"SEAYQGVQQ";12
"HLA-A*03";1;"GVQQKWDAT";12
"HLA-A*03";1;"TELNNALQN";12
"HLA-A*03";1;"IQGNVTSIH";11
"HLA-A*03";1;"AWGGSGSEA";11
"HLA-A*03";1;"ELNNALQNL";11
"HLA-A*03";1;"AAWGGSGSE";10
"HLA-A*03";1;"QKWDATATE";10
"HLA-A*03";1;"NNALQNLAR";10
"HLA-A*03";1;"QNLARTISE";10
"HLA-A*03";1;"ISEAGQAMA";10
"HLA-A*03";1;"EAAASAIQG";9
"HLA-A*03";1;"SIHSLLDEG";9
"HLA-A*03";1;"QSLTKLAAA";9
"HLA-A*03";1;"LTKLAAAWG";9
"HLA-A*03";1;"LAAAWGGSG";9
"HLA-A*03";1;"WGGSGSEAY";9
"HLA-A*03";1;"KWDATATEL";9
"HLA-A*03";1;"SEAGQAMAS";9
"HLA-A*03";1;"FAGIEAAAS";8
"HLA-A*03";1;"IEAAASAIQ";8
"HLA-A*03";1;"KQSLTKLAA";8
"HLA-A*03";1;"QQKWDATAT";8
"HLA-A*03";1;"TEGNVTGMF";8
"HLA-A*03";1;"QQWNFAGIE";7
"HLA-A*03";1;"NFAGIEAAA";7
"HLA-A*03";1;"TKLAAAWGG";7
"HLA-A*03";1;"GSEAYQGVQ";7
"HLA-A*03";1;"VQQKWDATA";7
"HLA-A*03";1;"ATELNNALQ";7
"HLA-A*03";1;"ARTISEAGQ";7
"HLA-A*03";1;"MASTEGNVT";7
"HLA-A*03";1;"AASAIQGNV";6
"HLA-A*03";1;"TSIHSLLDE";6
"HLA-A*03";1;"LDEGKQSLT";6
"HLA-A*03";1;"GSGSEAYQG";6
"HLA-A*03";1;"AYQGVQQKW";6
"HLA-A*03";1;"QWNFAGIEA";5
"HLA-A*03";1;"WNFAGIEAA";5
"HLA-A*03";1;"GGSGSEAYQ";5
"HLA-A*03";1;"DATATELNN";5
"HLA-A*03";1;"NALQNLART";5
"HLA-A*03";1;"EAGQAMAST";5
"HLA-A*03";1;"AMASTEGNV";5
"HLA-A*03";1;"AAASAIQGN";4
"HLA-A*03";1;"VTSIHSLLD";4
"HLA-A*03";1;"HSLLDEGKQ";4
"HLA-A*03";1;"ATATELNNA";4
"HLA-A*03";1;"LARTISEAG";4
"HLA-A*03";1;"QAMASTEGN";4
"HLA-A*03";1;"STEGNVTGM";4
"HLA-A*03";1;"EGNVTGMFA";4
"HLA-A*03";1;"EQQWNFAGI";3
"HLA-A*03";1;"LQNLARTIS";3
"HLA-A*03";1;"QGNVTSIHS";2
"HLA-A*03";1;"GNVTSIHSL";2
"HLA-A*03";1;"EGKQSLTKL";2
"HLA-A*03";1;"SGSEAYQGV";2
"HLA-A*03";1;"QGVQQKWDA";2
"HLA-A*03";1;"TATELNNAL";2
"HLA-A*03";1;"LNNALQNLA";2
"HLA-A*03";1;"GQAMASTEG";2
"HLA-A*03";1;"TEQQWNFAG";1
"HLA-A*03";1;"YQGVQQKWD";1
"HLA-A*03";1;"WDATATELN";1
"HLA-A*03";1;"MTEQQWNFA";0
"HLA-A*03";1;"GKQSLTKLA";0
"HLA-A*11:01";1;"ASTEGNVTG";17
"HLA-A*11:01";1;"VTSIHSLLD";16
"HLA-A*11:01";1;"ASAIQGNVT";15
"HLA-A*11:01";1;"TSIHSLLDE";15
"HLA-A*11:01";1;"GSGSEAYQG";15
"HLA-A*11:01";1;"GSEAYQGVQ";15
"HLA-A*11:01";1;"ATATELNNA";15
"HLA-A*11:01";1;"ATELNNALQ";15
"HLA-A*11:01";1;"STEGNVTGM";15
"HLA-A*11:01";1;"DEGKQSLTK";14
"HLA-A*11:01";1;"NVTSIHSLL";13
"HLA-A*11:01";1;"GVQQKWDAT";13
"HLA-A*11:01";1;"NNALQNLAR";13
"HLA-A*11:01";1;"RTISEAGQA";13
"HLA-A*11:01";1;"SLLDEGKQS";12
"HLA-A*11:01";1;"QSLTKLAAA";12
"HLA-A*11:01";1;"GIEAAASAI";11
"HLA-A*11:01";1;"AIQGNVTSI";11
"HLA-A*11:01";1;"SIHSLLDEG";11
"HLA-A*11:01";1;"HSLLDEGKQ";11
"HLA-A*11:01";1;"LTKLAAAWG";11
"HLA-A*11:01";1;"EAYQGVQQK";11
"HLA-A*11:01";1;"ISEAGQAMA";11
"HLA-A*11:01";1;"AMASTEGNV";11
"HLA-A*11:01";1;"MTEQQWNFA";10
"HLA-A*11:01";1;"IHSLLDEGK";10
"HLA-A*11:01";1;"SLTKLAAAW";10
"HLA-A*11:01";1;"ALQNLARTI";10
"HLA-A*11:01";1;"NLARTISEA";9
"HLA-A*11:01";1;"SAIQGNVTS";8
"HLA-A*11:01";1;"KLAAAWGGS";8
"HLA-A*11:01";1;"SEAYQGVQQ";8
"HLA-A*11:01";1;"EAAASAIQG";7
"HLA-A*11:01";1;"AAASAIQGN";6
"HLA-A*11:01";1;"LLDEGKQSL";6
"HLA-A*11:01";1;"GKQSLTKLA";6
"HLA-A*11:01";1;"TELNNALQN";6
"HLA-A*11:01";1;"ELNNALQNL";6
"HLA-A*11:01";1;"QNLARTISE";6
"HLA-A*11:01";1;"TISEAGQAM";6
"HLA-A*11:01";1;"SEAGQAMAS";6
"HLA-A*11:01";1;"QWNFAGIEA";5
"HLA-A*11:01";1;"AGIEAAASA";5
"HLA-A*11:01";1;"QGNVTSIHS";5
"HLA-A*11:01";1;"GNVTSIHSL";5
"HLA-A*11:01";1;"AWGGSGSEA";5
"HLA-A*11:01";1;"DATATELNN";5
"HLA-A*11:01";1;"AGQAMASTE";5
"HLA-A*11:01";1;"GQAMASTEG";5
"HLA-A*11:01";1;"AASAIQGNV";4
"HLA-A*11:01";1;"KQSLTKLAA";4
"HLA-A*11:01";1;"AAAWGGSGS";4
"HLA-A*11:01";1;"AAWGGSGSE";4
"HLA-A*11:01";1;"GGSGSEAYQ";4
"HLA-A*11:01";1;"AYQGVQQKW";4
"HLA-A*11:01";1;"WDATATELN";4
"HLA-A*11:01";1;"WNFAGIEAA";3
"HLA-A*11:01";1;"LDEGKQSLT";3
"HLA-A*11:01";1;"TKLAAAWGG";3
"HLA-A*11:01";1;"SGSEAYQGV";3
"HLA-A*11:01";1;"KWDATATEL";3
"HLA-A*11:01";1;"LNNALQNLA";3
"HLA-A*11:01";1;"ARTISEAGQ";3
"HLA-A*11:01";1;"QQWNFAGIE";2
"HLA-A*11:01";1;"NFAGIEAAA";2
"HLA-A*11:01";1;"IEAAASAIQ";2
"HLA-A*11:01";1;"LAAAWGGSG";2
"HLA-A*11:01";1;"QKWDATATE";2
"HLA-A*11:01";1;"MASTEGNVT";2
"HLA-A*11:01";1;"EQQWNFAGI";1
"HLA-A*11:01";1;"FAGIEAAAS";1
"HLA-A*11:01";1;"WGGSGSEAY";1
"HLA-A*11:01";1;"YQGVQQKWD";1
"HLA-A*11:01";1;"QQKWDATAT";1
"HLA-A*11:01";1;"NALQNLART";1
"HLA-A*11:01";1;"LARTISEAG";1
"HLA-A*11:01";1;"QAMASTEGN";1
"HLA-A*11:01";1;"EGNVTGMFA";1
"HLA-A*11:01";1;"TEQQWNFAG";0
"HLA-A*11:01";1;"IQGNVTSIH";0
"HLA-A*11:01";1;"EGKQSLTKL";0
"HLA-A*11:01";1;"QGVQQKWDA";0
"HLA-A*11:01";1;"VQQKWDATA";0
"HLA-A*11:01";1;"TATELNNAL";0
"HLA-A*11:01";1;"LQNLARTIS";0
"HLA-A*11:01";1;"EAGQAMAST";0
"HLA-A*11:01";1;"TEGNVTGMF";0
"HLA-A*24:02";1;"NVTSIHSLL";14
"HLA-A*24:02";1;"AYQGVQQKW";13
"HLA-A*24:02";1;"TATELNNAL";13
"HLA-A*24:02";1;"LLDEGKQSL";12
"HLA-A*24:02";1;"TEGNVTGMF";12
"HLA-A*24:02";1;"EQQWNFAGI";11
"HLA-A*24:02";1;"AIQGNVTSI";11
"HLA-A*24:02";1;"GNVTSIHSL";11
"HLA-A*24:02";1;"EGKQSLTKL";11
"HLA-A*24:02";1;"KWDATATEL";11
"HLA-A*24:02";1;"GIEAAASAI";10
"HLA-A*24:02";1;"ELNNALQNL";10
"HLA-A*24:02";1;"ALQNLARTI";10
"HLA-A*24:02";1;"NFAGIEAAA";7
"HLA-A*24:02";1;"VTSIHSLLD";5
"HLA-A*24:02";1;"AGIEAAASA";4
"HLA-A*24:02";1;"HSLLDEGKQ";4
"HLA-A*24:02";1;"TSIHSLLDE";3
"HLA-A*24:02";1;"SLLDEGKQS";3
"HLA-A*24:02";1;"LDEGKQSLT";3
"HLA-A*24:02";1;"QSLTKLAAA";3
"HLA-A*24:02";1;"TKLAAAWGG";3
"HLA-A*24:02";1;"VQQKWDATA";3
"HLA-A*24:02";1;"WDATATELN";3
"HLA-A*24:02";1;"TELNNALQN";3
"HLA-A*24:02";1;"QNLARTISE";3
"HLA-A*24:02";1;"TISEAGQAM";3
"HLA-A*24:02";1;"TEQQWNFAG";2
"HLA-A*24:02";1;"WNFAGIEAA";2
"HLA-A*24:02";1;"SAIQGNVTS";2
"HLA-A*24:02";1;"GKQSLTKLA";2
"HLA-A*24:02";1;"SGSEAYQGV";2
"HLA-A*24:02";1;"ATELNNALQ";2
"HLA-A*24:02";1;"LNNALQNLA";2
"HLA-A*24:02";1;"NALQNLART";2
"HLA-A*24:02";1;"RTISEAGQA";2
"HLA-A*24:02";1;"ASTEGNVTG";2
"HLA-A*24:02";1;"AAASAIQGN";1
"HLA-A*24:02";1;"AASAIQGNV";1
"HLA-A*24:02";1;"IQGNVTSIH";1
"HLA-A*24:02";1;"QGNVTSIHS";1
"HLA-A*24:02";1;"IHSLLDEGK";1
"HLA-A*24:02";1;"DEGKQSLTK";1
"HLA-A*24:02";1;"KQSLTKLAA";1
"HLA-A*24:02";1;"SLTKLAAAW";1
"HLA-A*24:02";1;"KLAAAWGGS";1
"HLA-A*24:02";1;"WGGSGSEAY";1
"HLA-A*24:02";1;"EAYQGVQQK";1
"HLA-A*24:02";1;"GVQQKWDAT";1
"HLA-A*24:02";1;"QKWDATATE";1
"HLA-A*24:02";1;"NLARTISEA";1
"HLA-A*24:02";1;"LARTISEAG";1
"HLA-A*24:02";1;"QAMASTEGN";1
"HLA-A*24:02";1;"STEGNVTGM";1
"HLA-A*24:02";1;"MTEQQWNFA";0
"HLA-A*24:02";1;"QQWNFAGIE";0
"HLA-A*24:02";1;"QWNFAGIEA";0
"HLA-A*24:02";1;"FAGIEAAAS";0
"HLA-A*24:02";1;"IEAAASAIQ";0
"HLA-A*24:02";1;"EAAASAIQG";0
"HLA-A*24:02";1;"ASAIQGNVT";0
"HLA-A*24:02";1;"LAAAWGGSG";0
"HLA-A*24:02";1;"AAAWGGSGS";0
"HLA-A*24:02";1;"AAWGGSGSE";0
"HLA-A*24:02";1;"AWGGSGSEA";0
"HLA-A*24:02";1;"GGSGSEAYQ";0
"HLA-A*24:02";1;"GSGSEAYQG";0
"HLA-A*24:02";1;"GSEAYQGVQ";0
"HLA-A*24:02";1;"SEAYQGVQQ";0
"HLA-A*24:02";1;"YQGVQQKWD";0
"HLA-A*24:02";1;"QGVQQKWDA";0
"HLA-A*24:02";1;"DATATELNN";0
"HLA-A*24:02";1;"ATATELNNA";0
"HLA-A*24:02";1;"NNALQNLAR";0
"HLA-A*24:02";1;"LQNLARTIS";0
"HLA-A*24:02";1;"ARTISEAGQ";0
"HLA-A*24:02";1;"ISEAGQAMA";0
"HLA-A*24:02";1;"SEAGQAMAS";0
"HLA-A*24:02";1;"EAGQAMAST";0
"HLA-A*24:02";1;"AGQAMASTE";0
"HLA-A*24:02";1;"GQAMASTEG";0
"HLA-A*24:02";1;"AMASTEGNV";0
"HLA-A*24:02";1;"MASTEGNVT";0
"HLA-A*24:02";1;"EGNVTGMFA";0
"HLA-A*24:02";1;"SIHSLLDEG";-1
"HLA-A*24:02";1;"LTKLAAAWG";-1
"HLA-A*24:02";1;"QQKWDATAT";-1
"HLA-A*26";1;"NVTSIHSLL";23
"HLA-A*26";1;"EGKQSLTKL";23
"HLA-A*26";1;"ELNNALQNL";22
"HLA-A*26";1;"GNVTSIHSL";17
"HLA-A*26";1;"EAYQGVQQK";15
"HLA-A*26";1;"RTISEAGQA";15
"HLA-A*26";1;"TATELNNAL";14
"HLA-A*26";1;"STEGNVTGM";14
"HLA-A*26";1;"EAAASAIQG";12
"HLA-A*26";1;"WGGSGSEAY";12
"HLA-A*26";1;"GVQQKWDAT";12
"HLA-A*26";1;"ATATELNNA";12
"HLA-A*26";1;"EQQWNFAGI";11
"HLA-A*26";1;"SIHSLLDEG";11
"HLA-A*26";1;"LLDEGKQSL";11
"HLA-A*26";1;"EAGQAMAST";11
"HLA-A*26";1;"TEGNVTGMF";11
"HLA-A*26";1;"EGNVTGMFA";11
"HLA-A*26";1;"AIQGNVTSI";10
"HLA-A*26";1;"TSIHSLLDE";10
"HLA-A*26";1;"DEGKQSLTK";10
"HLA-A*26";1;"DATATELNN";10
"HLA-A*26";1;"WNFAGIEAA";9
"HLA-A*26";1;"VTSIHSLLD";9
"HLA-A*26";1;"ATELNNALQ";9
"HLA-A*26";1;"TISEAGQAM";9
"HLA-A*26";1;"MTEQQWNFA";8
"HLA-A*26";1;"LTKLAAAWG";8
"HLA-A*26";1;"KWDATATEL";8
"HLA-A*26";1;"AGIEAAASA";7
"HLA-A*26";1;"GIEAAASAI";6
"HLA-A*26";1;"SAIQGNVTS";6
"HLA-A*26";1;"QSLTKLAAA";6
"HLA-A*26";1;"AAASAIQGN";5
"HLA-A*26";1;"NALQNLART";5
"HLA-A*26";1;"NLARTISEA";5
"HLA-A*26";1;"SLLDEGKQS";4
"HLA-A*26";1;"SLTKLAAAW";4
"HLA-A*26";1;"QGVQQKWDA";4
"HLA-A*26";1;"TELNNALQN";4
"HLA-A*26";1;"ASTEGNVTG";4
"HLA-A*26";1;"NFAGIEAAA";3
"HLA-A*26";1;"AASAIQGNV";3
"HLA-A*26";1;"LAAAWGGSG";3
"HLA-A*26";1;"SGSEAYQGV";3
"HLA-A*26";1;"SEAYQGVQQ";3
"HLA-A*26";1;"LARTISEAG";3
"HLA-A*26";1;"TEQQWNFAG";2
"HLA-A*26";1;"QWNFAGIEA";2
"HLA-A*26";1;"HSLLDEGKQ";2
"HLA-A*26";1;"LDEGKQSLT";2
"HLA-A*26";1;"GKQSLTKLA";2
"HLA-A*26";1;"KQSLTKLAA";2
"HLA-A*26";1;"AAAWGGSGS";2
"HLA-A*26";1;"AAWGGSGSE";2
"HLA-A*26";1;"AWGGSGSEA";2
"HLA-A*26";1;"GSGSEAYQG";2
"HLA-A*26";1;"QKWDATATE";2
"HLA-A*26";1;"NNALQNLAR";2
"HLA-A*26";1;"ALQNLARTI";2
"HLA-A*26";1;"QNLARTISE";2
"HLA-A*26";1;"SEAGQAMAS";2
"HLA-A*26";1;"AGQAMASTE";2
"HLA-A*26";1;"AMASTEGNV";2
"HLA-A*26";1;"QQWNFAGIE";1
"HLA-A*26";1;"FAGIEAAAS";1
"HLA-A*26";1;"ASAIQGNVT";1
"HLA-A*26";1;"IQGNVTSIH";1
"HLA-A*26";1;"QGNVTSIHS";1
"HLA-A*26";1;"IHSLLDEGK";1
"HLA-A*26";1;"TKLAAAWGG";1
"HLA-A*26";1;"KLAAAWGGS";1
"HLA-A*26";1;"GSEAYQGVQ";1
"HLA-A*26";1;"AYQGVQQKW";1
"HLA-A*26";1;"VQQKWDATA";1
"HLA-A*26";1;"QQKWDATAT";1
"HLA-A*26";1;"LNNALQNLA";1
"HLA-A*26";1;"ARTISEAGQ";1
"HLA-A*26";1;"ISEAGQAMA";1
"HLA-A*26";1;"MASTEGNVT";1
"HLA-A*26";1;"IEAAASAIQ";0
"HLA-A*26";1;"GGSGSEAYQ";0
"HLA-A*26";1;"YQGVQQKWD";0
"HLA-A*26";1;"WDATATELN";0
"HLA-A*26";1;"LQNLARTIS";0
"HLA-A*26";1;"GQAMASTEG";0
"HLA-A*26";1;"QAMASTEGN";0
"HLA-A*68:01 ";1;"EAYQGVQQK";23
"HLA-A*68:01 ";1;"EAAASAIQG";16
"HLA-A*68:01 ";1;"STEGNVTGM";15
"HLA-A*68:01 ";1;"AIQGNVTSI";14
"HLA-A*68:01 ";1;"NALQNLART";14
"HLA-A*68:01 ";1;"EAGQAMAST";14
"HLA-A*68:01 ";1;"ATATELNNA";13
"HLA-A*68:01 ";1;"DEGKQSLTK";12
"HLA-A*68:01 ";1;"EGKQSLTKL";12
"HLA-A*68:01 ";1;"QSLTKLAAA";12
"HLA-A*68:01 ";1;"ELNNALQNL";12
"HLA-A*68:01 ";1;"AAASAIQGN";11
"HLA-A*68:01 ";1;"SAIQGNVTS";11
"HLA-A*68:01 ";1;"LTKLAAAWG";11
"HLA-A*68:01 ";1;"ATELNNALQ";11
"HLA-A*68:01 ";1;"NNALQNLAR";11
"HLA-A*68:01 ";1;"NVTSIHSLL";10
"HLA-A*68:01 ";1;"TSIHSLLDE";10
"HLA-A*68:01 ";1;"DATATELNN";10
"HLA-A*68:01 ";1;"FAGIEAAAS";9
"HLA-A*68:01 ";1;"SIHSLLDEG";9
"HLA-A*68:01 ";1;"NLARTISEA";9
"HLA-A*68:01 ";1;"RTISEAGQA";9
"HLA-A*68:01 ";1;"EQQWNFAGI";8
"HLA-A*68:01 ";1;"AASAIQGNV";8
"HLA-A*68:01 ";1;"VTSIHSLLD";8
"HLA-A*68:01 ";1;"IHSLLDEGK";8
"HLA-A*68:01 ";1;"SLTKLAAAW";8
"HLA-A*68:01 ";1;"GVQQKWDAT";8
"HLA-A*68:01 ";1;"ASTEGNVTG";8
"HLA-A*68:01 ";1;"MTEQQWNFA";7
"HLA-A*68:01 ";1;"NFAGIEAAA";7
"HLA-A*68:01 ";1;"LAAAWGGSG";7
"HLA-A*68:01 ";1;"AAAWGGSGS";7
"HLA-A*68:01 ";1;"TATELNNAL";7
"HLA-A*68:01 ";1;"LARTISEAG";7
"HLA-A*68:01 ";1;"TISEAGQAM";7
"HLA-A*68:01 ";1;"ISEAGQAMA";7
"HLA-A*68:01 ";1;"SLLDEGKQS";6
"HLA-A*68:01 ";1;"AAWGGSGSE";6
"HLA-A*68:01 ";1;"SEAYQGVQQ";6
"HLA-A*68:01 ";1;"QAMASTEGN";6
"HLA-A*68:01 ";1;"MASTEGNVT";6
"HLA-A*68:01 ";1;"AGIEAAASA";5
"HLA-A*68:01 ";1;"GIEAAASAI";5
"HLA-A*68:01 ";1;"IEAAASAIQ";5
"HLA-A*68:01 ";1;"ASAIQGNVT";5
"HLA-A*68:01 ";1;"QGNVTSIHS";5
"HLA-A*68:01 ";1;"GSGSEAYQG";5
"HLA-A*68:01 ";1;"QKWDATATE";5
"HLA-A*68:01 ";1;"GQAMASTEG";5
"HLA-A*68:01 ";1;"QWNFAGIEA";4
"HLA-A*68:01 ";1;"GNVTSIHSL";4
"HLA-A*68:01 ";1;"HSLLDEGKQ";4
"HLA-A*68:01 ";1;"KLAAAWGGS";4
"HLA-A*68:01 ";1;"GGSGSEAYQ";4
"HLA-A*68:01 ";1;"VQQKWDATA";4
"HLA-A*68:01 ";1;"ALQNLARTI";4
"HLA-A*68:01 ";1;"LQNLARTIS";4
"HLA-A*68:01 ";1;"QNLARTISE";4
"HLA-A*68:01 ";1;"ARTISEAGQ";4
"HLA-A*68:01 ";1;"EGNVTGMFA";4
"HLA-A*68:01 ";1;"WNFAGIEAA";3
"HLA-A*68:01 ";1;"LLDEGKQSL";3
"HLA-A*68:01 ";1;"GSEAYQGVQ";3
"HLA-A*68:01 ";1;"QQKWDATAT";3
"HLA-A*68:01 ";1;"KWDATATEL";2
"HLA-A*68:01 ";1;"TELNNALQN";2
"HLA-A*68:01 ";1;"TEQQWNFAG";1
"HLA-A*68:01 ";1;"TKLAAAWGG";1
"HLA-A*68:01 ";1;"AYQGVQQKW";1
"HLA-A*68:01 ";1;"SEAGQAMAS";1
"HLA-A*68:01 ";1;"AMASTEGNV";1
"HLA-A*68:01 ";1;"TEGNVTGMF";1
"HLA-A*68:01 ";1;"QQWNFAGIE";0
"HLA-A*68:01 ";1;"IQGNVTSIH";0
"HLA-A*68:01 ";1;"GKQSLTKLA";0
"HLA-A*68:01 ";1;"AWGGSGSEA";0
"HLA-A*68:01 ";1;"SGSEAYQGV";0
"HLA-A*68:01 ";1;"QGVQQKWDA";0
"HLA-A*68:01 ";1;"WDATATELN";0
"HLA-A*68:01 ";1;"LNNALQNLA";0
"HLA-A*68:01 ";1;"AGQAMASTE";0
"HLA-A*68:01 ";1;"LDEGKQSLT";-1
"HLA-A*68:01 ";1;"KQSLTKLAA";-1
"HLA-A*68:01 ";1;"WGGSGSEAY";-1
"HLA-A*68:01 ";1;"YQGVQQKWD";-1
"HLA-B*07:02";1;"KWDATATEL";14
"HLA-B*07:02";1;"AIQGNVTSI";12
"HLA-B*07:02";1;"EGKQSLTKL";12
"HLA-B*07:02";1;"KQSLTKLAA";12
"HLA-B*07:02";1;"AWGGSGSEA";12
"HLA-B*07:02";1;"NFAGIEAAA";11
"HLA-B*07:02";1;"AASAIQGNV";11
"HLA-B*07:02";1;"ASAIQGNVT";11
"HLA-B*07:02";1;"LLDEGKQSL";11
"HLA-B*07:02";1;"TATELNNAL";11
"HLA-B*07:02";1;"ELNNALQNL";11
"HLA-B*07:02";1;"GNVTSIHSL";10
"HLA-B*07:02";1;"NVTSIHSLL";10
"HLA-B*07:02";1;"TISEAGQAM";10
"HLA-B*07:02";1;"MASTEGNVT";10
"HLA-B*07:02";1;"STEGNVTGM";10
"HLA-B*07:02";1;"EQQWNFAGI";9
"HLA-B*07:02";1;"AGIEAAASA";9
"HLA-B*07:02";1;"ATATELNNA";9
"HLA-B*07:02";1;"ISEAGQAMA";9
"HLA-B*07:02";1;"EAGQAMAST";9
"HLA-B*07:02";1;"AMASTEGNV";9
"HLA-B*07:02";1;"EGNVTGMFA";9
"HLA-B*07:02";1;"WNFAGIEAA";8
"HLA-B*07:02";1;"GIEAAASAI";8
"HLA-B*07:02";1;"LDEGKQSLT";8
"HLA-B*07:02";1;"QSLTKLAAA";8
"HLA-B*07:02";1;"SGSEAYQGV";8
"HLA-B*07:02";1;"VQQKWDATA";8
"HLA-B*07:02";1;"QQKWDATAT";8
"HLA-B*07:02";1;"ALQNLARTI";8
"HLA-B*07:02";1;"TEGNVTGMF";8
"HLA-B*07:02";1;"MTEQQWNFA";7
"HLA-B*07:02";1;"QWNFAGIEA";7
"HLA-B*07:02";1;"GKQSLTKLA";7
"HLA-B*07:02";1;"GVQQKWDAT";7
"HLA-B*07:02";1;"LNNALQNLA";7
"HLA-B*07:02";1;"NALQNLART";7
"HLA-B*07:02";1;"NLARTISEA";7
"HLA-B*07:02";1;"RTISEAGQA";7
"HLA-B*07:02";1;"QGVQQKWDA";6
"HLA-B*07:02";1;"GGSGSEAYQ";5
"HLA-B*07:02";1;"IEAAASAIQ";4
"HLA-B*07:02";1;"VTSIHSLLD";4
"HLA-B*07:02";1;"DEGKQSLTK";4
"HLA-B*07:02";1;"AAAWGGSGS";4
"HLA-B*07:02";1;"AAWGGSGSE";4
"HLA-B*07:02";1;"SEAYQGVQQ";4
"HLA-B*07:02";1;"AYQGVQQKW";4
"HLA-B*07:02";1;"NNALQNLAR";4
"HLA-B*07:02";1;"SEAGQAMAS";4
"HLA-B*07:02";1;"ASTEGNVTG";4
"HLA-B*07:02";1;"FAGIEAAAS";3
"HLA-B*07:02";1;"EAAASAIQG";3
"HLA-B*07:02";1;"AAASAIQGN";3
"HLA-B*07:02";1;"IQGNVTSIH";3
"HLA-B*07:02";1;"IHSLLDEGK";3
"HLA-B*07:02";1;"SLTKLAAAW";3
"HLA-B*07:02";1;"KLAAAWGGS";3
"HLA-B*07:02";1;"LAAAWGGSG";3
"HLA-B*07:02";1;"DATATELNN";3
"HLA-B*07:02";1;"ATELNNALQ";3
"HLA-B*07:02";1;"LARTISEAG";3
"HLA-B*07:02";1;"ARTISEAGQ";3
"HLA-B*07:02";1;"AGQAMASTE";3
"HLA-B*07:02";1;"QAMASTEGN";3
"HLA-B*07:02";1;"SAIQGNVTS";2
"HLA-B*07:02";1;"TSIHSLLDE";2
"HLA-B*07:02";1;"WGGSGSEAY";2
"HLA-B*07:02";1;"GSEAYQGVQ";2
"HLA-B*07:02";1;"EAYQGVQQK";2
"HLA-B*07:02";1;"QKWDATATE";2
"HLA-B*07:02";1;"WDATATELN";2
"HLA-B*07:02";1;"TELNNALQN";2
"HLA-B*07:02";1;"LQNLARTIS";2
"HLA-B*07:02";1;"QNLARTISE";2
"HLA-B*07:02";1;"GQAMASTEG";2
"HLA-B*07:02";1;"TEQQWNFAG";1
"HLA-B*07:02";1;"SLLDEGKQS";1
"HLA-B*07:02";1;"LTKLAAAWG";1
"HLA-B*07:02";1;"TKLAAAWGG";1
"HLA-B*07:02";1;"GSGSEAYQG";1
"HLA-B*07:02";1;"YQGVQQKWD";1
"HLA-B*07:02";1;"QQWNFAGIE";0
"HLA-B*07:02";1;"QGNVTSIHS";0
"HLA-B*07:02";1;"SIHSLLDEG";0
"HLA-B*07:02";1;"HSLLDEGKQ";0
"HLA-B*08";1;"EGKQSLTKL";22
"HLA-B*08";1;"LLDEGKQSL";18
"HLA-B*08";1;"TATELNNAL";18
"HLA-B*08";1;"ELNNALQNL";18
"HLA-B*08";1;"GIEAAASAI";12
"HLA-B*08";1;"GNVTSIHSL";12
"HLA-B*08";1;"GVQQKWDAT";12
"HLA-B*08";1;"ALQNLARTI";12
"HLA-B*08";1;"AIQGNVTSI";11
"HLA-B*08";1;"QSLTKLAAA";11
"HLA-B*08";1;"LTKLAAAWG";11
"HLA-B*08";1;"QQKWDATAT";11
"HLA-B*08";1;"KWDATATEL";11
"HLA-B*08";1;"LARTISEAG";11
"HLA-B*08";1;"NVTSIHSLL";10
"HLA-B*08";1;"LDEGKQSLT";10
"HLA-B*08";1;"SLLDEGKQS";9
"HLA-B*08";1;"SLTKLAAAW";9
"HLA-B*08";1;"EQQWNFAGI";8
"HLA-B*08";1;"SAIQGNVTS";8
"HLA-B*08";1;"QNLARTISE";8
"HLA-B*08";1;"NLARTISEA";8
"HLA-B*08";1;"SIHSLLDEG";7
"HLA-B*08";1;"EAYQGVQQK";7
"HLA-B*08";1;"TISEAGQAM";7
"HLA-B*08";1;"FAGIEAAAS";6
"HLA-B*08";1;"EAAASAIQG";6
"HLA-B*08";1;"KLAAAWGGS";6
"HLA-B*08";1;"EAGQAMAST";6
"HLA-B*08";1;"TEGNVTGMF";6
"HLA-B*08";1;"AAASAIQGN";5
"HLA-B*08";1;"AASAIQGNV";4
"HLA-B*08";1;"LAAAWGGSG";4
"HLA-B*08";1;"AAAWGGSGS";4
"HLA-B*08";1;"AAWGGSGSE";4
"HLA-B*08";1;"SGSEAYQGV";4
"HLA-B*08";1;"SEAYQGVQQ";4
"HLA-B*08";1;"DATATELNN";4
"HLA-B*08";1;"NALQNLART";4
"HLA-B*08";1;"QAMASTEGN";4
"HLA-B*08";1;"MASTEGNVT";4
"HLA-B*08";1;"ASTEGNVTG";4
"HLA-B*08";1;"NNALQNLAR";3
"HLA-B*08";1;"SEAGQAMAS";3
"HLA-B*08";1;"STEGNVTGM";3
"HLA-B*08";1;"EGNVTGMFA";3
"HLA-B*08";1;"TEQQWNFAG";2
"HLA-B*08";1;"WNFAGIEAA";2
"HLA-B*08";1;"AGIEAAASA";2
"HLA-B*08";1;"IHSLLDEGK";2
"HLA-B*08";1;"HSLLDEGKQ";2
"HLA-B*08";1;"GKQSLTKLA";2
"HLA-B*08";1;"KQSLTKLAA";2
"HLA-B*08";1;"YQGVQQKWD";2
"HLA-B*08";1;"ATELNNALQ";2
"HLA-B*08";1;"GQAMASTEG";2
"HLA-B*08";1;"QWNFAGIEA";1
"HLA-B*08";1;"NFAGIEAAA";1
"HLA-B*08";1;"IEAAASAIQ";1
"HLA-B*08";1;"IQGNVTSIH";1
"HLA-B*08";1;"QGNVTSIHS";1
"HLA-B*08";1;"VTSIHSLLD";1
"HLA-B*08";1;"AWGGSGSEA";1
"HLA-B*08";1;"WGGSGSEAY";1
"HLA-B*08";1;"GGSGSEAYQ";1
"HLA-B*08";1;"GSGSEAYQG";1
"HLA-B*08";1;"GSEAYQGVQ";1
"HLA-B*08";1;"VQQKWDATA";1
"HLA-B*08";1;"LQNLARTIS";1
"HLA-B*08";1;"ISEAGQAMA";1
"HLA-B*08";1;"MTEQQWNFA";0
"HLA-B*08";1;"QQWNFAGIE";0
"HLA-B*08";1;"ASAIQGNVT";0
"HLA-B*08";1;"TSIHSLLDE";0
"HLA-B*08";1;"DEGKQSLTK";0
"HLA-B*08";1;"TKLAAAWGG";0
"HLA-B*08";1;"AYQGVQQKW";0
"HLA-B*08";1;"QGVQQKWDA";0
"HLA-B*08";1;"QKWDATATE";0
"HLA-B*08";1;"WDATATELN";0
"HLA-B*08";1;"ATATELNNA";0
"HLA-B*08";1;"TELNNALQN";0
"HLA-B*08";1;"LNNALQNLA";0
"HLA-B*08";1;"ARTISEAGQ";0
"HLA-B*08";1;"RTISEAGQA";0
"HLA-B*08";1;"AGQAMASTE";0
"HLA-B*08";1;"AMASTEGNV";0
"HLA-B*14:02";1;"NVTSIHSLL";13
"HLA-B*14:02";1;"LLDEGKQSL";13
"HLA-B*14:02";1;"EGKQSLTKL";11
"HLA-B*14:02";1;"KWDATATEL";11
"HLA-B*14:02";1;"TATELNNAL";11
"HLA-B*14:02";1;"ELNNALQNL";11
"HLA-B*14:02";1;"GNVTSIHSL";10
"HLA-B*14:02";1;"TELNNALQN";10
"HLA-B*14:02";1;"ARTISEAGQ";10
"HLA-B*14:02";1;"KQSLTKLAA";9
"HLA-B*14:02";1;"DATATELNN";9
"HLA-B*14:02";1;"NNALQNLAR";9
"HLA-B*14:02";1;"VTSIHSLLD";8
"HLA-B*14:02";1;"DEGKQSLTK";8
"HLA-B*14:02";1;"WNFAGIEAA";7
"HLA-B*14:02";1;"AASAIQGNV";7
"HLA-B*14:02";1;"TSIHSLLDE";7
"HLA-B*14:02";1;"HSLLDEGKQ";7
"HLA-B*14:02";1;"AMASTEGNV";7
"HLA-B*14:02";1;"SAIQGNVTS";6
"HLA-B*14:02";1;"SGSEAYQGV";6
"HLA-B*14:02";1;"EAYQGVQQK";6
"HLA-B*14:02";1;"ASTEGNVTG";6
"HLA-B*14:02";1;"TEGNVTGMF";6
"HLA-B*14:02";1;"SLLDEGKQS";5
"HLA-B*14:02";1;"QSLTKLAAA";5
"HLA-B*14:02";1;"TKLAAAWGG";5
"HLA-B*14:02";1;"ATELNNALQ";5
"HLA-B*14:02";1;"LNNALQNLA";5
"HLA-B*14:02";1;"NALQNLART";5
"HLA-B*14:02";1;"QNLARTISE";5
"HLA-B*14:02";1;"TEQQWNFAG";4
"HLA-B*14:02";1;"IHSLLDEGK";4
"HLA-B*14:02";1;"GKQSLTKLA";4
"HLA-B*14:02";1;"LTKLAAAWG";4
"HLA-B*14:02";1;"SEAYQGVQQ";4
"HLA-B*14:02";1;"LQNLARTIS";4
"HLA-B*14:02";1;"SIHSLLDEG";3
"HLA-B*14:02";1;"LDEGKQSLT";3
"HLA-B*14:02";1;"WGGSGSEAY";3
"HLA-B*14:02";1;"ISEAGQAMA";3
"HLA-B*14:02";1;"MASTEGNVT";3
"HLA-B*14:02";1;"MTEQQWNFA";2
"HLA-B*14:02";1;"LAAAWGGSG";2
"HLA-B*14:02";1;"AAAWGGSGS";2
"HLA-B*14:02";1;"AAWGGSGSE";2
"HLA-B*14:02";1;"GSEAYQGVQ";2
"HLA-B*14:02";1;"WDATATELN";2
"HLA-B*14:02";1;"GIEAAASAI";1
"HLA-B*14:02";1;"IEAAASAIQ";1
"HLA-B*14:02";1;"EAAASAIQG";1
"HLA-B*14:02";1;"AAASAIQGN";1
"HLA-B*14:02";1;"ASAIQGNVT";1
"HLA-B*14:02";1;"SLTKLAAAW";1
"HLA-B*14:02";1;"KLAAAWGGS";1
"HLA-B*14:02";1;"GSGSEAYQG";1
"HLA-B*14:02";1;"QKWDATATE";1
"HLA-B*14:02";1;"ATATELNNA";1
"HLA-B*14:02";1;"ALQNLARTI";1
"HLA-B*14:02";1;"LARTISEAG";1
"HLA-B*14:02";1;"RTISEAGQA";1
"HLA-B*14:02";1;"AGQAMASTE";1
"HLA-B*14:02";1;"QAMASTEGN";1
"HLA-B*14:02";1;"EQQWNFAGI";0
"HLA-B*14:02";1;"QQWNFAGIE";0
"HLA-B*14:02";1;"QWNFAGIEA";0
"HLA-B*14:02";1;"NFAGIEAAA";0
"HLA-B*14:02";1;"FAGIEAAAS";0
"HLA-B*14:02";1;"AGIEAAASA";0
"HLA-B*14:02";1;"AIQGNVTSI";0
"HLA-B*14:02";1;"IQGNVTSIH";0
"HLA-B*14:02";1;"QGNVTSIHS";0
"HLA-B*14:02";1;"AWGGSGSEA";0
"HLA-B*14:02";1;"GGSGSEAYQ";0
"HLA-B*14:02";1;"AYQGVQQKW";0
"HLA-B*14:02";1;"YQGVQQKWD";0
"HLA-B*14:02";1;"QGVQQKWDA";0
"HLA-B*14:02";1;"GVQQKWDAT";0
"HLA-B*14:02";1;"VQQKWDATA";0
"HLA-B*14:02";1;"QQKWDATAT";0
"HLA-B*14:02";1;"NLARTISEA";0
"HLA-B*14:02";1;"TISEAGQAM";0
"HLA-B*14:02";1;"SEAGQAMAS";0
"HLA-B*14:02";1;"EAGQAMAST";0
"HLA-B*14:02";1;"GQAMASTEG";0
"HLA-B*14:02";1;"STEGNVTGM";0
"HLA-B*14:02";1;"EGNVTGMFA";0
"HLA-B*15:01";1;"KQSLTKLAA";13
"HLA-B*15:01";1;"WGGSGSEAY";13
"HLA-B*15:01";1;"QQKWDATAT";13
"HLA-B*15:01";1;"IQGNVTSIH";12
"HLA-B*15:01";1;"LLDEGKQSL";12
"HLA-B*15:01";1;"VQQKWDATA";12
"HLA-B*15:01";1;"ALQNLARTI";12
"HLA-B*15:01";1;"SLLDEGKQS";11
"HLA-B*15:01";1;"SLTKLAAAW";11
"HLA-B*15:01";1;"KLAAAWGGS";11
"HLA-B*15:01";1;"LQNLARTIS";11
"HLA-B*15:01";1;"NLARTISEA";11
"HLA-B*15:01";1;"GQAMASTEG";11
"HLA-B*15:01";1;"QQWNFAGIE";10
"HLA-B*15:01";1;"AIQGNVTSI";10
"HLA-B*15:01";1;"YQGVQQKWD";10
"HLA-B*15:01";1;"TEGNVTGMF";10
"HLA-B*15:01";1;"EQQWNFAGI";9
"HLA-B*15:01";1;"NVTSIHSLL";9
"HLA-B*15:01";1;"GVQQKWDAT";9
"HLA-B*15:01";1;"ELNNALQNL";9
"HLA-B*15:01";1;"TISEAGQAM";8
"HLA-B*15:01";1;"GIEAAASAI";6
"HLA-B*15:01";1;"SIHSLLDEG";6
"HLA-B*15:01";1;"WNFAGIEAA";5
"HLA-B*15:01";1;"AGIEAAASA";4
"HLA-B*15:01";1;"LARTISEAG";4
"HLA-B*15:01";1;"ASTEGNVTG";4
"HLA-B*15:01";1;"SAIQGNVTS";3
"HLA-B*15:01";1;"AAWGGSGSE";3
"HLA-B*15:01";1;"AYQGVQQKW";3
"HLA-B*15:01";1;"QKWDATATE";3
"HLA-B*15:01";1;"RTISEAGQA";3
"HLA-B*15:01";1;"NFAGIEAAA";2
"HLA-B*15:01";1;"AAASAIQGN";2
"HLA-B*15:01";1;"AASAIQGNV";2
"HLA-B*15:01";1;"ASAIQGNVT";2
"HLA-B*15:01";1;"GNVTSIHSL";2
"HLA-B*15:01";1;"VTSIHSLLD";2
"HLA-B*15:01";1;"TSIHSLLDE";2
"HLA-B*15:01";1;"EGKQSLTKL";2
"HLA-B*15:01";1;"AAAWGGSGS";2
"HLA-B*15:01";1;"EAYQGVQQK";2
"HLA-B*15:01";1;"WDATATELN";2
"HLA-B*15:01";1;"TATELNNAL";2
"HLA-B*15:01";1;"NNALQNLAR";2
"HLA-B*15:01";1;"AGQAMASTE";2
"HLA-B*15:01";1;"QAMASTEGN";2
"HLA-B*15:01";1;"TEQQWNFAG";1
"HLA-B*15:01";1;"FAGIEAAAS";1
"HLA-B*15:01";1;"IHSLLDEGK";1
"HLA-B*15:01";1;"DEGKQSLTK";1
"HLA-B*15:01";1;"GKQSLTKLA";1
"HLA-B*15:01";1;"LTKLAAAWG";1
"HLA-B*15:01";1;"LAAAWGGSG";1
"HLA-B*15:01";1;"AWGGSGSEA";1
"HLA-B*15:01";1;"GSGSEAYQG";1
"HLA-B*15:01";1;"SGSEAYQGV";1
"HLA-B*15:01";1;"SEAYQGVQQ";1
"HLA-B*15:01";1;"KWDATATEL";1
"HLA-B*15:01";1;"ATATELNNA";1
"HLA-B*15:01";1;"TELNNALQN";1
"HLA-B*15:01";1;"QNLARTISE";1
"HLA-B*15:01";1;"ARTISEAGQ";1
"HLA-B*15:01";1;"SEAGQAMAS";1
"HLA-B*15:01";1;"AMASTEGNV";1
"HLA-B*15:01";1;"MASTEGNVT";1
"HLA-B*15:01";1;"STEGNVTGM";1
"HLA-B*15:01";1;"QWNFAGIEA";0
"HLA-B*15:01";1;"IEAAASAIQ";0
"HLA-B*15:01";1;"EAAASAIQG";0
"HLA-B*15:01";1;"QGNVTSIHS";0
"HLA-B*15:01";1;"HSLLDEGKQ";0
"HLA-B*15:01";1;"QSLTKLAAA";0
"HLA-B*15:01";1;"GGSGSEAYQ";0
"HLA-B*15:01";1;"GSEAYQGVQ";0
"HLA-B*15:01";1;"QGVQQKWDA";0
"HLA-B*15:01";1;"DATATELNN";0
"HLA-B*15:01";1;"ATELNNALQ";0
"HLA-B*15:01";1;"LNNALQNLA";0
"HLA-B*15:01";1;"ISEAGQAMA";0
"HLA-B*15:01";1;"EAGQAMAST";0
"HLA-B*15:01";1;"MTEQQWNFA";-1
"HLA-B*15:01";1;"LDEGKQSLT";-1
"HLA-B*15:01";1;"TKLAAAWGG";-1
"HLA-B*15:01";1;"NALQNLART";-1
"HLA-B*15:01";1;"EGNVTGMFA";-1
"HLA-B*18";1;"TEGNVTGMF";19
"HLA-B*18";1;"DEGKQSLTK";16
"HLA-B*18";1;"WGGSGSEAY";13
"HLA-B*18";1;"TATELNNAL";13
"HLA-B*18";1;"LLDEGKQSL";12
"HLA-B*18";1;"SEAYQGVQQ";12
"HLA-B*18";1;"SEAGQAMAS";12
"HLA-B*18";1;"TEQQWNFAG";11
"HLA-B*18";1;"IEAAASAIQ";10
"HLA-B*18";1;"NVTSIHSLL";10
"HLA-B*18";1;"EGKQSLTKL";10
"HLA-B*18";1;"TELNNALQN";10
"HLA-B*18";1;"GNVTSIHSL";9
"HLA-B*18";1;"SLTKLAAAW";9
"HLA-B*18";1;"ELNNALQNL";9
"HLA-B*18";1;"KWDATATEL";8
"HLA-B*18";1;"AYQGVQQKW";6
"HLA-B*18";1;"IHSLLDEGK";5
"HLA-B*18";1;"LARTISEAG";5
"HLA-B*18";1;"WNFAGIEAA";4
"HLA-B*18";1;"SIHSLLDEG";4
"HLA-B*18";1;"DATATELNN";4
"HLA-B*18";1;"NNALQNLAR";4
"HLA-B*18";1;"ASTEGNVTG";4
"HLA-B*18";1;"NFAGIEAAA";3
"HLA-B*18";1;"AGIEAAASA";3
"HLA-B*18";1;"QSLTKLAAA";3
"HLA-B*18";1;"NALQNLART";3
"HLA-B*18";1;"QNLARTISE";3
"HLA-B*18";1;"TISEAGQAM";3
"HLA-B*18";1;"QWNFAGIEA";2
"HLA-B*18";1;"EAAASAIQG";2
"HLA-B*18";1;"ASAIQGNVT";2
"HLA-B*18";1;"SAIQGNVTS";2
"HLA-B*18";1;"HSLLDEGKQ";2
"HLA-B*18";1;"GKQSLTKLA";2
"HLA-B*18";1;"KQSLTKLAA";2
"HLA-B*18";1;"SGSEAYQGV";2
"HLA-B*18";1;"QGVQQKWDA";2
"HLA-B*18";1;"WDATATELN";2
"HLA-B*18";1;"LNNALQNLA";2
"HLA-B*18";1;"ALQNLARTI";2
"HLA-B*18";1;"LQNLARTIS";2
"HLA-B*18";1;"NLARTISEA";2
"HLA-B*18";1;"EAGQAMAST";2
"HLA-B*18";1;"QAMASTEGN";2
"HLA-B*18";1;"MTEQQWNFA";1
"HLA-B*18";1;"EQQWNFAGI";1
"HLA-B*18";1;"GIEAAASAI";1
"HLA-B*18";1;"AASAIQGNV";1
"HLA-B*18";1;"AIQGNVTSI";1
"HLA-B*18";1;"QGNVTSIHS";1
"HLA-B*18";1;"TSIHSLLDE";1
"HLA-B*18";1;"LTKLAAAWG";1
"HLA-B*18";1;"TKLAAAWGG";1
"HLA-B*18";1;"LAAAWGGSG";1
"HLA-B*18";1;"AAWGGSGSE";1
"HLA-B*18";1;"AWGGSGSEA";1
"HLA-B*18";1;"GSEAYQGVQ";1
"HLA-B*18";1;"EAYQGVQQK";1
"HLA-B*18";1;"YQGVQQKWD";1
"HLA-B*18";1;"GVQQKWDAT";1
"HLA-B*18";1;"QQKWDATAT";1
"HLA-B*18";1;"QKWDATATE";1
"HLA-B*18";1;"ATELNNALQ";1
"HLA-B*18";1;"AGQAMASTE";1
"HLA-B*18";1;"GQAMASTEG";1
"HLA-B*18";1;"EGNVTGMFA";1
"HLA-B*18";1;"QQWNFAGIE";0
"HLA-B*18";1;"FAGIEAAAS";0
"HLA-B*18";1;"AAASAIQGN";0
"HLA-B*18";1;"SLLDEGKQS";0
"HLA-B*18";1;"LDEGKQSLT";0
"HLA-B*18";1;"AAAWGGSGS";0
"HLA-B*18";1;"GGSGSEAYQ";0
"HLA-B*18";1;"VQQKWDATA";0
"HLA-B*18";1;"ATATELNNA";0
"HLA-B*18";1;"ARTISEAGQ";0
"HLA-B*18";1;"ISEAGQAMA";0
"HLA-B*18";1;"AMASTEGNV";0
"HLA-B*18";1;"MASTEGNVT";0
"HLA-B*18";1;"STEGNVTGM";0
"HLA-B*18";1;"IQGNVTSIH";-1
"HLA-B*18";1;"VTSIHSLLD";-1
"HLA-B*18";1;"KLAAAWGGS";-1
"HLA-B*18";1;"GSGSEAYQG";-1
"HLA-B*18";1;"RTISEAGQA";-2
"HLA-B*27:05";1;"GNVTSIHSL";19
"HLA-B*27:05";1;"EGKQSLTKL";18
"HLA-B*27:05";1;"EAYQGVQQK";18
"HLA-B*27:05";1;"KWDATATEL";16
"HLA-B*27:05";1;"LLDEGKQSL";15
"HLA-B*27:05";1;"DEGKQSLTK";15
"HLA-B*27:05";1;"IHSLLDEGK";14
"HLA-B*27:05";1;"TATELNNAL";14
"HLA-B*27:05";1;"AIQGNVTSI";13
"HLA-B*27:05";1;"ELNNALQNL";13
"HLA-B*27:05";1;"NNALQNLAR";13
"HLA-B*27:05";1;"ARTISEAGQ";13
"HLA-B*27:05";1;"STEGNVTGM";13
"HLA-B*27:05";1;"NVTSIHSLL";12
"HLA-B*27:05";1;"GIEAAASAI";11
"HLA-B*27:05";1;"IQGNVTSIH";11
"HLA-B*27:05";1;"WGGSGSEAY";11
"HLA-B*27:05";1;"TEGNVTGMF";11
"HLA-B*27:05";1;"ALQNLARTI";10
"HLA-B*27:05";1;"SAIQGNVTS";9
"HLA-B*27:05";1;"RTISEAGQA";9
"HLA-B*27:05";1;"TISEAGQAM";9
"HLA-B*27:05";1;"WNFAGIEAA";8
"HLA-B*27:05";1;"AYQGVQQKW";8
"HLA-B*27:05";1;"NALQNLART";8
"HLA-B*27:05";1;"EQQWNFAGI";7
"HLA-B*27:05";1;"AGIEAAASA";7
"HLA-B*27:05";1;"AAWGGSGSE";7
"HLA-B*27:05";1;"GGSGSEAYQ";7
"HLA-B*27:05";1;"GSGSEAYQG";7
"HLA-B*27:05";1;"GQAMASTEG";7
"HLA-B*27:05";1;"ASTEGNVTG";7
"HLA-B*27:05";1;"AASAIQGNV";6
"HLA-B*27:05";1;"LDEGKQSLT";6
"HLA-B*27:05";1;"AWGGSGSEA";6
"HLA-B*27:05";1;"GSEAYQGVQ";6
"HLA-B*27:05";1;"GVQQKWDAT";6
"HLA-B*27:05";1;"ATATELNNA";6
"HLA-B*27:05";1;"ISEAGQAMA";6
"HLA-B*27:05";1;"TSIHSLLDE";5
"HLA-B*27:05";1;"HSLLDEGKQ";5
"HLA-B*27:05";1;"KQSLTKLAA";5
"HLA-B*27:05";1;"QSLTKLAAA";5
"HLA-B*27:05";1;"SLTKLAAAW";5
"HLA-B*27:05";1;"QGVQQKWDA";5
"HLA-B*27:05";1;"VQQKWDATA";5
"HLA-B*27:05";1;"TELNNALQN";5
"HLA-B*27:05";1;"NLARTISEA";5
"HLA-B*27:05";1;"NFAGIEAAA";4
"HLA-B*27:05";1;"EAAASAIQG";4
"HLA-B*27:05";1;"AAASAIQGN";4
"HLA-B*27:05";1;"SLLDEGKQS";4
"HLA-B*27:05";1;"GKQSLTKLA";4
"HLA-B*27:05";1;"TKLAAAWGG";4
"HLA-B*27:05";1;"AAAWGGSGS";4
"HLA-B*27:05";1;"ATELNNALQ";4
"HLA-B*27:05";1;"LNNALQNLA";4
"HLA-B*27:05";1;"QNLARTISE";4
"HLA-B*27:05";1;"SEAGQAMAS";4
"HLA-B*27:05";1;"EAGQAMAST";4
"HLA-B*27:05";1;"AGQAMASTE";4
"HLA-B*27:05";1;"MTEQQWNFA";3
"HLA-B*27:05";1;"TEQQWNFAG";3
"HLA-B*27:05";1;"FAGIEAAAS";3
"HLA-B*27:05";1;"IEAAASAIQ";3
"HLA-B*27:05";1;"ASAIQGNVT";3
"HLA-B*27:05";1;"SIHSLLDEG";3
"HLA-B*27:05";1;"LTKLAAAWG";3
"HLA-B*27:05";1;"QQKWDATAT";3
"HLA-B*27:05";1;"DATATELNN";3
"HLA-B*27:05";1;"LQNLARTIS";3
"HLA-B*27:05";1;"AMASTEGNV";3
"HLA-B*27:05";1;"MASTEGNVT";3
"HLA-B*27:05";1;"QWNFAGIEA";2
"HLA-B*27:05";1;"QGNVTSIHS";2
"HLA-B*27:05";1;"VTSIHSLLD";2
"HLA-B*27:05";1;"KLAAAWGGS";2
"HLA-B*27:05";1;"SEAYQGVQQ";2
"HLA-B*27:05";1;"YQGVQQKWD";2
"HLA-B*27:05";1;"QKWDATATE";2
"HLA-B*27:05";1;"LARTISEAG";2
"HLA-B*27:05";1;"QQWNFAGIE";1
"HLA-B*27:05";1;"LAAAWGGSG";1
"HLA-B*27:05";1;"SGSEAYQGV";1
"HLA-B*27:05";1;"QAMASTEGN";1
"HLA-B*27:05";1;"EGNVTGMFA";1
"HLA-B*27:05";1;"WDATATELN";0
"HLA-B*35:01";1;"NVTSIHSLL";13
"HLA-B*35:01";1;"LLDEGKQSL";13
"HLA-B*35:01";1;"KWDATATEL";13
"HLA-B*35:01";1;"TATELNNAL";13
"HLA-B*35:01";1;"GNVTSIHSL";12
"HLA-B*35:01";1;"EGKQSLTKL";11
"HLA-B*35:01";1;"WGGSGSEAY";11
"HLA-B*35:01";1;"ELNNALQNL";11
"HLA-B*35:01";1;"GIEAAASAI";10
"HLA-B*35:01";1;"ALQNLARTI";9
"HLA-B*35:01";1;"TISEAGQAM";8
"HLA-B*35:01";1;"TEGNVTGMF";8
"HLA-B*35:01";1;"STEGNVTGM";7
"HLA-B*35:01";1;"EQQWNFAGI";6
"HLA-B*35:01";1;"AIQGNVTSI";6
"HLA-B*35:01";1;"SLTKLAAAW";4
"HLA-B*35:01";1;"LNNALQNLA";4
"HLA-B*35:01";1;"LARTISEAG";4
"HLA-B*35:01";1;"WNFAGIEAA";3
"HLA-B*35:01";1;"NFAGIEAAA";3
"HLA-B*35:01";1;"FAGIEAAAS";3
"HLA-B*35:01";1;"EAAASAIQG";3
"HLA-B*35:01";1;"AASAIQGNV";3
"HLA-B*35:01";1;"HSLLDEGKQ";3
"HLA-B*35:01";1;"LDEGKQSLT";3
"HLA-B*35:01";1;"QSLTKLAAA";3
"HLA-B*35:01";1;"TKLAAAWGG";3
"HLA-B*35:01";1;"GSEAYQGVQ";3
"HLA-B*35:01";1;"VQQKWDATA";3
"HLA-B*35:01";1;"QQKWDATAT";3
"HLA-B*35:01";1;"QNLARTISE";3
"HLA-B*35:01";1;"AGQAMASTE";3
"HLA-B*35:01";1;"ASTEGNVTG";3
"HLA-B*35:01";1;"MTEQQWNFA";2
"HLA-B*35:01";1;"AGIEAAASA";2
"HLA-B*35:01";1;"SAIQGNVTS";2
"HLA-B*35:01";1;"SIHSLLDEG";2
"HLA-B*35:01";1;"IHSLLDEGK";2
"HLA-B*35:01";1;"SLLDEGKQS";2
"HLA-B*35:01";1;"DEGKQSLTK";2
"HLA-B*35:01";1;"GKQSLTKLA";2
"HLA-B*35:01";1;"LTKLAAAWG";2
"HLA-B*35:01";1;"LAAAWGGSG";2
"HLA-B*35:01";1;"QKWDATATE";2
"HLA-B*35:01";1;"ATELNNALQ";2
"HLA-B*35:01";1;"TELNNALQN";2
"HLA-B*35:01";1;"NALQNLART";2
"HLA-B*35:01";1;"NLARTISEA";2
"HLA-B*35:01";1;"ISEAGQAMA";2
"HLA-B*35:01";1;"SEAGQAMAS";2
"HLA-B*35:01";1;"MASTEGNVT";2
"HLA-B*35:01";1;"TEQQWNFAG";1
"HLA-B*35:01";1;"QQWNFAGIE";1
"HLA-B*35:01";1;"QWNFAGIEA";1
"HLA-B*35:01";1;"IEAAASAIQ";1
"HLA-B*35:01";1;"AAASAIQGN";1
"HLA-B*35:01";1;"ASAIQGNVT";1
"HLA-B*35:01";1;"QGNVTSIHS";1
"HLA-B*35:01";1;"VTSIHSLLD";1
"HLA-B*35:01";1;"TSIHSLLDE";1
"HLA-B*35:01";1;"KQSLTKLAA";1
"HLA-B*35:01";1;"KLAAAWGGS";1
"HLA-B*35:01";1;"GSGSEAYQG";1
"HLA-B*35:01";1;"SGSEAYQGV";1
"HLA-B*35:01";1;"SEAYQGVQQ";1
"HLA-B*35:01";1;"QGVQQKWDA";1
"HLA-B*35:01";1;"GVQQKWDAT";1
"HLA-B*35:01";1;"WDATATELN";1
"HLA-B*35:01";1;"DATATELNN";1
"HLA-B*35:01";1;"ATATELNNA";1
"HLA-B*35:01";1;"NNALQNLAR";1
"HLA-B*35:01";1;"LQNLARTIS";1
"HLA-B*35:01";1;"RTISEAGQA";1
"HLA-B*35:01";1;"QAMASTEGN";1
"HLA-B*35:01";1;"IQGNVTSIH";0
"HLA-B*35:01";1;"AAAWGGSGS";0
"HLA-B*35:01";1;"AAWGGSGSE";0
"HLA-B*35:01";1;"AWGGSGSEA";0
"HLA-B*35:01";1;"GGSGSEAYQ";0
"HLA-B*35:01";1;"EAYQGVQQK";0
"HLA-B*35:01";1;"AYQGVQQKW";0
"HLA-B*35:01";1;"YQGVQQKWD";0
"HLA-B*35:01";1;"ARTISEAGQ";0
"HLA-B*35:01";1;"EAGQAMAST";0
"HLA-B*35:01";1;"GQAMASTEG";0
"HLA-B*35:01";1;"AMASTEGNV";0
"HLA-B*35:01";1;"EGNVTGMFA";0
"HLA-B*38:01";1;"KWDATATEL";15
"HLA-B*38:01";1;"LLDEGKQSL";14
"HLA-B*38:01";1;"NVTSIHSLL";12
"HLA-B*38:01";1;"IHSLLDEGK";12
"HLA-B*38:01";1;"EGKQSLTKL";12
"HLA-B*38:01";1;"TATELNNAL";12
"HLA-B*38:01";1;"ELNNALQNL";12
"HLA-B*38:01";1;"GNVTSIHSL";11
"HLA-B*38:01";1;"TEGNVTGMF";11
"HLA-B*38:01";1;"AIQGNVTSI";10
"HLA-B*38:01";1;"ALQNLARTI";10
"HLA-B*38:01";1;"GIEAAASAI";9
"HLA-B*38:01";1;"EQQWNFAGI";8
"HLA-B*38:01";1;"ARTISEAGQ";6
"HLA-B*38:01";1;"TSIHSLLDE";3
"HLA-B*38:01";1;"LDEGKQSLT";3
"HLA-B*38:01";1;"AYQGVQQKW";3
"HLA-B*38:01";1;"ISEAGQAMA";3
"HLA-B*38:01";1;"STEGNVTGM";3
"HLA-B*38:01";1;"NFAGIEAAA";2
"HLA-B*38:01";1;"EAAASAIQG";2
"HLA-B*38:01";1;"SAIQGNVTS";2
"HLA-B*38:01";1;"IQGNVTSIH";2
"HLA-B*38:01";1;"VTSIHSLLD";2
"HLA-B*38:01";1;"SIHSLLDEG";2
"HLA-B*38:01";1;"HSLLDEGKQ";2
"HLA-B*38:01";1;"DEGKQSLTK";2
"HLA-B*38:01";1;"GKQSLTKLA";2
"HLA-B*38:01";1;"AWGGSGSEA";2
"HLA-B*38:01";1;"EAYQGVQQK";2
"HLA-B*38:01";1;"QKWDATATE";2
"HLA-B*38:01";1;"ATELNNALQ";2
"HLA-B*38:01";1;"TELNNALQN";2
"HLA-B*38:01";1;"LNNALQNLA";2
"HLA-B*38:01";1;"NLARTISEA";2
"HLA-B*38:01";1;"ASTEGNVTG";2
"HLA-B*38:01";1;"MTEQQWNFA";1
"HLA-B*38:01";1;"TEQQWNFAG";1
"HLA-B*38:01";1;"QWNFAGIEA";1
"HLA-B*38:01";1;"WNFAGIEAA";1
"HLA-B*38:01";1;"FAGIEAAAS";1
"HLA-B*38:01";1;"IEAAASAIQ";1
"HLA-B*38:01";1;"AAASAIQGN";1
"HLA-B*38:01";1;"AASAIQGNV";1
"HLA-B*38:01";1;"QGNVTSIHS";1
"HLA-B*38:01";1;"SLLDEGKQS";1
"HLA-B*38:01";1;"KQSLTKLAA";1
"HLA-B*38:01";1;"QSLTKLAAA";1
"HLA-B*38:01";1;"SLTKLAAAW";1
"HLA-B*38:01";1;"TKLAAAWGG";1
"HLA-B*38:01";1;"AAWGGSGSE";1
"HLA-B*38:01";1;"GGSGSEAYQ";1
"HLA-B*38:01";1;"GSEAYQGVQ";1
"HLA-B*38:01";1;"VQQKWDATA";1
"HLA-B*38:01";1;"WDATATELN";1
"HLA-B*38:01";1;"DATATELNN";1
"HLA-B*38:01";1;"ATATELNNA";1
"HLA-B*38:01";1;"NNALQNLAR";1
"HLA-B*38:01";1;"NALQNLART";1
"HLA-B*38:01";1;"QNLARTISE";1
"HLA-B*38:01";1;"TISEAGQAM";1
"HLA-B*38:01";1;"SEAGQAMAS";1
"HLA-B*38:01";1;"EAGQAMAST";1
"HLA-B*38:01";1;"AGQAMASTE";1
"HLA-B*38:01";1;"GQAMASTEG";1
"HLA-B*38:01";1;"EGNVTGMFA";1
"HLA-B*38:01";1;"QQWNFAGIE";0
"HLA-B*38:01";1;"AGIEAAASA";0
"HLA-B*38:01";1;"ASAIQGNVT";0
"HLA-B*38:01";1;"KLAAAWGGS";0
"HLA-B*38:01";1;"LAAAWGGSG";0
"HLA-B*38:01";1;"WGGSGSEAY";0
"HLA-B*38:01";1;"GSGSEAYQG";0
"HLA-B*38:01";1;"SGSEAYQGV";0
"HLA-B*38:01";1;"SEAYQGVQQ";0
"HLA-B*38:01";1;"YQGVQQKWD";0
"HLA-B*38:01";1;"QGVQQKWDA";0
"HLA-B*38:01";1;"GVQQKWDAT";0
"HLA-B*38:01";1;"LQNLARTIS";0
"HLA-B*38:01";1;"LARTISEAG";0
"HLA-B*38:01";1;"RTISEAGQA";0
"HLA-B*38:01";1;"QAMASTEGN";0
"HLA-B*38:01";1;"AMASTEGNV";0
"HLA-B*38:01";1;"MASTEGNVT";0
"HLA-B*38:01";1;"LTKLAAAWG";-1
"HLA-B*38:01";1;"AAAWGGSGS";-1
"HLA-B*38:01";1;"QQKWDATAT";-1
"HLA-B*40:01";1;"SEAYQGVQQ";19
"HLA-B*40:01";1;"TELNNALQN";17
"HLA-B*40:01";1;"DEGKQSLTK";16
"HLA-B*40:01";1;"KWDATATEL";14
"HLA-B*40:01";1;"TATELNNAL";14
"HLA-B*40:01";1;"LLDEGKQSL";13
"HLA-B*40:01";1;"TEQQWNFAG";12
"HLA-B*40:01";1;"GNVTSIHSL";12
"HLA-B*40:01";1;"SEAGQAMAS";12
"HLA-B*40:01";1;"TEGNVTGMF";12
"HLA-B*40:01";1;"SAIQGNVTS";11
"HLA-B*40:01";1;"NVTSIHSLL";11
"HLA-B*40:01";1;"ASTEGNVTG";11
"HLA-B*40:01";1;"IEAAASAIQ";10
"HLA-B*40:01";1;"EGKQSLTKL";10
"HLA-B*40:01";1;"ELNNALQNL";10
"HLA-B*40:01";1;"KQSLTKLAA";7
"HLA-B*40:01";1;"QWNFAGIEA";6
"HLA-B*40:01";1;"EAAASAIQG";6
"HLA-B*40:01";1;"TSIHSLLDE";6
"HLA-B*40:01";1;"NNALQNLAR";6
"HLA-B*40:01";1;"MASTEGNVT";6
"HLA-B*40:01";1;"VTSIHSLLD";5
"HLA-B*40:01";1;"DATATELNN";5
"HLA-B*40:01";1;"AGIEAAASA";4
"HLA-B*40:01";1;"ASAIQGNVT";4
"HLA-B*40:01";1;"QGNVTSIHS";4
"HLA-B*40:01";1;"IHSLLDEGK";4
"HLA-B*40:01";1;"SLLDEGKQS";4
"HLA-B*40:01";1;"SLTKLAAAW";4
"HLA-B*40:01";1;"GSGSEAYQG";4
"HLA-B*40:01";1;"ALQNLARTI";4
"HLA-B*40:01";1;"QNLARTISE";4
"HLA-B*40:01";1;"RTISEAGQA";4
"HLA-B*40:01";1;"TISEAGQAM";4
"HLA-B*40:01";1;"WNFAGIEAA";3
"HLA-B*40:01";1;"AASAIQGNV";3
"HLA-B*40:01";1;"SIHSLLDEG";3
"HLA-B*40:01";1;"HSLLDEGKQ";3
"HLA-B*40:01";1;"AAAWGGSGS";3
"HLA-B*40:01";1;"AWGGSGSEA";3
"HLA-B*40:01";1;"GGSGSEAYQ";3
"HLA-B*40:01";1;"SGSEAYQGV";3
"HLA-B*40:01";1;"GSEAYQGVQ";3
"HLA-B*40:01";1;"EAYQGVQQK";3
"HLA-B*40:01";1;"ATATELNNA";3
"HLA-B*40:01";1;"ATELNNALQ";3
"HLA-B*40:01";1;"LARTISEAG";3
"HLA-B*40:01";1;"AGQAMASTE";3
"HLA-B*40:01";1;"NFAGIEAAA";2
"HLA-B*40:01";1;"FAGIEAAAS";2
"HLA-B*40:01";1;"GIEAAASAI";2
"HLA-B*40:01";1;"AIQGNVTSI";2
"HLA-B*40:01";1;"GKQSLTKLA";2
"HLA-B*40:01";1;"QSLTKLAAA";2
"HLA-B*40:01";1;"LTKLAAAWG";2
"HLA-B*40:01";1;"TKLAAAWGG";2
"HLA-B*40:01";1;"AAWGGSGSE";2
"HLA-B*40:01";1;"WGGSGSEAY";2
"HLA-B*40:01";1;"GVQQKWDAT";2
"HLA-B*40:01";1;"VQQKWDATA";2
"HLA-B*40:01";1;"QQKWDATAT";2
"HLA-B*40:01";1;"WDATATELN";2
"HLA-B*40:01";1;"LQNLARTIS";2
"HLA-B*40:01";1;"ARTISEAGQ";2
"HLA-B*40:01";1;"ISEAGQAMA";2
"HLA-B*40:01";1;"GQAMASTEG";2
"HLA-B*40:01";1;"AMASTEGNV";2
"HLA-B*40:01";1;"STEGNVTGM";2
"HLA-B*40:01";1;"QQWNFAGIE";1
"HLA-B*40:01";1;"AAASAIQGN";1
"HLA-B*40:01";1;"LDEGKQSLT";1
"HLA-B*40:01";1;"KLAAAWGGS";1
"HLA-B*40:01";1;"LAAAWGGSG";1
"HLA-B*40:01";1;"AYQGVQQKW";1
"HLA-B*40:01";1;"QKWDATATE";1
"HLA-B*40:01";1;"LNNALQNLA";1
"HLA-B*40:01";1;"NLARTISEA";1
"HLA-B*40:01";1;"QAMASTEGN";1
"HLA-B*40:01";1;"EGNVTGMFA";1
"HLA-B*40:01";1;"MTEQQWNFA";0
"HLA-B*40:01";1;"EQQWNFAGI";0
"HLA-B*40:01";1;"IQGNVTSIH";0
"HLA-B*40:01";1;"YQGVQQKWD";0
"HLA-B*40:01";1;"QGVQQKWDA";0
"HLA-B*40:01";1;"NALQNLART";0
"HLA-B*40:01";1;"EAGQAMAST";0
"HLA-B*44:02";1;"TEGNVTGMF";22
"HLA-B*44:02";1;"TELNNALQN";16
"HLA-B*44:02";1;"GNVTSIHSL";15
"HLA-B*44:02";1;"AYQGVQQKW";15
"HLA-B*44:02";1;"ALQNLARTI";15
"HLA-B*44:02";1;"SEAGQAMAS";15
"HLA-B*44:02";1;"AIQGNVTSI";14
"HLA-B*44:02";1;"EGKQSLTKL";14
"HLA-B*44:02";1;"SLTKLAAAW";14
"HLA-B*44:02";1;"ELNNALQNL";14
"HLA-B*44:02";1;"NVTSIHSLL";13
"HLA-B*44:02";1;"SEAYQGVQQ";13
"HLA-B*44:02";1;"KWDATATEL";13
"HLA-B*44:02";1;"TATELNNAL";13
"HLA-B*44:02";1;"TEQQWNFAG";12
"HLA-B*44:02";1;"EQQWNFAGI";12
"HLA-B*44:02";1;"DEGKQSLTK";12
"HLA-B*44:02";1;"WGGSGSEAY";12
"HLA-B*44:02";1;"GIEAAASAI";11
"HLA-B*44:02";1;"LLDEGKQSL";11
"HLA-B*44:02";1;"IEAAASAIQ";10
"HLA-B*44:02";1;"WNFAGIEAA";7
"HLA-B*44:02";1;"AGIEAAASA";7
"HLA-B*44:02";1;"AAASAIQGN";6
"HLA-B*44:02";1;"SAIQGNVTS";6
"HLA-B*44:02";1;"SLLDEGKQS";6
"HLA-B*44:02";1;"KQSLTKLAA";6
"HLA-B*44:02";1;"ATATELNNA";6
"HLA-B*44:02";1;"ATELNNALQ";6
"HLA-B*44:02";1;"NFAGIEAAA";5
"HLA-B*44:02";1;"EAAASAIQG";5
"HLA-B*44:02";1;"AASAIQGNV";5
"HLA-B*44:02";1;"ASAIQGNVT";5
"HLA-B*44:02";1;"TSIHSLLDE";5
"HLA-B*44:02";1;"QSLTKLAAA";5
"HLA-B*44:02";1;"NNALQNLAR";5
"HLA-B*44:02";1;"NLARTISEA";5
"HLA-B*44:02";1;"RTISEAGQA";5
"HLA-B*44:02";1;"AGQAMASTE";5
"HLA-B*44:02";1;"ASTEGNVTG";5
"HLA-B*44:02";1;"GKQSLTKLA";4
"HLA-B*44:02";1;"AAWGGSGSE";4
"HLA-B*44:02";1;"AWGGSGSEA";4
"HLA-B*44:02";1;"EAYQGVQQK";4
"HLA-B*44:02";1;"NALQNLART";4
"HLA-B*44:02";1;"QNLARTISE";4
"HLA-B*44:02";1;"LARTISEAG";4
"HLA-B*44:02";1;"MASTEGNVT";4
"HLA-B*44:02";1;"STEGNVTGM";4
"HLA-B*44:02";1;"FAGIEAAAS";3
"HLA-B*44:02";1;"VTSIHSLLD";3
"HLA-B*44:02";1;"HSLLDEGKQ";3
"HLA-B*44:02";1;"AAAWGGSGS";3
"HLA-B*44:02";1;"QQKWDATAT";3
"HLA-B*44:02";1;"QKWDATATE";3
"HLA-B*44:02";1;"WDATATELN";3
"HLA-B*44:02";1;"ARTISEAGQ";3
"HLA-B*44:02";1;"TISEAGQAM";3
"HLA-B*44:02";1;"AMASTEGNV";3
"HLA-B*44:02";1;"QQWNFAGIE";2
"HLA-B*44:02";1;"IQGNVTSIH";2
"HLA-B*44:02";1;"SIHSLLDEG";2
"HLA-B*44:02";1;"IHSLLDEGK";2
"HLA-B*44:02";1;"LDEGKQSLT";2
"HLA-B*44:02";1;"LTKLAAAWG";2
"HLA-B*44:02";1;"TKLAAAWGG";2
"HLA-B*44:02";1;"GGSGSEAYQ";2
"HLA-B*44:02";1;"GSGSEAYQG";2
"HLA-B*44:02";1;"SGSEAYQGV";2
"HLA-B*44:02";1;"YQGVQQKWD";2
"HLA-B*44:02";1;"GVQQKWDAT";2
"HLA-B*44:02";1;"LNNALQNLA";2
"HLA-B*44:02";1;"LQNLARTIS";2
"HLA-B*44:02";1;"EAGQAMAST";2
"HLA-B*44:02";1;"QAMASTEGN";2
"HLA-B*44:02";1;"EGNVTGMFA";2
"HLA-B*44:02";1;"MTEQQWNFA";1
"HLA-B*44:02";1;"QWNFAGIEA";1
"HLA-B*44:02";1;"QGNVTSIHS";1
"HLA-B*44:02";1;"KLAAAWGGS";1
"HLA-B*44:02";1;"GSEAYQGVQ";1
"HLA-B*44:02";1;"VQQKWDATA";1
"HLA-B*44:02";1;"DATATELNN";1
"HLA-B*44:02";1;"LAAAWGGSG";0
"HLA-B*44:02";1;"QGVQQKWDA";0
"HLA-B*44:02";1;"ISEAGQAMA";0
"HLA-B*44:02";1;"GQAMASTEG";0
"HLA-B*45:01";1;"WNFAGIEAA";15
"HLA-B*45:01";1;"ATATELNNA";15
"HLA-B*45:01";1;"NLARTISEA";15
"HLA-B*45:01";1;"DEGKQSLTK";14
"HLA-B*45:01";1;"QSLTKLAAA";14
"HLA-B*45:01";1;"VQQKWDATA";13
"HLA-B*45:01";1;"EGNVTGMFA";13
"HLA-B*45:01";1;"MTEQQWNFA";12
"HLA-B*45:01";1;"QWNFAGIEA";12
"HLA-B*45:01";1;"KQSLTKLAA";12
"HLA-B*45:01";1;"AWGGSGSEA";12
"HLA-B*45:01";1;"TELNNALQN";12
"HLA-B*45:01";1;"LNNALQNLA";12
"HLA-B*45:01";1;"ISEAGQAMA";12
"HLA-B*45:01";1;"AGIEAAASA";11
"HLA-B*45:01";1;"IEAAASAIQ";11
"HLA-B*45:01";1;"TEQQWNFAG";10
"HLA-B*45:01";1;"NFAGIEAAA";10
"HLA-B*45:01";1;"GKQSLTKLA";10
"HLA-B*45:01";1;"SEAYQGVQQ";10
"HLA-B*45:01";1;"QGVQQKWDA";10
"HLA-B*45:01";1;"RTISEAGQA";10
"HLA-B*45:01";1;"SEAGQAMAS";10
"HLA-B*45:01";1;"TEGNVTGMF";10
"HLA-B*45:01";1;"ELNNALQNL";7
"HLA-B*45:01";1;"EQQWNFAGI";6
"HLA-B*45:01";1;"TSIHSLLDE";6
"HLA-B*45:01";1;"SIHSLLDEG";6
"HLA-B*45:01";1;"EGKQSLTKL";6
"HLA-B*45:01";1;"EAYQGVQQK";6
"HLA-B*45:01";1;"AAASAIQGN";5
"HLA-B*45:01";1;"AIQGNVTSI";5
"HLA-B*45:01";1;"STEGNVTGM";5
"HLA-B*45:01";1;"GNVTSIHSL";4
"HLA-B*45:01";1;"GSEAYQGVQ";4
"HLA-B*45:01";1;"NALQNLART";4
"HLA-B*45:01";1;"EAAASAIQG";3
"HLA-B*45:01";1;"ASAIQGNVT";3
"HLA-B*45:01";1;"VTSIHSLLD";3
"HLA-B*45:01";1;"DATATELNN";3
"HLA-B*45:01";1;"AGQAMASTE";3
"HLA-B*45:01";1;"MASTEGNVT";3
"HLA-B*45:01";1;"GIEAAASAI";2
"HLA-B*45:01";1;"AASAIQGNV";2
"HLA-B*45:01";1;"KWDATATEL";2
"HLA-B*45:01";1;"ATELNNALQ";2
"HLA-B*45:01";1;"NNALQNLAR";2
"HLA-B*45:01";1;"ALQNLARTI";2
"HLA-B*45:01";1;"QNLARTISE";2
"HLA-B*45:01";1;"EAGQAMAST";2
"HLA-B*45:01";1;"ASTEGNVTG";2
"HLA-B*45:01";1;"SAIQGNVTS";1
"HLA-B*45:01";1;"QGNVTSIHS";1
"HLA-B*45:01";1;"LDEGKQSLT";1
"HLA-B*45:01";1;"SLTKLAAAW";1
"HLA-B*45:01";1;"TKLAAAWGG";1
"HLA-B*45:01";1;"KLAAAWGGS";1
"HLA-B*45:01";1;"LAAAWGGSG";1
"HLA-B*45:01";1;"AAAWGGSGS";1
"HLA-B*45:01";1;"AAWGGSGSE";1
"HLA-B*45:01";1;"AYQGVQQKW";1
"HLA-B*45:01";1;"QKWDATATE";1
"HLA-B*45:01";1;"LQNLARTIS";1
"HLA-B*45:01";1;"ARTISEAGQ";1
"HLA-B*45:01";1;"GQAMASTEG";1
"HLA-B*45:01";1;"QAMASTEGN";1
"HLA-B*45:01";1;"AMASTEGNV";1
"HLA-B*45:01";1;"QQWNFAGIE";0
"HLA-B*45:01";1;"FAGIEAAAS";0
"HLA-B*45:01";1;"IQGNVTSIH";0
"HLA-B*45:01";1;"NVTSIHSLL";0
"HLA-B*45:01";1;"IHSLLDEGK";0
"HLA-B*45:01";1;"HSLLDEGKQ";0
"HLA-B*45:01";1;"SLLDEGKQS";0
"HLA-B*45:01";1;"LLDEGKQSL";0
"HLA-B*45:01";1;"LTKLAAAWG";0
"HLA-B*45:01";1;"WGGSGSEAY";0
"HLA-B*45:01";1;"GGSGSEAYQ";0
"HLA-B*45:01";1;"GSGSEAYQG";0
"HLA-B*45:01";1;"SGSEAYQGV";0
"HLA-B*45:01";1;"YQGVQQKWD";0
"HLA-B*45:01";1;"GVQQKWDAT";0
"HLA-B*45:01";1;"QQKWDATAT";0
"HLA-B*45:01";1;"WDATATELN";0
"HLA-B*45:01";1;"TATELNNAL";0
"HLA-B*45:01";1;"LARTISEAG";0
"HLA-B*45:01";1;"TISEAGQAM";0
"HLA-B*51:01";1;"TATELNNAL";21
"HLA-B*51:01";1;"AASAIQGNV";19
"HLA-B*51:01";1;"EGKQSLTKL";17
"HLA-B*51:01";1;"DATATELNN";17
"HLA-B*51:01";1;"SGSEAYQGV";16
"HLA-B*51:01";1;"EAYQGVQQK";16
"HLA-B*51:01";1;"MASTEGNVT";16
"HLA-B*51:01";1;"NALQNLART";15
"HLA-B*51:01";1;"EAAASAIQG";14
"HLA-B*51:01";1;"SAIQGNVTS";14
"HLA-B*51:01";1;"AIQGNVTSI";14
"HLA-B*51:01";1;"ALQNLARTI";14
"HLA-B*51:01";1;"LAAAWGGSG";13
"HLA-B*51:01";1;"LARTISEAG";13
"HLA-B*51:01";1;"FAGIEAAAS";12
"HLA-B*51:01";1;"GIEAAASAI";12
"HLA-B*51:01";1;"AAWGGSGSE";12
"HLA-B*51:01";1;"QAMASTEGN";12
"HLA-B*51:01";1;"EQQWNFAGI";11
"HLA-B*51:01";1;"AAASAIQGN";11
"HLA-B*51:01";1;"AGQAMASTE";11
"HLA-B*51:01";1;"LLDEGKQSL";10
"HLA-B*51:01";1;"AAAWGGSGS";10
"HLA-B*51:01";1;"KWDATATEL";10
"HLA-B*51:01";1;"EAGQAMAST";10
"HLA-B*51:01";1;"AGIEAAASA";9
"HLA-B*51:01";1;"QGNVTSIHS";9
"HLA-B*51:01";1;"GNVTSIHSL";9
"HLA-B*51:01";1;"AMASTEGNV";9
"HLA-B*51:01";1;"DEGKQSLTK";8
"HLA-B*51:01";1;"GGSGSEAYQ";8
"HLA-B*51:01";1;"NVTSIHSLL";7
"HLA-B*51:01";1;"ELNNALQNL";7
"HLA-B*51:01";1;"EGNVTGMFA";7
"HLA-B*51:01";1;"WGGSGSEAY";6
"HLA-B*51:01";1;"QGVQQKWDA";6
"HLA-B*51:01";1;"ASTEGNVTG";6
"HLA-B*51:01";1;"QSLTKLAAA";5
"HLA-B*51:01";1;"TKLAAAWGG";5
"HLA-B*51:01";1;"GSEAYQGVQ";5
"HLA-B*51:01";1;"AYQGVQQKW";5
"HLA-B*51:01";1;"TELNNALQN";5
"HLA-B*51:01";1;"ASAIQGNVT";4
"HLA-B*51:01";1;"IQGNVTSIH";4
"HLA-B*51:01";1;"TSIHSLLDE";4
"HLA-B*51:01";1;"HSLLDEGKQ";4
"HLA-B*51:01";1;"SLLDEGKQS";4
"HLA-B*51:01";1;"LDEGKQSLT";4
"HLA-B*51:01";1;"VQQKWDATA";4
"HLA-B*51:01";1;"QKWDATATE";4
"HLA-B*51:01";1;"LNNALQNLA";4
"HLA-B*51:01";1;"QNLARTISE";4
"HLA-B*51:01";1;"STEGNVTGM";4
"HLA-B*51:01";1;"WNFAGIEAA";3
"HLA-B*51:01";1;"IEAAASAIQ";3
"HLA-B*51:01";1;"LTKLAAAWG";3
"HLA-B*51:01";1;"YQGVQQKWD";3
"HLA-B*51:01";1;"ATATELNNA";3
"HLA-B*51:01";1;"NNALQNLAR";3
"HLA-B*51:01";1;"LQNLARTIS";3
"HLA-B*51:01";1;"NLARTISEA";3
"HLA-B*51:01";1;"TISEAGQAM";3
"HLA-B*51:01";1;"ISEAGQAMA";3
"HLA-B*51:01";1;"TEGNVTGMF";3
"HLA-B*51:01";1;"MTEQQWNFA";2
"HLA-B*51:01";1;"TEQQWNFAG";2
"HLA-B*51:01";1;"QQWNFAGIE";2
"HLA-B*51:01";1;"NFAGIEAAA";2
"HLA-B*51:01";1;"VTSIHSLLD";2
"HLA-B*51:01";1;"IHSLLDEGK";2
"HLA-B*51:01";1;"KQSLTKLAA";2
"HLA-B*51:01";1;"SLTKLAAAW";2
"HLA-B*51:01";1;"AWGGSGSEA";2
"HLA-B*51:01";1;"QQKWDATAT";2
"HLA-B*51:01";1;"SEAGQAMAS";2
"HLA-B*51:01";1;"QWNFAGIEA";1
"HLA-B*51:01";1;"SIHSLLDEG";1
"HLA-B*51:01";1;"GKQSLTKLA";1
"HLA-B*51:01";1;"KLAAAWGGS";1
"HLA-B*51:01";1;"GSGSEAYQG";1
"HLA-B*51:01";1;"SEAYQGVQQ";1
"HLA-B*51:01";1;"GVQQKWDAT";1
"HLA-B*51:01";1;"WDATATELN";1
"HLA-B*51:01";1;"ATELNNALQ";1
"HLA-B*51:01";1;"ARTISEAGQ";1
"HLA-B*51:01";1;"RTISEAGQA";1
"HLA-B*51:01";1;"GQAMASTEG";1
"HLA-B*53:01";1;"AYQGVQQKW";14
"HLA-B*53:01";1;"WGGSGSEAY";11
"HLA-B*53:01";1;"SLTKLAAAW";10
"HLA-B*53:01";1;"TEGNVTGMF";10
"HLA-B*53:01";1;"HSLLDEGKQ";5
"HLA-B*53:01";1;"EGKQSLTKL";5
"HLA-B*53:01";1;"LLDEGKQSL";4
"HLA-B*53:01";1;"NALQNLART";4
"HLA-B*53:01";1;"FAGIEAAAS";3
"HLA-B*53:01";1;"SGSEAYQGV";3
"HLA-B*53:01";1;"YQGVQQKWD";3
"HLA-B*53:01";1;"TATELNNAL";3
"HLA-B*53:01";1;"TISEAGQAM";3
"HLA-B*53:01";1;"AGIEAAASA";2
"HLA-B*53:01";1;"NVTSIHSLL";2
"HLA-B*53:01";1;"VTSIHSLLD";2
"HLA-B*53:01";1;"SLLDEGKQS";2
"HLA-B*53:01";1;"KQSLTKLAA";2
"HLA-B*53:01";1;"GGSGSEAYQ";2
"HLA-B*53:01";1;"QKWDATATE";2
"HLA-B*53:01";1;"KWDATATEL";2
"HLA-B*53:01";1;"DATATELNN";2
"HLA-B*53:01";1;"AMASTEGNV";2
"HLA-B*53:01";1;"ASTEGNVTG";2
"HLA-B*53:01";1;"WNFAGIEAA";1
"HLA-B*53:01";1;"NFAGIEAAA";1
"HLA-B*53:01";1;"AAASAIQGN";1
"HLA-B*53:01";1;"AASAIQGNV";1
"HLA-B*53:01";1;"GNVTSIHSL";1
"HLA-B*53:01";1;"TSIHSLLDE";1
"HLA-B*53:01";1;"SIHSLLDEG";1
"HLA-B*53:01";1;"IHSLLDEGK";1
"HLA-B*53:01";1;"LDEGKQSLT";1
"HLA-B*53:01";1;"DEGKQSLTK";1
"HLA-B*53:01";1;"GKQSLTKLA";1
"HLA-B*53:01";1;"QSLTKLAAA";1
"HLA-B*53:01";1;"GSGSEAYQG";1
"HLA-B*53:01";1;"GVQQKWDAT";1
"HLA-B*53:01";1;"TELNNALQN";1
"HLA-B*53:01";1;"ELNNALQNL";1
"HLA-B*53:01";1;"NNALQNLAR";1
"HLA-B*53:01";1;"ARTISEAGQ";1
"HLA-B*53:01";1;"RTISEAGQA";1
"HLA-B*53:01";1;"MASTEGNVT";1
"HLA-B*53:01";1;"MTEQQWNFA";0
"HLA-B*53:01";1;"TEQQWNFAG";0
"HLA-B*53:01";1;"EQQWNFAGI";0
"HLA-B*53:01";1;"QQWNFAGIE";0
"HLA-B*53:01";1;"QWNFAGIEA";0
"HLA-B*53:01";1;"GIEAAASAI";0
"HLA-B*53:01";1;"IEAAASAIQ";0
"HLA-B*53:01";1;"EAAASAIQG";0
"HLA-B*53:01";1;"ASAIQGNVT";0
"HLA-B*53:01";1;"SAIQGNVTS";0
"HLA-B*53:01";1;"AIQGNVTSI";0
"HLA-B*53:01";1;"IQGNVTSIH";0
"HLA-B*53:01";1;"QGNVTSIHS";0
"HLA-B*53:01";1;"LTKLAAAWG";0
"HLA-B*53:01";1;"TKLAAAWGG";0
"HLA-B*53:01";1;"KLAAAWGGS";0
"HLA-B*53:01";1;"LAAAWGGSG";0
"HLA-B*53:01";1;"AAAWGGSGS";0
"HLA-B*53:01";1;"AAWGGSGSE";0
"HLA-B*53:01";1;"AWGGSGSEA";0
"HLA-B*53:01";1;"GSEAYQGVQ";0
"HLA-B*53:01";1;"SEAYQGVQQ";0
"HLA-B*53:01";1;"EAYQGVQQK";0
"HLA-B*53:01";1;"QGVQQKWDA";0
"HLA-B*53:01";1;"VQQKWDATA";0
"HLA-B*53:01";1;"QQKWDATAT";0
"HLA-B*53:01";1;"WDATATELN";0
"HLA-B*53:01";1;"ATATELNNA";0
"HLA-B*53:01";1;"ATELNNALQ";0
"HLA-B*53:01";1;"LNNALQNLA";0
"HLA-B*53:01";1;"ALQNLARTI";0
"HLA-B*53:01";1;"LQNLARTIS";0
"HLA-B*53:01";1;"QNLARTISE";0
"HLA-B*53:01";1;"NLARTISEA";0
"HLA-B*53:01";1;"LARTISEAG";0
"HLA-B*53:01";1;"ISEAGQAMA";0
"HLA-B*53:01";1;"SEAGQAMAS";0
"HLA-B*53:01";1;"EAGQAMAST";0
"HLA-B*53:01";1;"AGQAMASTE";0
"HLA-B*53:01";1;"GQAMASTEG";0
"HLA-B*53:01";1;"QAMASTEGN";0
"HLA-B*53:01";1;"STEGNVTGM";0
"HLA-B*53:01";1;"EGNVTGMFA";0
"HLA-B*57:01";1;"MTEQQWNFA";10
"HLA-B*57:01";1;"ASAIQGNVT";10
"HLA-B*57:01";1;"VTSIHSLLD";10
"HLA-B*57:01";1;"TSIHSLLDE";10
"HLA-B*57:01";1;"HSLLDEGKQ";10
"HLA-B*57:01";1;"QSLTKLAAA";10
"HLA-B*57:01";1;"SLTKLAAAW";10
"HLA-B*57:01";1;"LTKLAAAWG";10
"HLA-B*57:01";1;"WGGSGSEAY";10
"HLA-B*57:01";1;"GSGSEAYQG";10
"HLA-B*57:01";1;"GSEAYQGVQ";10
"HLA-B*57:01";1;"AYQGVQQKW";10
"HLA-B*57:01";1;"ATATELNNA";10
"HLA-B*57:01";1;"ATELNNALQ";10
"HLA-B*57:01";1;"RTISEAGQA";10
"HLA-B*57:01";1;"ISEAGQAMA";10
"HLA-B*57:01";1;"ASTEGNVTG";10
"HLA-B*57:01";1;"STEGNVTGM";10
"HLA-B*57:01";1;"TEGNVTGMF";8
"HLA-B*57:01";1;"FAGIEAAAS";6
"HLA-B*57:01";1;"AGIEAAASA";6
"HLA-B*57:01";1;"EAAASAIQG";6
"HLA-B*57:01";1;"AAASAIQGN";6
"HLA-B*57:01";1;"AASAIQGNV";6
"HLA-B*57:01";1;"SAIQGNVTS";6
"HLA-B*57:01";1;"QGNVTSIHS";6
"HLA-B*57:01";1;"EGKQSLTKL";6
"HLA-B*57:01";1;"LAAAWGGSG";6
"HLA-B*57:01";1;"AAAWGGSGS";6
"HLA-B*57:01";1;"AAWGGSGSE";6
"HLA-B*57:01";1;"GGSGSEAYQ";6
"HLA-B*57:01";1;"SGSEAYQGV";6
"HLA-B*57:01";1;"EAYQGVQQK";6
"HLA-B*57:01";1;"QGVQQKWDA";6
"HLA-B*57:01";1;"DATATELNN";6
"HLA-B*57:01";1;"TATELNNAL";6
"HLA-B*57:01";1;"NALQNLART";6
"HLA-B*57:01";1;"LARTISEAG";6
"HLA-B*57:01";1;"EAGQAMAST";6
"HLA-B*57:01";1;"AGQAMASTE";6
"HLA-B*57:01";1;"QAMASTEGN";6
"HLA-B*57:01";1;"MASTEGNVT";6
"HLA-B*57:01";1;"EGNVTGMFA";6
"HLA-B*57:01";1;"TEQQWNFAG";0
"HLA-B*57:01";1;"EQQWNFAGI";0
"HLA-B*57:01";1;"QQWNFAGIE";0
"HLA-B*57:01";1;"QWNFAGIEA";0
"HLA-B*57:01";1;"WNFAGIEAA";0
"HLA-B*57:01";1;"NFAGIEAAA";0
"HLA-B*57:01";1;"GIEAAASAI";0
"HLA-B*57:01";1;"IEAAASAIQ";0
"HLA-B*57:01";1;"AIQGNVTSI";0
"HLA-B*57:01";1;"IQGNVTSIH";0
"HLA-B*57:01";1;"GNVTSIHSL";0
"HLA-B*57:01";1;"NVTSIHSLL";0
"HLA-B*57:01";1;"SIHSLLDEG";0
"HLA-B*57:01";1;"IHSLLDEGK";0
"HLA-B*57:01";1;"SLLDEGKQS";0
"HLA-B*57:01";1;"LLDEGKQSL";0
"HLA-B*57:01";1;"LDEGKQSLT";0
"HLA-B*57:01";1;"DEGKQSLTK";0
"HLA-B*57:01";1;"GKQSLTKLA";0
"HLA-B*57:01";1;"KQSLTKLAA";0
"HLA-B*57:01";1;"TKLAAAWGG";0
"HLA-B*57:01";1;"KLAAAWGGS";0
"HLA-B*57:01";1;"AWGGSGSEA";0
"HLA-B*57:01";1;"SEAYQGVQQ";0
"HLA-B*57:01";1;"YQGVQQKWD";0
"HLA-B*57:01";1;"GVQQKWDAT";0
"HLA-B*57:01";1;"VQQKWDATA";0
"HLA-B*57:01";1;"QQKWDATAT";0
"HLA-B*57:01";1;"QKWDATATE";0
"HLA-B*57:01";1;"KWDATATEL";0
"HLA-B*57:01";1;"WDATATELN";0
"HLA-B*57:01";1;"TELNNALQN";0
"HLA-B*57:01";1;"ELNNALQNL";0
"HLA-B*57:01";1;"LNNALQNLA";0
"HLA-B*57:01";1;"NNALQNLAR";0
"HLA-B*57:01";1;"ALQNLARTI";0
"HLA-B*57:01";1;"LQNLARTIS";0
"HLA-B*57:01";1;"QNLARTISE";0
"HLA-B*57:01";1;"NLARTISEA";0
"HLA-B*57:01";1;"ARTISEAGQ";0
"HLA-B*57:01";1;"TISEAGQAM";0
"HLA-B*57:01";1;"SEAGQAMAS";0
"HLA-B*57:01";1;"GQAMASTEG";0
"HLA-B*57:01";1;"AMASTEGNV";0
"HLA-B*58:02";1;"TATELNNAL";20
"HLA-B*58:02";1;"STEGNVTGM";19
"HLA-B*58:02";1;"NVTSIHSLL";18
"HLA-B*58:02";1;"ALQNLARTI";18
"HLA-B*58:02";1;"KWDATATEL";17
"HLA-B*58:02";1;"RTISEAGQA";15
"HLA-B*58:02";1;"ASTEGNVTG";13
"HLA-B*58:02";1;"SLTKLAAAW";12
"HLA-B*58:02";1;"GSGSEAYQG";12
"HLA-B*58:02";1;"GIEAAASAI";11
"HLA-B*58:02";1;"SAIQGNVTS";11
"HLA-B*58:02";1;"AIQGNVTSI";11
"HLA-B*58:02";1;"GNVTSIHSL";11
"HLA-B*58:02";1;"TSIHSLLDE";11
"HLA-B*58:02";1;"HSLLDEGKQ";11
"HLA-B*58:02";1;"LLDEGKQSL";11
"HLA-B*58:02";1;"EGKQSLTKL";11
"HLA-B*58:02";1;"QSLTKLAAA";11
"HLA-B*58:02";1;"AYQGVQQKW";11
"HLA-B*58:02";1;"TISEAGQAM";11
"HLA-B*58:02";1;"TEGNVTGMF";11
"HLA-B*58:02";1;"EQQWNFAGI";10
"HLA-B*58:02";1;"FAGIEAAAS";10
"HLA-B*58:02";1;"ASAIQGNVT";10
"HLA-B*58:02";1;"LTKLAAAWG";10
"HLA-B*58:02";1;"WGGSGSEAY";10
"HLA-B*58:02";1;"GSEAYQGVQ";10
"HLA-B*58:02";1;"ELNNALQNL";10
"HLA-B*58:02";1;"ISEAGQAMA";10
"HLA-B*58:02";1;"EAAASAIQG";9
"HLA-B*58:02";1;"AAASAIQGN";9
"HLA-B*58:02";1;"AASAIQGNV";9
"HLA-B*58:02";1;"VTSIHSLLD";9
"HLA-B*58:02";1;"EAYQGVQQK";9
"HLA-B*58:02";1;"ATATELNNA";9
"HLA-B*58:02";1;"ATELNNALQ";9
"HLA-B*58:02";1;"NALQNLART";9
"HLA-B*58:02";1;"LARTISEAG";9
"HLA-B*58:02";1;"MASTEGNVT";9
"HLA-B*58:02";1;"MTEQQWNFA";8
"HLA-B*58:02";1;"LAAAWGGSG";8
"HLA-B*58:02";1;"AAAWGGSGS";8
"HLA-B*58:02";1;"AAWGGSGSE";8
"HLA-B*58:02";1;"DATATELNN";8
"HLA-B*58:02";1;"EAGQAMAST";8
"HLA-B*58:02";1;"QAMASTEGN";8
"HLA-B*58:02";1;"KQSLTKLAA";6
"HLA-B*58:02";1;"KLAAAWGGS";6
"HLA-B*58:02";1;"GVQQKWDAT";6
"HLA-B*58:02";1;"AGIEAAASA";3
"HLA-B*58:02";1;"AGQAMASTE";3
"HLA-B*58:02";1;"SLLDEGKQS";2
"HLA-B*58:02";1;"DEGKQSLTK";2
"HLA-B*58:02";1;"GKQSLTKLA";2
"HLA-B*58:02";1;"TKLAAAWGG";2
"HLA-B*58:02";1;"VQQKWDATA";2
"HLA-B*58:02";1;"QQKWDATAT";2
"HLA-B*58:02";1;"QKWDATATE";2
"HLA-B*58:02";1;"TELNNALQN";2
"HLA-B*58:02";1;"LNNALQNLA";2
"HLA-B*58:02";1;"QQWNFAGIE";1
"HLA-B*58:02";1;"WNFAGIEAA";1
"HLA-B*58:02";1;"NFAGIEAAA";1
"HLA-B*58:02";1;"IQGNVTSIH";1
"HLA-B*58:02";1;"SIHSLLDEG";1
"HLA-B*58:02";1;"IHSLLDEGK";1
"HLA-B*58:02";1;"LDEGKQSLT";1
"HLA-B*58:02";1;"SGSEAYQGV";1
"HLA-B*58:02";1;"WDATATELN";1
"HLA-B*58:02";1;"QNLARTISE";1
"HLA-B*58:02";1;"NLARTISEA";1
"HLA-B*58:02";1;"SEAGQAMAS";1
"HLA-B*58:02";1;"TEQQWNFAG";0
"HLA-B*58:02";1;"QWNFAGIEA";0
"HLA-B*58:02";1;"IEAAASAIQ";0
"HLA-B*58:02";1;"QGNVTSIHS";0
"HLA-B*58:02";1;"AWGGSGSEA";0
"HLA-B*58:02";1;"GGSGSEAYQ";0
"HLA-B*58:02";1;"SEAYQGVQQ";0
"HLA-B*58:02";1;"YQGVQQKWD";0
"HLA-B*58:02";1;"QGVQQKWDA";0
"HLA-B*58:02";1;"NNALQNLAR";0
"HLA-B*58:02";1;"LQNLARTIS";0
"HLA-B*58:02";1;"ARTISEAGQ";0
"HLA-B*58:02";1;"GQAMASTEG";0
"HLA-B*58:02";1;"AMASTEGNV";0
"HLA-B*58:02";1;"EGNVTGMFA";0
