"allele","seq_num","peptide","ann_ic50"
"HLA-A*01:01","1","ALCDSALLY","123,09"
"HLA-A*01:01","2","ALCDSALLY","123,09"
"HLA-A*01:01","3","ALCDSALLY","123,09"
"HLA-A*01:01","4","ALCDSALLY","123,09"
"HLA-A*01:01","5","ALCDSTLLY","56,3"
"HLA-A*01:01","4","FSALCALLY","6,04"
"HLA-A*02:01","1","VLHEIPVKL","100,39"
"HLA-A*02:01","2","VLHEIPVKL","100,39"
"HLA-A*02:01","3","VLHEIPVKL","100,39"
"HLA-A*02:01","4","VLHEIPVKL","100,39"
"HLA-A*02:01","5","VLHEIPVKL","100,39"
"HLA-A*02:01","1","NIFGSVIGL","129,9"
"HLA-A*02:01","2","NIFGSVIGL","129,9"
"HLA-A*02:01","3","NIFGSVIGL","129,9"
"HLA-A*02:01","4","NIFGSVIGL","129,9"
"HLA-A*02:01","5","NIFGSVIGL","129,9"
"HLA-A*02:01","1","KLLDADKAI","157,11"
"HLA-A*02:01","2","KLLDADKAI","157,11"
"HLA-A*02:01","3","KLLDADKAI","157,11"
"HLA-A*02:01","4","KLLDADKAI","157,11"
"HLA-A*02:01","4","LMNVQPTAV","174,91"
"HLA-A*02:01","5","YMEALLSSI","19,98"
"HLA-A*02:01","1","YIEALLSSI","217,67"
"HLA-A*02:01","2","YIEALLSSI","217,67"
"HLA-A*02:01","3","YIEALLSSI","217,67"
"HLA-A*02:01","4","YIEALLSSI","217,67"
"HLA-A*02:01","1","NLMNVPPTA","23,82"
"HLA-A*02:01","2","NLMNVPPTA","23,82"
"HLA-A*02:01","3","NLMNVPPTA","23,82"
"HLA-A*02:01","4","KVVNLSFSA","251,65"
"HLA-A*02:01","4","ALCALLYNA","39,48"
"HLA-A*02:01","4","NLMNVQPTA","39,71"
"HLA-A*02:01","5","LQLQDVVEV","52,43"
"HLA-A*02:01","5","KLLDVDKAI","59,5"
"HLA-A*02:01","5","LLVPKVVNL","68,4"
"HLA-A*02:01","1","LQLQDTVEV","68,67"
"HLA-A*02:01","2","LQLQDTVEV","68,67"
"HLA-A*02:01","3","LQLQDTVEV","68,67"
"HLA-A*02:01","4","LQLQDTVEV","68,67"
"HLA-A*02:01","1","KVVNLSFPA","89,19"
"HLA-A*02:01","2","KVVNLSFPA","89,19"
"HLA-A*02:01","3","KVVNLSFPA","89,19"
"HLA-A*02:01","5","KVVNLSFPA","89,19"
"HLA-A*02:03","5","LMNLQPTSI","11,78"
"HLA-A*02:03","1","NLMNVPPTA","13,55"
"HLA-A*02:03","2","NLMNVPPTA","13,55"
"HLA-A*02:03","3","NLMNVPPTA","13,55"
"HLA-A*02:03","5","LLVPKVVNL","20,58"
"HLA-A*02:03","1","YIEALLSSI","24,07"
"HLA-A*02:03","2","YIEALLSSI","24,07"
"HLA-A*02:03","3","YIEALLSSI","24,07"
"HLA-A*02:03","4","YIEALLSSI","24,07"
"HLA-A*02:03","4","ALCALLYNA","32,68"
"HLA-A*02:03","5","AQYAKESGV","32,72"
"HLA-A*02:03","4","NLMNVQPTA","40,11"
"HLA-A*02:03","1","VLHEIPVKL","42,48"
"HLA-A*02:03","2","VLHEIPVKL","42,48"
"HLA-A*02:03","3","VLHEIPVKL","42,48"
"HLA-A*02:03","4","VLHEIPVKL","42,48"
"HLA-A*02:03","5","VLHEIPVKL","42,48"
"HLA-A*02:03","4","LMNVQPTAV","5,06"
"HLA-A*02:03","5","YMEALLSSI","5,4"
"HLA-A*02:03","1","LMNVPPTAV","5,6"
"HLA-A*02:03","2","LMNVPPTAV","5,6"
"HLA-A*02:03","3","LMNVPPTAV","5,6"
"HLA-A*02:03","1","LLYNARTAT","54,03"
"HLA-A*02:03","2","LLYNARTAT","54,03"
"HLA-A*02:03","3","LLYNARTAT","54,03"
"HLA-A*02:03","4","LLYNARTAT","54,03"
"HLA-A*02:03","5","LLYNARTAT","54,03"
"HLA-A*02:06","1","AVSNYIEAL",37
"HLA-A*02:06","2","AVSNYIEAL",37
"HLA-A*02:06","3","AVSNYIEAL",37
"HLA-A*02:06","4","AVSNYIEAL",37
"HLA-A*02:06","4","KVVNLSFSA","10,11"
"HLA-A*02:06","1","VVNLSFPAV","19,57"
"HLA-A*02:06","2","VVNLSFPAV","19,57"
"HLA-A*02:06","3","VVNLSFPAV","19,57"
"HLA-A*02:06","5","VVNLSFPAV","19,57"
"HLA-A*02:06","5","YMEALLSSI","25,13"
"HLA-A*02:06","5","AVSNYMEAL","36,58"
"HLA-A*02:06","5","LQLQDVVEV","4,82"
"HLA-A*02:06","4","LSFSALCAL","44,43"
"HLA-A*02:06","1","YIEALLSSI","44,69"
"HLA-A*02:06","2","YIEALLSSI","44,69"
"HLA-A*02:06","3","YIEALLSSI","44,69"
"HLA-A*02:06","4","YIEALLSSI","44,69"
"HLA-A*02:06","1","KVVNLSFPA","5,23"
"HLA-A*02:06","2","KVVNLSFPA","5,23"
"HLA-A*02:06","3","KVVNLSFPA","5,23"
"HLA-A*02:06","5","KVVNLSFPA","5,23"
"HLA-A*02:06","1","LQLQDTVEV","5,25"
"HLA-A*02:06","2","LQLQDTVEV","5,25"
"HLA-A*02:06","3","LQLQDTVEV","5,25"
"HLA-A*02:06","4","LQLQDTVEV","5,25"
"HLA-A*02:06","5","AQYAKESGV","52,57"
"HLA-A*02:11","1","AQYAKESGI","116,37"
"HLA-A*02:11","2","AQYAKESGI","116,37"
"HLA-A*02:11","3","AQYAKESGI","116,37"
"HLA-A*02:11","4","AQYAKESGI","116,37"
"HLA-A*02:11","1","LQLQDTVEV","125,33"
"HLA-A*02:11","2","LQLQDTVEV","125,33"
"HLA-A*02:11","3","LQLQDTVEV","125,33"
"HLA-A*02:11","4","LQLQDTVEV","125,33"
"HLA-A*02:11","1","LLYNARTAT","128,94"
"HLA-A*02:11","2","LLYNARTAT","128,94"
"HLA-A*02:11","3","LLYNARTAT","128,94"
"HLA-A*02:11","4","LLYNARTAT","128,94"
"HLA-A*02:11","5","LLYNARTAT","128,94"
"HLA-A*02:11","5","QLQDVVEVT","134,53"
"HLA-A*02:11","5","LLVPKVVNL","14,17"
"HLA-A*02:11","4","LMNVQPTAV","17,69"
"HLA-A*02:11","1","AVCALLYNA","182,5"
"HLA-A*02:11","2","AVCALLYNA","182,5"
"HLA-A*02:11","3","AVCALLYNA","182,5"
"HLA-A*02:11","5","AVCALLYNA","182,5"
"HLA-A*02:11","1","YKYDSLVST","192,89"
"HLA-A*02:11","2","YKYDSLVST","192,89"
"HLA-A*02:11","3","YKYDSLVST","192,89"
"HLA-A*02:11","4","YKYDSLVST","192,89"
"HLA-A*02:11","5","YKYDSLVST","192,89"
"HLA-A*02:11","5","YMEALLSSI","2,97"
"HLA-A*02:11","1","NLMNVPPTA","21,86"
"HLA-A*02:11","2","NLMNVPPTA","21,86"
"HLA-A*02:11","3","NLMNVPPTA","21,86"
"HLA-A*02:11","4","NVTEVQEAV","211,71"
"HLA-A*02:11","1","KLQELHRES","211,87"
"HLA-A*02:11","2","KLQELHRES","211,87"
"HLA-A*02:11","3","KLQELHRES","211,87"
"HLA-A*02:11","4","KLQELHRES","211,87"
"HLA-A*02:11","5","KLQELHRES","211,87"
"HLA-A*02:11","5","SIGDSFKAI","285,95"
"HLA-A*02:11","1","YIEALLSSI","30,06"
"HLA-A*02:11","2","YIEALLSSI","30,06"
"HLA-A*02:11","3","YIEALLSSI","30,06"
"HLA-A*02:11","4","YIEALLSSI","30,06"
"HLA-A*02:11","5","LQLQDVVEV","31,57"
"HLA-A*02:11","1","NIFGSVIGL","36,18"
"HLA-A*02:11","2","NIFGSVIGL","36,18"
"HLA-A*02:11","3","NIFGSVIGL","36,18"
"HLA-A*02:11","4","NIFGSVIGL","36,18"
"HLA-A*02:11","5","NIFGSVIGL","36,18"
"HLA-A*02:11","4","NLMNVQPTA","37,93"
"HLA-A*02:11","1","VLHEIPVKL","4,06"
"HLA-A*02:11","2","VLHEIPVKL","4,06"
"HLA-A*02:11","3","VLHEIPVKL","4,06"
"HLA-A*02:11","4","VLHEIPVKL","4,06"
"HLA-A*02:11","5","VLHEIPVKL","4,06"
"HLA-A*02:11","5","AVSNYMEAL","418,61"
"HLA-A*02:11","1","AIFENMYNQ","445,94"
"HLA-A*02:11","2","AIFENMYNQ","445,94"
"HLA-A*02:11","3","AIFENMYNQ","445,94"
"HLA-A*02:11","4","AIFENMYNQ","445,94"
"HLA-A*02:11","5","AIFENMYNQ","445,94"
"HLA-A*02:11","5","AQYAKESGV","45,15"
"HLA-A*02:11","1","VVNLSFPAV","491,41"
"HLA-A*02:11","2","VVNLSFPAV","491,41"
"HLA-A*02:11","3","VVNLSFPAV","491,41"
"HLA-A*02:11","5","VVNLSFPAV","491,41"
"HLA-A*02:11","1","CVKVTEFPV","499,29"
"HLA-A*02:11","2","CVKVTEFPV","499,29"
"HLA-A*02:11","3","CVKVTEFPV","499,29"
"HLA-A*02:11","4","CVKVTEFPV","499,29"
"HLA-A*02:11","5","KLLDVDKAI","5,17"
"HLA-A*02:11","4","ALCALLYNA","6,95"
"HLA-A*02:11","5","LMNLQPTSI","65,69"
"HLA-A*02:11","4","LSFSALCAL","70,92"
"HLA-A*02:11","1","LMNVPPTAV","8,6"
"HLA-A*02:11","2","LMNVPPTAV","8,6"
"HLA-A*02:11","3","LMNVPPTAV","8,6"
"HLA-A*02:11","1","LLGRPHIRA","81,01"
"HLA-A*02:11","2","LLGRPHIRA","81,01"
"HLA-A*02:11","3","LLGRPHIRA","81,01"
"HLA-A*02:11","4","LLGRPHIRA","81,01"
"HLA-A*02:11","5","LLGRPHIRA","81,01"
"HLA-A*02:11","1","LSFPAVCAL","89,49"
"HLA-A*02:11","2","LSFPAVCAL","89,49"
"HLA-A*02:11","3","LSFPAVCAL","89,49"
"HLA-A*02:11","5","LSFPAVCAL","89,49"
"HLA-A*02:11","1","KLLDADKAI","9,8"
"HLA-A*02:11","2","KLLDADKAI","9,8"
"HLA-A*02:11","3","KLLDADKAI","9,8"
"HLA-A*02:11","4","KLLDADKAI","9,8"
"HLA-A*02:11","1","ALLYNARTA","94,82"
"HLA-A*02:11","2","ALLYNARTA","94,82"
"HLA-A*02:11","3","ALLYNARTA","94,82"
"HLA-A*02:11","4","ALLYNARTA","94,82"
"HLA-A*02:11","5","ALLYNARTA","94,82"
"HLA-A*02:11","1","AVSNYIEAL","95,34"
"HLA-A*02:11","2","AVSNYIEAL","95,34"
"HLA-A*02:11","3","AVSNYIEAL","95,34"
"HLA-A*02:11","4","AVSNYIEAL","95,34"
"HLA-A*03:01","1","KVTEFPVPK","135,96"
"HLA-A*03:01","2","KVTEFPVPK","135,96"
"HLA-A*03:01","3","KVTEFPVPK","135,96"
"HLA-A*03:01","4","KVTEFPVPK","135,96"
"HLA-A*03:01","5","ALCDSTLLY","162,55"
"HLA-A*03:01","1","ALCDSALLY","193,96"
"HLA-A*03:01","2","ALCDSALLY","193,96"
"HLA-A*03:01","3","ALCDSALLY","193,96"
"HLA-A*03:01","4","ALCDSALLY","193,96"
"HLA-A*03:01","1","GVLHEIPVK","345,37"
"HLA-A*03:01","2","GVLHEIPVK","345,37"
"HLA-A*03:01","3","GVLHEIPVK","345,37"
"HLA-A*03:01","4","GVLHEIPVK","345,37"
"HLA-A*03:01","5","GVLHEIPVK","345,37"
"HLA-A*03:01","1","RAYTPTAAY","44,56"
"HLA-A*03:01","2","RAYTPTAAY","44,56"
"HLA-A*03:01","3","RAYTPTAAY","44,56"
"HLA-A*03:01","4","RAYTPTAAY","44,56"
"HLA-A*03:01","5","RAYTPTAAY","44,56"
"HLA-A*03:01","1","ALLYSSLLR","47,06"
"HLA-A*03:01","2","ALLYSSLLR","47,06"
"HLA-A*03:01","3","ALLYSSLLR","47,06"
"HLA-A*03:01","4","ALLYSSLLR","47,06"
"HLA-A*03:01","5","TLLYSSMLR","48,51"
"HLA-A*03:01","1","KLDYEGNVK","498,35"
"HLA-A*03:01","2","KLDYEGNVK","498,35"
"HLA-A*03:01","3","KLDYEGNVK","498,35"
"HLA-A*03:01","4","KLDYEGNVK","498,35"
"HLA-A*03:01","1","KLEVDAFHK","578,73"
"HLA-A*03:01","2","KLEVDAFHK","578,73"
"HLA-A*03:01","3","KLEVDAFHK","578,73"
"HLA-A*03:01","4","KLEVDAFHK","578,73"
"HLA-A*11:01","1","KVTEFPVPK","15,47"
"HLA-A*11:01","2","KVTEFPVPK","15,47"
"HLA-A*11:01","3","KVTEFPVPK","15,47"
"HLA-A*11:01","4","KVTEFPVPK","15,47"
"HLA-A*11:01","1","RAYTPTAAY","213,65"
"HLA-A*11:01","2","RAYTPTAAY","213,65"
"HLA-A*11:01","3","RAYTPTAAY","213,65"
"HLA-A*11:01","4","RAYTPTAAY","213,65"
"HLA-A*11:01","5","RAYTPTAAY","213,65"
"HLA-A*11:01","1","LTNEKGCVK","249,04"
"HLA-A*11:01","2","LTNEKGCVK","249,04"
"HLA-A*11:01","3","LTNEKGCVK","249,04"
"HLA-A*11:01","4","LTNEKGCVK","249,04"
"HLA-A*11:01","1","YTPTAAYYK","35,72"
"HLA-A*11:01","2","YTPTAAYYK","35,72"
"HLA-A*11:01","3","YTPTAAYYK","35,72"
"HLA-A*11:01","4","YTPTAAYYK","35,72"
"HLA-A*11:01","5","YTPTAAYYK","35,72"
"HLA-A*11:01","5","TMLLMKHLR","366,2"
"HLA-A*11:01","5","KATELLVPK","51,9"
"HLA-A*11:01","5","ALCDSTLLY","56,12"
"HLA-A*11:01","1","ALLYSSLLR","71,8"
"HLA-A*11:01","2","ALLYSSLLR","71,8"
"HLA-A*11:01","3","ALLYSSLLR","71,8"
"HLA-A*11:01","4","ALLYSSLLR","71,8"
"HLA-A*11:01","1","GVLHEIPVK","87,1"
"HLA-A*11:01","2","GVLHEIPVK","87,1"
"HLA-A*11:01","3","GVLHEIPVK","87,1"
"HLA-A*11:01","4","GVLHEIPVK","87,1"
"HLA-A*11:01","5","GVLHEIPVK","87,1"
"HLA-A*11:01","1","ALCDSALLY","93,6"
"HLA-A*11:01","2","ALCDSALLY","93,6"
"HLA-A*11:01","3","ALCDSALLY","93,6"
"HLA-A*11:01","4","ALCDSALLY","93,6"
"HLA-A*11:01","5","TLLYSSMLR","94,68"
"HLA-A*23:01","5","QFVISSARF","173,23"
"HLA-A*23:01","1","QFVVSSARF","175,37"
"HLA-A*23:01","2","QFVVSSARF","175,37"
"HLA-A*23:01","3","QFVVSSARF","175,37"
"HLA-A*23:01","4","QFVVSSARF","175,37"
"HLA-A*23:01","1","AYYKYDSLV","293,62"
"HLA-A*23:01","2","AYYKYDSLV","293,62"
"HLA-A*23:01","3","AYYKYDSLV","293,62"
"HLA-A*23:01","4","AYYKYDSLV","293,62"
"HLA-A*23:01","5","AYYKYDSLV","293,62"
"HLA-A*23:01","1","SFPAVCALL","447,14"
"HLA-A*23:01","2","SFPAVCALL","447,14"
"HLA-A*23:01","3","SFPAVCALL","447,14"
"HLA-A*23:01","5","SFPAVCALL","447,14"
"HLA-A*24:02","1","SFPAVCALL","211,26"
"HLA-A*24:02","2","SFPAVCALL","211,26"
"HLA-A*24:02","3","SFPAVCALL","211,26"
"HLA-A*24:02","5","SFPAVCALL","211,26"
"HLA-A*24:02","5","ISSARFNPF","508,36"
"HLA-A*24:02","5","LYSSMLRDL","551,47"
"HLA-A*24:02","1","VSSARFNPF","589,27"
"HLA-A*24:02","2","VSSARFNPF","589,27"
"HLA-A*24:02","3","VSSARFNPF","589,27"
"HLA-A*24:02","4","VSSARFNPF","589,27"
"HLA-A*24:02","4","SFSALCALL","671,08"
"HLA-A*26:01","1","DSFKAIQSM","364,88"
"HLA-A*26:01","2","DSFKAIQSM","364,88"
"HLA-A*26:01","3","DSFKAIQSM","364,88"
"HLA-A*26:01","4","DSFKAIQSM","364,88"
"HLA-A*26:01","5","DSFKAIQSM","364,88"
"HLA-A*30:01","1","KVTEFPVPK","12,31"
"HLA-A*30:01","2","KVTEFPVPK","12,31"
"HLA-A*30:01","3","KVTEFPVPK","12,31"
"HLA-A*30:01","4","KVTEFPVPK","12,31"
"HLA-A*30:01","1","HIRAYTPTA","3,72"
"HLA-A*30:01","2","HIRAYTPTA","3,72"
"HLA-A*30:01","3","HIRAYTPTA","3,72"
"HLA-A*30:01","4","HIRAYTPTA","3,72"
"HLA-A*30:01","5","HIRAYTPTA","3,72"
"HLA-A*30:01","1","SSRNIFGSV","37,97"
"HLA-A*30:01","2","SSRNIFGSV","37,97"
"HLA-A*30:01","3","SSRNIFGSV","37,97"
"HLA-A*30:01","4","SSRNIFGSV","37,97"
"HLA-A*30:01","5","SSRNIFGSV","37,97"
"HLA-A*30:01","1","HVRDQTDHL","47,76"
"HLA-A*30:01","2","HVRDQTDHL","47,76"
"HLA-A*30:01","3","HVRDQTDHL","47,76"
"HLA-A*30:01","4","HVRDQTDHL","47,76"
"HLA-A*30:01","1","RRRSLAQYA","51,02"
"HLA-A*30:01","2","RRRSLAQYA","51,02"
"HLA-A*30:01","3","RRRSLAQYA","51,02"
"HLA-A*30:01","4","RRRSLAQYA","51,02"
"HLA-A*30:01","5","RRRSLAQYA","51,02"
"HLA-A*30:01","1","KVVNLSFPA","79,01"
"HLA-A*30:01","2","KVVNLSFPA","79,01"
"HLA-A*30:01","3","KVVNLSFPA","79,01"
"HLA-A*30:01","5","KVVNLSFPA","79,01"
"HLA-A*30:01","1","RVRKERKLL","8,45"
"HLA-A*30:01","2","RVRKERKLL","8,45"
"HLA-A*30:01","3","RVRKERKLL","8,45"
"HLA-A*30:01","4","RVRKERKLL","8,45"
"HLA-A*30:01","5","RVRKERKLL","8,45"
"HLA-A*30:01","1","STRTMRKLQ","82,03"
"HLA-A*30:01","2","STRTMRKLQ","82,03"
"HLA-A*30:01","3","STRTMRKLQ","82,03"
"HLA-A*30:01","4","STRTMRKLQ","82,03"
"HLA-A*30:01","5","STRTMRKLQ","82,03"
"HLA-A*30:01","5","KATELLVPK","89,15"
"HLA-A*30:02","1","RAYTPTAAY","12,25"
"HLA-A*30:02","2","RAYTPTAAY","12,25"
"HLA-A*30:02","3","RAYTPTAAY","12,25"
"HLA-A*30:02","4","RAYTPTAAY","12,25"
"HLA-A*30:02","5","RAYTPTAAY","12,25"
"HLA-A*30:02","4","FSALCALLY","207,1"
"HLA-A*30:02","1","AYTPTAAYY","26,12"
"HLA-A*30:02","2","AYTPTAAYY","26,12"
"HLA-A*30:02","3","AYTPTAAYY","26,12"
"HLA-A*30:02","4","AYTPTAAYY","26,12"
"HLA-A*30:02","5","AYTPTAAYY","26,12"
"HLA-A*30:02","1","IQSMAVSNY","41,67"
"HLA-A*30:02","2","IQSMAVSNY","41,67"
"HLA-A*30:02","3","IQSMAVSNY","41,67"
"HLA-A*30:02","4","IQSMAVSNY","41,67"
"HLA-A*30:02","5","IQSMAVSNY","41,67"
"HLA-A*30:02","1","SLVSTERGY","622,81"
"HLA-A*30:02","2","SLVSTERGY","622,81"
"HLA-A*30:02","3","SLVSTERGY","622,81"
"HLA-A*30:02","4","SLVSTERGY","622,81"
"HLA-A*30:02","5","SLVSTERGY","622,81"
"HLA-A*31:01","1","SLLGRPHIR","106,93"
"HLA-A*31:01","2","SLLGRPHIR","106,93"
"HLA-A*31:01","4","SLLGRPHIR","106,93"
"HLA-A*31:01","5","TLLYSSMLR","146,19"
"HLA-A*31:01","1","RMERVRKER","16,55"
"HLA-A*31:01","2","RMERVRKER","16,55"
"HLA-A*31:01","3","RMERVRKER","16,55"
"HLA-A*31:01","4","RMERVRKER","16,55"
"HLA-A*31:01","5","RMERVRKER","16,55"
"HLA-A*31:01","5","KATELLVPK","166,69"
"HLA-A*31:01","5","TMLLMKHLR","18,52"
"HLA-A*31:01","1","ALLYSSLLR","210,13"
"HLA-A*31:01","2","ALLYSSLLR","210,13"
"HLA-A*31:01","3","ALLYSSLLR","210,13"
"HLA-A*31:01","4","ALLYSSLLR","210,13"
"HLA-A*31:01","3","GLLGRPHIR","245,87"
"HLA-A*31:01","5","GLLGRPHIR","245,87"
"HLA-A*31:01","5","GQFVISSAR","26,68"
"HLA-A*31:01","1","ARFNPFSTR","263,6"
"HLA-A*31:01","2","ARFNPFSTR","263,6"
"HLA-A*31:01","3","ARFNPFSTR","263,6"
"HLA-A*31:01","4","ARFNPFSTR","263,6"
"HLA-A*31:01","5","ARFNPFSTR","263,6"
"HLA-A*31:01","5","KLEVDAFHR","267,24"
"HLA-A*31:01","1","STERGYQRR","302,45"
"HLA-A*31:01","2","STERGYQRR","302,45"
"HLA-A*31:01","3","STERGYQRR","302,45"
"HLA-A*31:01","4","STERGYQRR","302,45"
"HLA-A*31:01","5","STERGYQRR","302,45"
"HLA-A*31:01","1","TMLLMKHVR","33,26"
"HLA-A*31:01","2","TMLLMKHVR","33,26"
"HLA-A*31:01","3","TMLLMKHVR","33,26"
"HLA-A*31:01","4","TMLLMKHVR","33,26"
"HLA-A*31:01","1","GQFVVSSAR","34,66"
"HLA-A*31:01","2","GQFVVSSAR","34,66"
"HLA-A*31:01","3","GQFVVSSAR","34,66"
"HLA-A*31:01","4","GQFVVSSAR","34,66"
"HLA-A*31:01","1","ILLTYDPFR","40,69"
"HLA-A*31:01","2","ILLTYDPFR","40,69"
"HLA-A*31:01","3","ILLTYDPFR","40,69"
"HLA-A*31:01","4","ILLTYDPFR","40,69"
"HLA-A*31:01","5","ILLTYDPFR","40,69"
"HLA-A*31:01","1","KVTEFPVPK","48,06"
"HLA-A*31:01","2","KVTEFPVPK","48,06"
"HLA-A*31:01","3","KVTEFPVPK","48,06"
"HLA-A*31:01","4","KVTEFPVPK","48,06"
"HLA-A*31:01","1","VSTERGYQR","59,96"
"HLA-A*31:01","2","VSTERGYQR","59,96"
"HLA-A*31:01","3","VSTERGYQR","59,96"
"HLA-A*31:01","4","VSTERGYQR","59,96"
"HLA-A*31:01","5","VSTERGYQR","59,96"
"HLA-A*32:01","1","KLNLMNVPP","28,51"
"HLA-A*32:01","2","KLNLMNVPP","28,51"
"HLA-A*32:01","3","KLNLMNVPP","28,51"
"HLA-A*33:01","5","TMLLMKHLR","13,2"
"HLA-A*33:01","1","MTEEERMER","226,78"
"HLA-A*33:01","2","MTEEERMER","226,78"
"HLA-A*33:01","3","MTEEERMER","226,78"
"HLA-A*33:01","4","MTEEERMER","226,78"
"HLA-A*33:01","5","MTEEERMER","226,78"
"HLA-A*33:01","1","NARTATSSR","261,15"
"HLA-A*33:01","2","NARTATSSR","261,15"
"HLA-A*33:01","3","NARTATSSR","261,15"
"HLA-A*33:01","4","NARTATSSR","261,15"
"HLA-A*33:01","5","NARTATSSR","261,15"
"HLA-A*33:01","1","TMLLMKHVR","32,7"
"HLA-A*33:01","2","TMLLMKHVR","32,7"
"HLA-A*33:01","3","TMLLMKHVR","32,7"
"HLA-A*33:01","4","TMLLMKHVR","32,7"
"HLA-A*33:01","1","VSTERGYQR","383,67"
"HLA-A*33:01","2","VSTERGYQR","383,67"
"HLA-A*33:01","3","VSTERGYQR","383,67"
"HLA-A*33:01","4","VSTERGYQR","383,67"
"HLA-A*33:01","5","VSTERGYQR","383,67"
"HLA-A*33:01","1","ILLTYDPFR","398,32"
"HLA-A*33:01","2","ILLTYDPFR","398,32"
"HLA-A*33:01","3","ILLTYDPFR","398,32"
"HLA-A*33:01","4","ILLTYDPFR","398,32"
"HLA-A*33:01","5","ILLTYDPFR","398,32"
"HLA-A*33:01","1","SLLGRPHIR","521,71"
"HLA-A*33:01","2","SLLGRPHIR","521,71"
"HLA-A*33:01","4","SLLGRPHIR","521,71"
"HLA-A*33:01","1","YDSLVSTER","585,33"
"HLA-A*33:01","2","YDSLVSTER","585,33"
"HLA-A*33:01","3","YDSLVSTER","585,33"
"HLA-A*33:01","4","YDSLVSTER","585,33"
"HLA-A*33:01","5","YDSLVSTER","585,33"
"HLA-A*33:01","1","NPFSTRTMR","90,5"
"HLA-A*33:01","2","NPFSTRTMR","90,5"
"HLA-A*33:01","3","NPFSTRTMR","90,5"
"HLA-A*33:01","4","NPFSTRTMR","90,5"
"HLA-A*33:01","5","NPFSTRTMR","90,5"
"HLA-A*33:01","5","TLLYSSMLR","95,6"
"HLA-A*68:01","1","PTAVGDSFK",121
"HLA-A*68:01","2","PTAVGDSFK",121
"HLA-A*68:01","3","PTAVGDSFK",121
"HLA-A*68:01","4","PTAVGDSFK",121
"HLA-A*68:01","5","YAKESGVTK","103,28"
"HLA-A*68:01","1","YDSLVSTER","104,75"
"HLA-A*68:01","2","YDSLVSTER","104,75"
"HLA-A*68:01","3","YDSLVSTER","104,75"
"HLA-A*68:01","4","YDSLVSTER","104,75"
"HLA-A*68:01","5","YDSLVSTER","104,75"
"HLA-A*68:01","5","TMLLMKHLR","124,76"
"HLA-A*68:01","1","ILLTYDPFR","126,37"
"HLA-A*68:01","2","ILLTYDPFR","126,37"
"HLA-A*68:01","3","ILLTYDPFR","126,37"
"HLA-A*68:01","4","ILLTYDPFR","126,37"
"HLA-A*68:01","5","ILLTYDPFR","126,37"
"HLA-A*68:01","1","YAKESGITK","145,21"
"HLA-A*68:01","2","YAKESGITK","145,21"
"HLA-A*68:01","3","YAKESGITK","145,21"
"HLA-A*68:01","4","YAKESGITK","145,21"
"HLA-A*68:01","1","DTVEVTDVK","17,2"
"HLA-A*68:01","2","DTVEVTDVK","17,2"
"HLA-A*68:01","3","DTVEVTDVK","17,2"
"HLA-A*68:01","4","DTVEVTDVK","17,2"
"HLA-A*68:01","5","TLLYSSMLR","27,08"
"HLA-A*68:01","5","DVVEVTDVK","27,61"
"HLA-A*68:01","1","MTEEERMER","29,86"
"HLA-A*68:01","2","MTEEERMER","29,86"
"HLA-A*68:01","3","MTEEERMER","29,86"
"HLA-A*68:01","4","MTEEERMER","29,86"
"HLA-A*68:01","5","MTEEERMER","29,86"
"HLA-A*68:01","1","NARTATSSR","62,9"
"HLA-A*68:01","2","NARTATSSR","62,9"
"HLA-A*68:01","3","NARTATSSR","62,9"
"HLA-A*68:01","4","NARTATSSR","62,9"
"HLA-A*68:01","5","NARTATSSR","62,9"
"HLA-A*68:01","1","NPFSTRTMR","68,1"
"HLA-A*68:01","2","NPFSTRTMR","68,1"
"HLA-A*68:01","3","NPFSTRTMR","68,1"
"HLA-A*68:01","4","NPFSTRTMR","68,1"
"HLA-A*68:01","5","NPFSTRTMR","68,1"
"HLA-A*68:01","1","YTPTAAYYK","8,11"
"HLA-A*68:01","2","YTPTAAYYK","8,11"
"HLA-A*68:01","3","YTPTAAYYK","8,11"
"HLA-A*68:01","4","YTPTAAYYK","8,11"
"HLA-A*68:01","5","YTPTAAYYK","8,11"
"HLA-A*68:01","5","MEALLSSIR","90,97"
"HLA-B*07:02","1","VPKVVNLSF","100,45"
"HLA-B*07:02","2","VPKVVNLSF","100,45"
"HLA-B*07:02","3","VPKVVNLSF","100,45"
"HLA-B*07:02","4","VPKVVNLSF","100,45"
"HLA-B*07:02","5","VPKVVNLSF","100,45"
"HLA-B*07:02","4","FPRLNVTEV","14,27"
"HLA-B*07:02","1","RTMRKLQEL","225,78"
"HLA-B*07:02","2","RTMRKLQEL","225,78"
"HLA-B*07:02","3","RTMRKLQEL","225,78"
"HLA-B*07:02","4","RTMRKLQEL","225,78"
"HLA-B*07:02","5","RTMRKLQEL","225,78"
"HLA-B*07:02","1","FPVPKVVNL","247,81"
"HLA-B*07:02","2","FPVPKVVNL","247,81"
"HLA-B*07:02","3","FPVPKVVNL","247,81"
"HLA-B*07:02","4","FPVPKVVNL","247,81"
"HLA-B*07:02","1","FPRLNVTEA","28,26"
"HLA-B*07:02","2","FPRLNVTEA","28,26"
"HLA-B*07:02","3","FPRLNVTEA","28,26"
"HLA-B*07:02","5","FPRLNVTEA","28,26"
"HLA-B*07:02","1","SIRNNTDQL","444,12"
"HLA-B*07:02","2","SIRNNTDQL","444,12"
"HLA-B*07:02","3","SIRNNTDQL","444,12"
"HLA-B*07:02","4","SIRNNTDQL","444,12"
"HLA-B*07:02","5","SIRNNTDQL","444,12"
"HLA-B*07:02","4","VVNLSFSAL","469,33"
"HLA-B*07:02","4","QPTAVGDSF","470,61"
"HLA-B*07:02","5","QPTSIGDSF","539,42"
"HLA-B*07:02","1","RGYQRRRSL","64,01"
"HLA-B*07:02","2","RGYQRRRSL","64,01"
"HLA-B*07:02","3","RGYQRRRSL","64,01"
"HLA-B*07:02","4","RGYQRRRSL","64,01"
"HLA-B*07:02","5","RGYQRRRSL","64,01"
"HLA-B*07:02","1","RVRKERKLL","69,78"
"HLA-B*07:02","2","RVRKERKLL","69,78"
"HLA-B*07:02","3","RVRKERKLL","69,78"
"HLA-B*07:02","4","RVRKERKLL","69,78"
"HLA-B*07:02","5","RVRKERKLL","69,78"
"HLA-B*08:01","1","RTMRKLQEL","108,76"
"HLA-B*08:01","2","RTMRKLQEL","108,76"
"HLA-B*08:01","3","RTMRKLQEL","108,76"
"HLA-B*08:01","4","RTMRKLQEL","108,76"
"HLA-B*08:01","5","RTMRKLQEL","108,76"
"HLA-B*08:01","4","FPRLNVTEV","277,49"
"HLA-B*08:01","1","YQRRRSLAQ","279,16"
"HLA-B*08:01","2","YQRRRSLAQ","279,16"
"HLA-B*08:01","3","YQRRRSLAQ","279,16"
"HLA-B*08:01","4","YQRRRSLAQ","279,16"
"HLA-B*08:01","5","YQRRRSLAQ","279,16"
"HLA-B*08:01","1","RGYQRRRSL","28,31"
"HLA-B*08:01","2","RGYQRRRSL","28,31"
"HLA-B*08:01","3","RGYQRRRSL","28,31"
"HLA-B*08:01","4","RGYQRRRSL","28,31"
"HLA-B*08:01","5","RGYQRRRSL","28,31"
"HLA-B*08:01","5","MLLMKHLRD","316,02"
"HLA-B*08:01","1","FPVPKVVNL","455,85"
"HLA-B*08:01","2","FPVPKVVNL","455,85"
"HLA-B*08:01","3","FPVPKVVNL","455,85"
"HLA-B*08:01","4","FPVPKVVNL","455,85"
"HLA-B*08:01","1","FPRLNVTEA","463,97"
"HLA-B*08:01","2","FPRLNVTEA","463,97"
"HLA-B*08:01","3","FPRLNVTEA","463,97"
"HLA-B*08:01","5","FPRLNVTEA","463,97"
"HLA-B*08:01","1","AAYYKYDSL","544,79"
"HLA-B*08:01","2","AAYYKYDSL","544,79"
"HLA-B*08:01","3","AAYYKYDSL","544,79"
"HLA-B*08:01","4","AAYYKYDSL","544,79"
"HLA-B*08:01","5","AAYYKYDSL","544,79"
"HLA-B*08:01","1","MLLMKHVRD","564,21"
"HLA-B*08:01","2","MLLMKHVRD","564,21"
"HLA-B*08:01","3","MLLMKHVRD","564,21"
"HLA-B*08:01","4","MLLMKHVRD","564,21"
"HLA-B*14:02","1","RGYQRRRSL","140,21"
"HLA-B*14:02","2","RGYQRRRSL","140,21"
"HLA-B*14:02","3","RGYQRRRSL","140,21"
"HLA-B*14:02","4","RGYQRRRSL","140,21"
"HLA-B*14:02","5","RGYQRRRSL","140,21"
"HLA-B*14:02","1","AAYYKYDSL","331,94"
"HLA-B*14:02","2","AAYYKYDSL","331,94"
"HLA-B*14:02","3","AAYYKYDSL","331,94"
"HLA-B*14:02","4","AAYYKYDSL","331,94"
"HLA-B*14:02","5","AAYYKYDSL","331,94"
"HLA-B*14:02","5","DAFHRLNLM","365,01"
"HLA-B*14:02","1","YQRRRSLAQ","437,69"
"HLA-B*14:02","2","YQRRRSLAQ","437,69"
"HLA-B*14:02","3","YQRRRSLAQ","437,69"
"HLA-B*14:02","4","YQRRRSLAQ","437,69"
"HLA-B*14:02","5","YQRRRSLAQ","437,69"
"HLA-B*14:02","1","LSFPAVCAL","630,93"
"HLA-B*14:02","2","LSFPAVCAL","630,93"
"HLA-B*14:02","3","LSFPAVCAL","630,93"
"HLA-B*14:02","5","LSFPAVCAL","630,93"
"HLA-B*15:01","5","ISSARFNPF",25
"HLA-B*15:01","1","LGRPHIRAY","123,67"
"HLA-B*15:01","2","LGRPHIRAY","123,67"
"HLA-B*15:01","3","LGRPHIRAY","123,67"
"HLA-B*15:01","4","LGRPHIRAY","123,67"
"HLA-B*15:01","5","LGRPHIRAY","123,67"
"HLA-B*15:01","5","QSMAVSNYM","144,3"
"HLA-B*15:01","1","ALCDSALLY","161,35"
"HLA-B*15:01","2","ALCDSALLY","161,35"
"HLA-B*15:01","3","ALCDSALLY","161,35"
"HLA-B*15:01","4","ALCDSALLY","161,35"
"HLA-B*15:01","1","SLPAILLTY","191,11"
"HLA-B*15:01","2","SLPAILLTY","191,11"
"HLA-B*15:01","3","SLPAILLTY","191,11"
"HLA-B*15:01","4","SLPAILLTY","191,11"
"HLA-B*15:01","5","SLPAILLTY","191,11"
"HLA-B*15:01","1","YQRRRSLAQ","233,4"
"HLA-B*15:01","2","YQRRRSLAQ","233,4"
"HLA-B*15:01","3","YQRRRSLAQ","233,4"
"HLA-B*15:01","4","YQRRRSLAQ","233,4"
"HLA-B*15:01","5","YQRRRSLAQ","233,4"
"HLA-B*15:01","1","SLVSTERGY","273,32"
"HLA-B*15:01","2","SLVSTERGY","273,32"
"HLA-B*15:01","3","SLVSTERGY","273,32"
"HLA-B*15:01","4","SLVSTERGY","273,32"
"HLA-B*15:01","5","SLVSTERGY","273,32"
"HLA-B*15:01","1","IQSMAVSNY","28,32"
"HLA-B*15:01","2","IQSMAVSNY","28,32"
"HLA-B*15:01","3","IQSMAVSNY","28,32"
"HLA-B*15:01","4","IQSMAVSNY","28,32"
"HLA-B*15:01","5","IQSMAVSNY","28,32"
"HLA-B*15:01","1","VSSARFNPF","31,23"
"HLA-B*15:01","2","VSSARFNPF","31,23"
"HLA-B*15:01","3","VSSARFNPF","31,23"
"HLA-B*15:01","4","VSSARFNPF","31,23"
"HLA-B*15:01","1","RAYTPTAAY","37,23"
"HLA-B*15:01","2","RAYTPTAAY","37,23"
"HLA-B*15:01","3","RAYTPTAAY","37,23"
"HLA-B*15:01","4","RAYTPTAAY","37,23"
"HLA-B*15:01","5","RAYTPTAAY","37,23"
"HLA-B*15:01","1","AILLTYDPF","482,35"
"HLA-B*15:01","2","AILLTYDPF","482,35"
"HLA-B*15:01","3","AILLTYDPF","482,35"
"HLA-B*15:01","4","AILLTYDPF","482,35"
"HLA-B*15:01","5","AILLTYDPF","482,35"
"HLA-B*15:01","1","LSFPAVCAL","64,56"
"HLA-B*15:01","2","LSFPAVCAL","64,56"
"HLA-B*15:01","3","LSFPAVCAL","64,56"
"HLA-B*15:01","5","LSFPAVCAL","64,56"
"HLA-B*15:01","4","LSFSALCAL","83,36"
"HLA-B*15:01","5","ALCDSTLLY","90,72"
"HLA-B*15:17","4","FSALCALLY",6
"HLA-B*15:17","5","VSNYMEALL","12,1"
"HLA-B*15:17","5","ISSARFNPF","12,97"
"HLA-B*15:17","1","SALLYSSLL","122,55"
"HLA-B*15:17","2","SALLYSSLL","122,55"
"HLA-B*15:17","3","SALLYSSLL","122,55"
"HLA-B*15:17","4","SALLYSSLL","122,55"
"HLA-B*15:17","5","QSMAVSNYM","171,38"
"HLA-B*15:17","1","RAYTPTAAY","2,18"
"HLA-B*15:17","2","RAYTPTAAY","2,18"
"HLA-B*15:17","3","RAYTPTAAY","2,18"
"HLA-B*15:17","4","RAYTPTAAY","2,18"
"HLA-B*15:17","5","RAYTPTAAY","2,18"
"HLA-B*15:17","1","LSFPAVCAL","2,28"
"HLA-B*15:17","2","LSFPAVCAL","2,28"
"HLA-B*15:17","3","LSFPAVCAL","2,28"
"HLA-B*15:17","5","LSFPAVCAL","2,28"
"HLA-B*15:17","3","ETVDLDFEL","220,87"
"HLA-B*15:17","1","VSSARFNPF","23,97"
"HLA-B*15:17","2","VSSARFNPF","23,97"
"HLA-B*15:17","3","VSSARFNPF","23,97"
"HLA-B*15:17","4","VSSARFNPF","23,97"
"HLA-B*15:17","1","FSTRTMRKL","26,86"
"HLA-B*15:17","2","FSTRTMRKL","26,86"
"HLA-B*15:17","3","FSTRTMRKL","26,86"
"HLA-B*15:17","4","FSTRTMRKL","26,86"
"HLA-B*15:17","5","FSTRTMRKL","26,86"
"HLA-B*15:17","1","RGYQRRRSL","282,73"
"HLA-B*15:17","2","RGYQRRRSL","282,73"
"HLA-B*15:17","3","RGYQRRRSL","282,73"
"HLA-B*15:17","4","RGYQRRRSL","282,73"
"HLA-B*15:17","5","RGYQRRRSL","282,73"
"HLA-B*15:17","4","LSFSALCAL","3,47"
"HLA-B*15:17","1","QSMAVSNYI","358,98"
"HLA-B*15:17","2","QSMAVSNYI","358,98"
"HLA-B*15:17","3","QSMAVSNYI","358,98"
"HLA-B*15:17","4","QSMAVSNYI","358,98"
"HLA-B*15:17","1","RTMRKLQEL","4,92"
"HLA-B*15:17","2","RTMRKLQEL","4,92"
"HLA-B*15:17","3","RTMRKLQEL","4,92"
"HLA-B*15:17","4","RTMRKLQEL","4,92"
"HLA-B*15:17","5","RTMRKLQEL","4,92"
"HLA-B*15:17","1","ALCDSALLY","403,9"
"HLA-B*15:17","2","ALCDSALLY","403,9"
"HLA-B*15:17","3","ALCDSALLY","403,9"
"HLA-B*15:17","4","ALCDSALLY","403,9"
"HLA-B*15:17","5","STLLYSSML","6,85"
"HLA-B*15:17","1","RTATSSRNI","71,68"
"HLA-B*15:17","2","RTATSSRNI","71,68"
"HLA-B*15:17","3","RTATSSRNI","71,68"
"HLA-B*15:17","4","RTATSSRNI","71,68"
"HLA-B*15:17","5","RTATSSRNI","71,68"
"HLA-B*15:17","1","VSNYIEALL","82,01"
"HLA-B*15:17","2","VSNYIEALL","82,01"
"HLA-B*15:17","3","VSNYIEALL","82,01"
"HLA-B*15:17","4","VSNYIEALL","82,01"
"HLA-B*15:17","1","AAYYKYDSL","90,62"
"HLA-B*15:17","2","AAYYKYDSL","90,62"
"HLA-B*15:17","3","AAYYKYDSL","90,62"
"HLA-B*15:17","4","AAYYKYDSL","90,62"
"HLA-B*15:17","5","AAYYKYDSL","90,62"
"HLA-B*18:01","1","LEVDAFHKL","147,71"
"HLA-B*18:01","2","LEVDAFHKL","147,71"
"HLA-B*18:01","3","LEVDAFHKL","147,71"
"HLA-B*18:01","4","LEVDAFHKL","147,71"
"HLA-B*18:01","1","TEFPVPKVV","235,08"
"HLA-B*18:01","2","TEFPVPKVV","235,08"
"HLA-B*18:01","3","TEFPVPKVV","235,08"
"HLA-B*18:01","4","TEFPVPKVV","235,08"
"HLA-B*18:01","5","TELLVPKVV","427,37"
"HLA-B*27:05","1","RRRSLAQYA","257,11"
"HLA-B*27:05","2","RRRSLAQYA","257,11"
"HLA-B*27:05","3","RRRSLAQYA","257,11"
"HLA-B*27:05","4","RRRSLAQYA","257,11"
"HLA-B*27:05","5","RRRSLAQYA","257,11"
"HLA-B*27:05","1","RRSLAQYAK","27,29"
"HLA-B*27:05","2","RRSLAQYAK","27,29"
"HLA-B*27:05","3","RRSLAQYAK","27,29"
"HLA-B*27:05","4","RRSLAQYAK","27,29"
"HLA-B*27:05","5","RRSLAQYAK","27,29"
"HLA-B*27:05","5","HRLNLMNLQ","357,65"
"HLA-B*27:05","1","MRKLQELHR","546,72"
"HLA-B*27:05","2","MRKLQELHR","546,72"
"HLA-B*27:05","3","MRKLQELHR","546,72"
"HLA-B*27:05","4","MRKLQELHR","546,72"
"HLA-B*27:05","5","MRKLQELHR","546,72"
"HLA-B*27:05","1","ARFNPFSTR","97,16"
"HLA-B*27:05","2","ARFNPFSTR","97,16"
"HLA-B*27:05","3","ARFNPFSTR","97,16"
"HLA-B*27:05","4","ARFNPFSTR","97,16"
"HLA-B*27:05","5","ARFNPFSTR","97,16"
"HLA-B*35:01","1","EAVDLDFEL",75
"HLA-B*35:01","2","EAVDLDFEL",75
"HLA-B*35:01","4","EAVDLDFEL",75
"HLA-B*35:01","5","EAVDLDFEL",75
"HLA-B*35:01","5","MAVSNYMEA","102,04"
"HLA-B*35:01","1","RAYTPTAAY","16,55"
"HLA-B*35:01","2","RAYTPTAAY","16,55"
"HLA-B*35:01","3","RAYTPTAAY","16,55"
"HLA-B*35:01","4","RAYTPTAAY","16,55"
"HLA-B*35:01","5","RAYTPTAAY","16,55"
"HLA-B*35:01","1","FPRLNVTEA","226,41"
"HLA-B*35:01","2","FPRLNVTEA","226,41"
"HLA-B*35:01","3","FPRLNVTEA","226,41"
"HLA-B*35:01","5","FPRLNVTEA","226,41"
"HLA-B*35:01","1","LSFPAVCAL","227,58"
"HLA-B*35:01","2","LSFPAVCAL","227,58"
"HLA-B*35:01","3","LSFPAVCAL","227,58"
"HLA-B*35:01","5","LSFPAVCAL","227,58"
"HLA-B*35:01","1","LGRPHIRAY","292,22"
"HLA-B*35:01","2","LGRPHIRAY","292,22"
"HLA-B*35:01","3","LGRPHIRAY","292,22"
"HLA-B*35:01","4","LGRPHIRAY","292,22"
"HLA-B*35:01","5","LGRPHIRAY","292,22"
"HLA-B*35:01","1","FPAVCALLY","3,9"
"HLA-B*35:01","2","FPAVCALLY","3,9"
"HLA-B*35:01","3","FPAVCALLY","3,9"
"HLA-B*35:01","5","FPAVCALLY","3,9"
"HLA-B*35:01","5","QPTSIGDSF","32,97"
"HLA-B*35:01","1","TATSSRNIF","320,84"
"HLA-B*35:01","2","TATSSRNIF","320,84"
"HLA-B*35:01","3","TATSSRNIF","320,84"
"HLA-B*35:01","4","TATSSRNIF","320,84"
"HLA-B*35:01","5","TATSSRNIF","320,84"
"HLA-B*35:01","4","QPTAVGDSF","33,9"
"HLA-B*35:01","4","LSFSALCAL","334,17"
"HLA-B*35:01","1","MAVSNYIEA","41,67"
"HLA-B*35:01","2","MAVSNYIEA","41,67"
"HLA-B*35:01","3","MAVSNYIEA","41,67"
"HLA-B*35:01","4","MAVSNYIEA","41,67"
"HLA-B*35:01","4","FSALCALLY","53,05"
"HLA-B*35:01","1","FPVPKVVNL","71,32"
"HLA-B*35:01","2","FPVPKVVNL","71,32"
"HLA-B*35:01","3","FPVPKVVNL","71,32"
"HLA-B*35:01","4","FPVPKVVNL","71,32"
"HLA-B*35:01","1","TPTAAYYKY","9,46"
"HLA-B*35:01","2","TPTAAYYKY","9,46"
"HLA-B*35:01","3","TPTAAYYKY","9,46"
"HLA-B*35:01","4","TPTAAYYKY","9,46"
"HLA-B*35:01","5","TPTAAYYKY","9,46"
"HLA-B*35:03","1","FPVPKVVNL","94,38"
"HLA-B*35:03","2","FPVPKVVNL","94,38"
"HLA-B*35:03","3","FPVPKVVNL","94,38"
"HLA-B*35:03","4","FPVPKVVNL","94,38"
"HLA-B*40:01","5","LEVDAFHRL","10,39"
"HLA-B*40:01","4","TEVQEAVDL","22,85"
"HLA-B*40:01","1","TEAQEAVDL","25,99"
"HLA-B*40:01","2","TEAQEAVDL","25,99"
"HLA-B*40:01","5","TEAQEAVDL","25,99"
"HLA-B*40:01","1","QENLDTNVI","390,34"
"HLA-B*40:01","2","QENLDTNVI","390,34"
"HLA-B*40:01","3","QENLDTNVI","390,34"
"HLA-B*40:01","4","QENLDTNVI","390,34"
"HLA-B*40:01","5","QENLDTNVI","390,34"
"HLA-B*40:01","1","RESLPAILL","5,86"
"HLA-B*40:01","2","RESLPAILL","5,86"
"HLA-B*40:01","3","RESLPAILL","5,86"
"HLA-B*40:01","4","RESLPAILL","5,86"
"HLA-B*40:01","5","RESLPAILL","5,86"
"HLA-B*40:01","1","HEIPVKLEV","54,22"
"HLA-B*40:01","2","HEIPVKLEV","54,22"
"HLA-B*40:01","3","HEIPVKLEV","54,22"
"HLA-B*40:01","4","HEIPVKLEV","54,22"
"HLA-B*40:01","5","HEIPVKLEV","54,22"
"HLA-B*40:01","1","TEFPVPKVV","557,08"
"HLA-B*40:01","2","TEFPVPKVV","557,08"
"HLA-B*40:01","3","TEFPVPKVV","557,08"
"HLA-B*40:01","4","TEFPVPKVV","557,08"
"HLA-B*40:01","1","LEVDAFHKL","7,18"
"HLA-B*40:01","2","LEVDAFHKL","7,18"
"HLA-B*40:01","3","LEVDAFHKL","7,18"
"HLA-B*40:01","4","LEVDAFHKL","7,18"
"HLA-B*40:01","3","TEAQETVDL","71,91"
"HLA-B*44:02","1","TEAQEAVDL","358,17"
"HLA-B*44:02","2","TEAQEAVDL","358,17"
"HLA-B*44:02","5","TEAQEAVDL","358,17"
"HLA-B*44:02","1","RESLPAILL","437,62"
"HLA-B*44:02","2","RESLPAILL","437,62"
"HLA-B*44:02","3","RESLPAILL","437,62"
"HLA-B*44:02","4","RESLPAILL","437,62"
"HLA-B*44:02","5","RESLPAILL","437,62"
"HLA-B*44:02","1","QENLDTNVI","472,43"
"HLA-B*44:02","2","QENLDTNVI","472,43"
"HLA-B*44:02","3","QENLDTNVI","472,43"
"HLA-B*44:02","4","QENLDTNVI","472,43"
"HLA-B*44:02","5","QENLDTNVI","472,43"
"HLA-B*44:02","3","TEAQETVDL","521,57"
"HLA-B*44:02","4","TEVQEAVDL","650,87"
"HLA-B*44:03","1","AETMLLMKH","303,4"
"HLA-B*44:03","2","AETMLLMKH","303,4"
"HLA-B*44:03","3","AETMLLMKH","303,4"
"HLA-B*44:03","4","AETMLLMKH","303,4"
"HLA-B*44:03","5","AETMLLMKH","303,4"
"HLA-B*44:03","5","LEVDAFHRL","358,23"
"HLA-B*44:03","1","LEVDAFHKL","369,35"
"HLA-B*44:03","2","LEVDAFHKL","369,35"
"HLA-B*44:03","3","LEVDAFHKL","369,35"
"HLA-B*44:03","4","LEVDAFHKL","369,35"
"HLA-B*44:03","4","TEVQEAVDL","560,67"
"HLA-B*44:03","1","QENLDTNVI","593,28"
"HLA-B*44:03","2","QENLDTNVI","593,28"
"HLA-B*44:03","3","QENLDTNVI","593,28"
"HLA-B*44:03","4","QENLDTNVI","593,28"
"HLA-B*44:03","5","QENLDTNVI","593,28"
"HLA-B*44:03","1","HEIPVKLEV","624,69"
"HLA-B*44:03","2","HEIPVKLEV","624,69"
"HLA-B*44:03","3","HEIPVKLEV","624,69"
"HLA-B*44:03","4","HEIPVKLEV","624,69"
"HLA-B*44:03","5","HEIPVKLEV","624,69"
"HLA-B*44:03","1","TEFPVPKVV","723,55"
"HLA-B*44:03","2","TEFPVPKVV","723,55"
"HLA-B*44:03","3","TEFPVPKVV","723,55"
"HLA-B*44:03","4","TEFPVPKVV","723,55"
"HLA-B*45:01","1","QENLDTNVI","426,92"
"HLA-B*45:01","2","QENLDTNVI","426,92"
"HLA-B*45:01","3","QENLDTNVI","426,92"
"HLA-B*45:01","4","QENLDTNVI","426,92"
"HLA-B*45:01","5","QENLDTNVI","426,92"
"HLA-B*51:01","4","FPRLNVTEV","267,48"
"HLA-B*51:01","1","FPVPKVVNL","472,14"
"HLA-B*51:01","2","FPVPKVVNL","472,14"
"HLA-B*51:01","3","FPVPKVVNL","472,14"
"HLA-B*51:01","4","FPVPKVVNL","472,14"
"HLA-B*53:01","1","TPTAAYYKY","167,61"
"HLA-B*53:01","2","TPTAAYYKY","167,61"
"HLA-B*53:01","3","TPTAAYYKY","167,61"
"HLA-B*53:01","4","TPTAAYYKY","167,61"
"HLA-B*53:01","5","TPTAAYYKY","167,61"
"HLA-B*53:01","5","QPTSIGDSF","198,65"
"HLA-B*53:01","1","FPVPKVVNL","54,74"
"HLA-B*53:01","2","FPVPKVVNL","54,74"
"HLA-B*53:01","3","FPVPKVVNL","54,74"
"HLA-B*53:01","4","FPVPKVVNL","54,74"
"HLA-B*53:01","1","FPAVCALLY","7,92"
"HLA-B*53:01","2","FPAVCALLY","7,92"
"HLA-B*53:01","3","FPAVCALLY","7,92"
"HLA-B*53:01","5","FPAVCALLY","7,92"
"HLA-B*57:01","1","LSFPAVCAL","354,32"
"HLA-B*57:01","2","LSFPAVCAL","354,32"
"HLA-B*57:01","3","LSFPAVCAL","354,32"
"HLA-B*57:01","5","LSFPAVCAL","354,32"
"HLA-B*57:01","5","QSMAVSNYM","409,14"
"HLA-B*57:01","1","RTMRKLQEL","463,2"
"HLA-B*57:01","2","RTMRKLQEL","463,2"
"HLA-B*57:01","3","RTMRKLQEL","463,2"
"HLA-B*57:01","4","RTMRKLQEL","463,2"
"HLA-B*57:01","5","RTMRKLQEL","463,2"
"HLA-B*57:01","1","RAYTPTAAY","493,01"
"HLA-B*57:01","2","RAYTPTAAY","493,01"
"HLA-B*57:01","3","RAYTPTAAY","493,01"
"HLA-B*57:01","4","RAYTPTAAY","493,01"
"HLA-B*57:01","5","RAYTPTAAY","493,01"
"HLA-B*58:01","1","VSNYIEALL","108,75"
"HLA-B*58:01","2","VSNYIEALL","108,75"
"HLA-B*58:01","3","VSNYIEALL","108,75"
"HLA-B*58:01","4","VSNYIEALL","108,75"
"HLA-B*58:01","5","QSMAVSNYM","14,09"
"HLA-B*58:01","1","QSMAVSNYI","14,94"
"HLA-B*58:01","2","QSMAVSNYI","14,94"
"HLA-B*58:01","3","QSMAVSNYI","14,94"
"HLA-B*58:01","4","QSMAVSNYI","14,94"
"HLA-B*58:01","1","LSFPAVCAL","142,72"
"HLA-B*58:01","2","LSFPAVCAL","142,72"
"HLA-B*58:01","3","LSFPAVCAL","142,72"
"HLA-B*58:01","5","LSFPAVCAL","142,72"
"HLA-B*58:01","5","VSNYMEALL","166,21"
"HLA-B*58:01","1","RTMRKLQEL","172,46"
"HLA-B*58:01","2","RTMRKLQEL","172,46"
"HLA-B*58:01","3","RTMRKLQEL","172,46"
"HLA-B*58:01","4","RTMRKLQEL","172,46"
"HLA-B*58:01","5","RTMRKLQEL","172,46"
"HLA-B*58:01","5","ISSARFNPF","318,8"
"HLA-B*58:01","4","LSFSALCAL","345,53"
"HLA-B*58:01","1","RAYTPTAAY","42,52"
"HLA-B*58:01","2","RAYTPTAAY","42,52"
"HLA-B*58:01","3","RAYTPTAAY","42,52"
"HLA-B*58:01","4","RAYTPTAAY","42,52"
"HLA-B*58:01","5","RAYTPTAAY","42,52"
"HLA-B*58:01","4","FSALCALLY","73,25"
