"allele","peptide","seq_num","nm"
"HLA-A*01:01","ALCDSALLY","B19_1_A4HTE9","647,6"
"HLA-A*01:01","ALCDSALLY","B19_2_E9B964","647,6"
"HLA-A*01:01","ALCDSALLY","B19_3_Q4QIM7","647,6"
"HLA-A*01:01","FSALCALLY","B19_4_E9AL77",16
"HLA-A*01:01","ALCDSALLY","B19_4_E9AL77","647,6"
"HLA-A*01:01","ALCDSTLLY","B19_5_A4H515","375,7"
"HLA-A*02:01","KVVNLSFPA","B19_1_A4HTE9","142,2"
"HLA-A*02:01","VVNLSFPAV","B19_1_A4HTE9","228,9"
"HLA-A*02:01","NIFGSVIGL","B19_1_A4HTE9","105,9"
"HLA-A*02:01","LQLQDTVEV","B19_1_A4HTE9","122,7"
"HLA-A*02:01","KLLDADKAI","B19_1_A4HTE9","114,8"
"HLA-A*02:01","VLHEIPVKL","B19_1_A4HTE9","51,7"
"HLA-A*02:01","NLMNVPPTA","B19_1_A4HTE9","71,1"
"HLA-A*02:01","LMNVPPTAV","B19_1_A4HTE9","105,7"
"HLA-A*02:01","YIEALLSSI","B19_1_A4HTE9","179,2"
"HLA-A*02:01","KVVNLSFPA","B19_2_E9B964","142,2"
"HLA-A*02:01","VVNLSFPAV","B19_2_E9B964","228,9"
"HLA-A*02:01","NIFGSVIGL","B19_2_E9B964","105,9"
"HLA-A*02:01","LQLQDTVEV","B19_2_E9B964","122,7"
"HLA-A*02:01","KLLDADKAI","B19_2_E9B964","114,8"
"HLA-A*02:01","VLHEIPVKL","B19_2_E9B964","51,7"
"HLA-A*02:01","NLMNVPPTA","B19_2_E9B964","71,1"
"HLA-A*02:01","LMNVPPTAV","B19_2_E9B964","105,7"
"HLA-A*02:01","YIEALLSSI","B19_2_E9B964","179,2"
"HLA-A*02:01","KVVNLSFPA","B19_3_Q4QIM7","142,2"
"HLA-A*02:01","VVNLSFPAV","B19_3_Q4QIM7","228,9"
"HLA-A*02:01","NIFGSVIGL","B19_3_Q4QIM7","105,9"
"HLA-A*02:01","LQLQDTVEV","B19_3_Q4QIM7","122,7"
"HLA-A*02:01","KLLDADKAI","B19_3_Q4QIM7","114,8"
"HLA-A*02:01","VLHEIPVKL","B19_3_Q4QIM7","51,7"
"HLA-A*02:01","NLMNVPPTA","B19_3_Q4QIM7","71,1"
"HLA-A*02:01","LMNVPPTAV","B19_3_Q4QIM7","105,7"
"HLA-A*02:01","YIEALLSSI","B19_3_Q4QIM7","179,2"
"HLA-A*02:01","ALCALLYNA","B19_4_E9AL77","57,9"
"HLA-A*02:01","NIFGSVIGL","B19_4_E9AL77","105,9"
"HLA-A*02:01","LQLQDTVEV","B19_4_E9AL77","122,7"
"HLA-A*02:01","KLLDADKAI","B19_4_E9AL77","114,8"
"HLA-A*02:01","VLHEIPVKL","B19_4_E9AL77","51,7"
"HLA-A*02:01","NLMNVQPTA","B19_4_E9AL77","93,9"
"HLA-A*02:01","LMNVQPTAV","B19_4_E9AL77","95,9"
"HLA-A*02:01","YIEALLSSI","B19_4_E9AL77","179,2"
"HLA-A*02:01","LLVPKVVNL","B19_5_A4H515","58,4"
"HLA-A*02:01","KVVNLSFPA","B19_5_A4H515","142,2"
"HLA-A*02:01","VVNLSFPAV","B19_5_A4H515","228,9"
"HLA-A*02:01","NIFGSVIGL","B19_5_A4H515","105,9"
"HLA-A*02:01","LQLQDVVEV","B19_5_A4H515","53,6"
"HLA-A*02:01","KLLDVDKAI","B19_5_A4H515","64,1"
"HLA-A*02:01","VLHEIPVKL","B19_5_A4H515","51,7"
"HLA-A*02:01","YMEALLSSI","B19_5_A4H515","21,8"
"HLA-A*03:01","KVTEFPVPK","B19_1_A4HTE9","60,4"
"HLA-A*03:01","RAYTPTAAY","B19_1_A4HTE9",174
"HLA-A*03:01","GVLHEIPVK","B19_1_A4HTE9",340
"HLA-A*03:01","KLEVDAFHK","B19_1_A4HTE9","484,3"
"HLA-A*03:01","KLDYEGNVK","B19_1_A4HTE9","463,4"
"HLA-A*03:01","ALCDSALLY","B19_1_A4HTE9","117,2"
"HLA-A*03:01","ALLYSSLLR","B19_1_A4HTE9","105,6"
"HLA-A*03:01","KVTEFPVPK","B19_2_E9B964","60,4"
"HLA-A*03:01","RAYTPTAAY","B19_2_E9B964",174
"HLA-A*03:01","GVLHEIPVK","B19_2_E9B964",340
"HLA-A*03:01","KLEVDAFHK","B19_2_E9B964","484,3"
"HLA-A*03:01","KLDYEGNVK","B19_2_E9B964","463,4"
"HLA-A*03:01","ALCDSALLY","B19_2_E9B964","117,2"
"HLA-A*03:01","ALLYSSLLR","B19_2_E9B964","105,6"
"HLA-A*03:01","KVTEFPVPK","B19_3_Q4QIM7","60,4"
"HLA-A*03:01","RAYTPTAAY","B19_3_Q4QIM7",174
"HLA-A*03:01","GVLHEIPVK","B19_3_Q4QIM7",340
"HLA-A*03:01","KLEVDAFHK","B19_3_Q4QIM7","484,3"
"HLA-A*03:01","KLDYEGNVK","B19_3_Q4QIM7","463,4"
"HLA-A*03:01","ALCDSALLY","B19_3_Q4QIM7","117,2"
"HLA-A*03:01","ALLYSSLLR","B19_3_Q4QIM7","105,6"
"HLA-A*03:01","KVTEFPVPK","B19_4_E9AL77","60,4"
"HLA-A*03:01","RAYTPTAAY","B19_4_E9AL77",174
"HLA-A*03:01","GVLHEIPVK","B19_4_E9AL77",340
"HLA-A*03:01","KLEVDAFHK","B19_4_E9AL77","484,3"
"HLA-A*03:01","KLDYEGNVK","B19_4_E9AL77","463,4"
"HLA-A*03:01","ALCDSALLY","B19_4_E9AL77","117,2"
"HLA-A*03:01","ALLYSSLLR","B19_4_E9AL77","105,6"
"HLA-A*03:01","KATELLVPK","B19_5_A4H515","439,6"
"HLA-A*03:01","RAYTPTAAY","B19_5_A4H515",174
"HLA-A*03:01","GVLHEIPVK","B19_5_A4H515",340
"HLA-A*03:01","KLDYEGNIK","B19_5_A4H515","453,6"
"HLA-A*03:01","ALCDSTLLY","B19_5_A4H515",91
"HLA-A*03:01","TLLYSSMLR","B19_5_A4H515","119,9"
"HLA-A*24:02","SFPAVCALL","B19_1_A4HTE9","134,1"
"HLA-A*24:02","QFVVSSARF","B19_1_A4HTE9",329
"HLA-A*24:02","AYYKYDSLV","B19_1_A4HTE9","535,8"
"HLA-A*24:02","SFPAVCALL","B19_2_E9B964","134,1"
"HLA-A*24:02","QFVVSSARF","B19_2_E9B964",329
"HLA-A*24:02","AYYKYDSLV","B19_2_E9B964","535,8"
"HLA-A*24:02","SFPAVCALL","B19_3_Q4QIM7","134,1"
"HLA-A*24:02","QFVVSSARF","B19_3_Q4QIM7",329
"HLA-A*24:02","AYYKYDSLV","B19_3_Q4QIM7","535,8"
"HLA-A*24:02","SFSALCALL","B19_4_E9AL77","368,6"
"HLA-A*24:02","QFVVSSARF","B19_4_E9AL77",329
"HLA-A*24:02","AYYKYDSLV","B19_4_E9AL77","535,8"
"HLA-A*24:02","SFPAVCALL","B19_5_A4H515","134,1"
"HLA-A*24:02","QFVISSARF","B19_5_A4H515","316,8"
"HLA-A*24:02","AYYKYDSLV","B19_5_A4H515","535,8"
"HLA-A*24:02","LYSSMLRDL","B19_5_A4H515","787,1"
"HLA-A*26:01","DAFHKLNLM","B19_1_A4HTE9","358,8"
"HLA-A*26:01","DSFKAIQSM","B19_1_A4HTE9","323,1"
"HLA-A*26:01","ETMLLMKHV","B19_1_A4HTE9","763,5"
"HLA-A*26:01","DAFHKLNLM","B19_2_E9B964","358,8"
"HLA-A*26:01","DSFKAIQSM","B19_2_E9B964","323,1"
"HLA-A*26:01","ETMLLMKHV","B19_2_E9B964","763,5"
"HLA-A*26:01","ETVDLDFEL","B19_3_Q4QIM7","511,2"
"HLA-A*26:01","DAFHKLNLM","B19_3_Q4QIM7","358,8"
"HLA-A*26:01","DSFKAIQSM","B19_3_Q4QIM7","323,1"
"HLA-A*26:01","ETMLLMKHV","B19_3_Q4QIM7","763,5"
"HLA-A*26:01","DAFHKLNLM","B19_4_E9AL77","358,8"
"HLA-A*26:01","DSFKAIQSM","B19_4_E9AL77","323,1"
"HLA-A*26:01","ETMLLMKHV","B19_4_E9AL77","763,5"
"HLA-A*26:01","DAFHRLNLM","B19_5_A4H515","197,5"
"HLA-A*26:01","DSFKAIQSM","B19_5_A4H515","323,1"
"HLA-A*26:01","ETMLLMKHL","B19_5_A4H515","445,2"
"HLA-B*07:02","FPRLNVTEA","B19_1_A4HTE9",53
"HLA-B*07:02","FPVPKVVNL","B19_1_A4HTE9","143,2"
"HLA-B*07:02","VPKVVNLSF","B19_1_A4HTE9","60,2"
"HLA-B*07:02","RVRKERKLL","B19_1_A4HTE9","134,7"
"HLA-B*07:02","RTMRKLQEL","B19_1_A4HTE9","223,6"
"HLA-B*07:02","RGYQRRRSL","B19_1_A4HTE9","166,1"
"HLA-B*07:02","SIRNNTDQL","B19_1_A4HTE9",661
"HLA-B*07:02","FPRLNVTEA","B19_2_E9B964",53
"HLA-B*07:02","FPVPKVVNL","B19_2_E9B964","143,2"
"HLA-B*07:02","VPKVVNLSF","B19_2_E9B964","60,2"
"HLA-B*07:02","RVRKERKLL","B19_2_E9B964","134,7"
"HLA-B*07:02","RTMRKLQEL","B19_2_E9B964","223,6"
"HLA-B*07:02","RGYQRRRSL","B19_2_E9B964","166,1"
"HLA-B*07:02","SIRNNTDQL","B19_2_E9B964",661
"HLA-B*07:02","FPRLNVTEA","B19_3_Q4QIM7",53
"HLA-B*07:02","FPVPKVVNL","B19_3_Q4QIM7","143,2"
"HLA-B*07:02","VPKVVNLSF","B19_3_Q4QIM7","60,2"
"HLA-B*07:02","RVRKERKLL","B19_3_Q4QIM7","134,7"
"HLA-B*07:02","RTMRKLQEL","B19_3_Q4QIM7","223,6"
"HLA-B*07:02","RGYQRRRSL","B19_3_Q4QIM7","166,1"
"HLA-B*07:02","SIRNNTDQL","B19_3_Q4QIM7",661
"HLA-B*07:02","FPRLNVTEV","B19_4_E9AL77","25,8"
"HLA-B*07:02","FPVPKVVNL","B19_4_E9AL77","143,2"
"HLA-B*07:02","VPKVVNLSF","B19_4_E9AL77","60,2"
"HLA-B*07:02","VVNLSFSAL","B19_4_E9AL77","439,5"
"HLA-B*07:02","RVRKERKLL","B19_4_E9AL77","134,7"
"HLA-B*07:02","RTMRKLQEL","B19_4_E9AL77","223,6"
"HLA-B*07:02","RGYQRRRSL","B19_4_E9AL77","166,1"
"HLA-B*07:02","SIRNNTDQL","B19_4_E9AL77",661
"HLA-B*07:02","FPRLNVTEA","B19_5_A4H515",53
"HLA-B*07:02","VPKVVNLSF","B19_5_A4H515","60,2"
"HLA-B*07:02","RVRKERKLL","B19_5_A4H515","134,7"
"HLA-B*07:02","RTMRKLQEL","B19_5_A4H515","223,6"
"HLA-B*07:02","RGYQRRRSL","B19_5_A4H515","166,1"
"HLA-B*07:02","SIRNNTDQL","B19_5_A4H515",661
"HLA-B*08:01","FPRLNVTEA","B19_1_A4HTE9","344,1"
"HLA-B*08:01","FPVPKVVNL","B19_1_A4HTE9","411,2"
"HLA-B*08:01","RTMRKLQEL","B19_1_A4HTE9","124,6"
"HLA-B*08:01","AAYYKYDSL","B19_1_A4HTE9","385,9"
"HLA-B*08:01","RGYQRRRSL","B19_1_A4HTE9","73,6"
"HLA-B*08:01","YQRRRSLAQ","B19_1_A4HTE9","517,9"
"HLA-B*08:01","FPRLNVTEA","B19_2_E9B964","344,1"
"HLA-B*08:01","FPVPKVVNL","B19_2_E9B964","411,2"
"HLA-B*08:01","RTMRKLQEL","B19_2_E9B964","124,6"
"HLA-B*08:01","AAYYKYDSL","B19_2_E9B964","385,9"
"HLA-B*08:01","RGYQRRRSL","B19_2_E9B964","73,6"
"HLA-B*08:01","YQRRRSLAQ","B19_2_E9B964","517,9"
"HLA-B*08:01","FPRLNVTEA","B19_3_Q4QIM7","344,1"
"HLA-B*08:01","FPVPKVVNL","B19_3_Q4QIM7","411,2"
"HLA-B*08:01","RTMRKLQEL","B19_3_Q4QIM7","124,6"
"HLA-B*08:01","AAYYKYDSL","B19_3_Q4QIM7","385,9"
"HLA-B*08:01","RGYQRRRSL","B19_3_Q4QIM7","73,6"
"HLA-B*08:01","YQRRRSLAQ","B19_3_Q4QIM7","517,9"
"HLA-B*08:01","FPRLNVTEV","B19_4_E9AL77","212,6"
"HLA-B*08:01","FPVPKVVNL","B19_4_E9AL77","411,2"
"HLA-B*08:01","VVNLSFSAL","B19_4_E9AL77","641,8"
"HLA-B*08:01","RTMRKLQEL","B19_4_E9AL77","124,6"
"HLA-B*08:01","AAYYKYDSL","B19_4_E9AL77","385,9"
"HLA-B*08:01","RGYQRRRSL","B19_4_E9AL77","73,6"
"HLA-B*08:01","YQRRRSLAQ","B19_4_E9AL77","517,9"
"HLA-B*08:01","LMNVQPTAV","B19_4_E9AL77","528,3"
"HLA-B*08:01","FPRLNVTEA","B19_5_A4H515","344,1"
"HLA-B*08:01","ISSARFNPF","B19_5_A4H515",604
"HLA-B*08:01","RTMRKLQEL","B19_5_A4H515","124,6"
"HLA-B*08:01","AAYYKYDSL","B19_5_A4H515","385,9"
"HLA-B*08:01","RGYQRRRSL","B19_5_A4H515","73,6"
"HLA-B*08:01","YQRRRSLAQ","B19_5_A4H515","517,9"
"HLA-B*08:01","LMNLQPTSI","B19_5_A4H515","425,5"
"HLA-B*15:01","LSFPAVCAL","B19_1_A4HTE9","253,9"
"HLA-B*15:01","VSSARFNPF","B19_1_A4HTE9","46,7"
"HLA-B*15:01","SLPAILLTY","B19_1_A4HTE9","102,5"
"HLA-B*15:01","AILLTYDPF","B19_1_A4HTE9","203,5"
"HLA-B*15:01","LGRPHIRAY","B19_1_A4HTE9","138,8"
"HLA-B*15:01","RAYTPTAAY","B19_1_A4HTE9","15,1"
"HLA-B*15:01","SLVSTERGY","B19_1_A4HTE9","97,1"
"HLA-B*15:01","LMNVPPTAV","B19_1_A4HTE9","409,8"
"HLA-B*15:01","IQSMAVSNY","B19_1_A4HTE9","14,8"
"HLA-B*15:01","ALCDSALLY","B19_1_A4HTE9","177,1"
"HLA-B*15:01","LSFPAVCAL","B19_2_E9B964","253,9"
"HLA-B*15:01","VSSARFNPF","B19_2_E9B964","46,7"
"HLA-B*15:01","SLPAILLTY","B19_2_E9B964","102,5"
"HLA-B*15:01","AILLTYDPF","B19_2_E9B964","203,5"
"HLA-B*15:01","LGRPHIRAY","B19_2_E9B964","138,8"
"HLA-B*15:01","RAYTPTAAY","B19_2_E9B964","15,1"
"HLA-B*15:01","SLVSTERGY","B19_2_E9B964","97,1"
"HLA-B*15:01","LMNVPPTAV","B19_2_E9B964","409,8"
"HLA-B*15:01","IQSMAVSNY","B19_2_E9B964","14,8"
"HLA-B*15:01","ALCDSALLY","B19_2_E9B964","177,1"
"HLA-B*15:01","LSFPAVCAL","B19_3_Q4QIM7","253,9"
"HLA-B*15:01","VSSARFNPF","B19_3_Q4QIM7","46,7"
"HLA-B*15:01","SLPAILLTY","B19_3_Q4QIM7","102,5"
"HLA-B*15:01","AILLTYDPF","B19_3_Q4QIM7","203,5"
"HLA-B*15:01","LGRPHIRAY","B19_3_Q4QIM7","138,8"
"HLA-B*15:01","RAYTPTAAY","B19_3_Q4QIM7","15,1"
"HLA-B*15:01","SLVSTERGY","B19_3_Q4QIM7","97,1"
"HLA-B*15:01","LMNVPPTAV","B19_3_Q4QIM7","409,8"
"HLA-B*15:01","IQSMAVSNY","B19_3_Q4QIM7","14,8"
"HLA-B*15:01","ALCDSALLY","B19_3_Q4QIM7","177,1"
"HLA-B*15:01","VVNLSFSAL","B19_4_E9AL77","337,7"
"HLA-B*15:01","LSFSALCAL","B19_4_E9AL77","152,6"
"HLA-B*15:01","FSALCALLY","B19_4_E9AL77","269,2"
"HLA-B*15:01","VSSARFNPF","B19_4_E9AL77","46,7"
"HLA-B*15:01","SLPAILLTY","B19_4_E9AL77","102,5"
"HLA-B*15:01","AILLTYDPF","B19_4_E9AL77","203,5"
"HLA-B*15:01","LGRPHIRAY","B19_4_E9AL77","138,8"
"HLA-B*15:01","RAYTPTAAY","B19_4_E9AL77","15,1"
"HLA-B*15:01","SLVSTERGY","B19_4_E9AL77","97,1"
"HLA-B*15:01","LMNVQPTAV","B19_4_E9AL77","517,7"
"HLA-B*15:01","IQSMAVSNY","B19_4_E9AL77","14,8"
"HLA-B*15:01","ALCDSALLY","B19_4_E9AL77","177,1"
"HLA-B*15:01","LSFPAVCAL","B19_5_A4H515","253,9"
"HLA-B*15:01","ISSARFNPF","B19_5_A4H515","35,3"
"HLA-B*15:01","SLPAILLTY","B19_5_A4H515","102,5"
"HLA-B*15:01","AILLTYDPF","B19_5_A4H515","203,5"
"HLA-B*15:01","LGRPHIRAY","B19_5_A4H515","138,8"
"HLA-B*15:01","RAYTPTAAY","B19_5_A4H515","15,1"
"HLA-B*15:01","SLVSTERGY","B19_5_A4H515","97,1"
"HLA-B*15:01","LMNLQPTSI","B19_5_A4H515","392,3"
"HLA-B*15:01","IQSMAVSNY","B19_5_A4H515","14,8"
"HLA-B*15:01","QSMAVSNYM","B19_5_A4H515","222,6"
"HLA-B*15:01","ALCDSTLLY","B19_5_A4H515","111,3"
"HLA-B*27:05","SRNIFGSVI","B19_1_A4HTE9","317,9"
"HLA-B*27:05","ARFNPFSTR","B19_1_A4HTE9","68,1"
"HLA-B*27:05","RRRSLAQYA","B19_1_A4HTE9","172,2"
"HLA-B*27:05","RRSLAQYAK","B19_1_A4HTE9",68
"HLA-B*27:05","SRNIFGSVI","B19_2_E9B964","317,9"
"HLA-B*27:05","ARFNPFSTR","B19_2_E9B964","68,1"
"HLA-B*27:05","RRRSLAQYA","B19_2_E9B964","172,2"
"HLA-B*27:05","RRSLAQYAK","B19_2_E9B964",68
"HLA-B*27:05","SRNIFGSVI","B19_3_Q4QIM7","317,9"
"HLA-B*27:05","ARFNPFSTR","B19_3_Q4QIM7","68,1"
"HLA-B*27:05","RRRSLAQYA","B19_3_Q4QIM7","172,2"
"HLA-B*27:05","RRSLAQYAK","B19_3_Q4QIM7",68
"HLA-B*27:05","SRNIFGSVI","B19_4_E9AL77","317,9"
"HLA-B*27:05","ARFNPFSTR","B19_4_E9AL77","68,1"
"HLA-B*27:05","RRRSLAQYA","B19_4_E9AL77","172,2"
"HLA-B*27:05","RRSLAQYAK","B19_4_E9AL77",68
"HLA-B*27:05","SRNIFGSVI","B19_5_A4H515","317,9"
"HLA-B*27:05","ARFNPFSTR","B19_5_A4H515","68,1"
"HLA-B*27:05","RRRSLAQYA","B19_5_A4H515","172,2"
"HLA-B*27:05","RRSLAQYAK","B19_5_A4H515",68
"HLA-B*27:05","HRLNLMNLQ","B19_5_A4H515","188,4"
"HLA-B*40:01","TEAQEAVDL","B19_1_A4HTE9","68,5"
"HLA-B*40:01","QENLDTNVI","B19_1_A4HTE9","114,5"
"HLA-B*40:01","RESLPAILL","B19_1_A4HTE9","7,9"
"HLA-B*40:01","HEIPVKLEV","B19_1_A4HTE9","161,4"
"HLA-B*40:01","LEVDAFHKL","B19_1_A4HTE9","24,6"
"HLA-B*40:01","TEAQEAVDL","B19_2_E9B964","68,5"
"HLA-B*40:01","QENLDTNVI","B19_2_E9B964","114,5"
"HLA-B*40:01","RESLPAILL","B19_2_E9B964","7,9"
"HLA-B*40:01","HEIPVKLEV","B19_2_E9B964","161,4"
"HLA-B*40:01","LEVDAFHKL","B19_2_E9B964","24,6"
"HLA-B*40:01","TEAQETVDL","B19_3_Q4QIM7","78,2"
"HLA-B*40:01","QENLDTNVI","B19_3_Q4QIM7","114,5"
"HLA-B*40:01","RESLPAILL","B19_3_Q4QIM7","7,9"
"HLA-B*40:01","HEIPVKLEV","B19_3_Q4QIM7","161,4"
"HLA-B*40:01","LEVDAFHKL","B19_3_Q4QIM7","24,6"
"HLA-B*40:01","TEVQEAVDL","B19_4_E9AL77","76,4"
"HLA-B*40:01","QENLDTNVI","B19_4_E9AL77","114,5"
"HLA-B*40:01","RESLPAILL","B19_4_E9AL77","7,9"
"HLA-B*40:01","HEIPVKLEV","B19_4_E9AL77","161,4"
"HLA-B*40:01","LEVDAFHKL","B19_4_E9AL77","24,6"
"HLA-B*40:01","TEAQEAVDL","B19_5_A4H515","68,5"
"HLA-B*40:01","QENLDTNVI","B19_5_A4H515","114,5"
"HLA-B*40:01","RESLPAILL","B19_5_A4H515","7,9"
"HLA-B*40:01","HEIPVKLEV","B19_5_A4H515","161,4"
"HLA-B*40:01","LEVDAFHRL","B19_5_A4H515","30,1"
"HLA-B*58:01","LSFPAVCAL","B19_1_A4HTE9",224
"HLA-B*58:01","VSSARFNPF","B19_1_A4HTE9","333,3"
"HLA-B*58:01","RTMRKLQEL","B19_1_A4HTE9","326,8"
"HLA-B*58:01","RAYTPTAAY","B19_1_A4HTE9",140
"HLA-B*58:01","QSMAVSNYI","B19_1_A4HTE9","55,2"
"HLA-B*58:01","VSNYIEALL","B19_1_A4HTE9","96,1"
"HLA-B*58:01","LSFPAVCAL","B19_2_E9B964",224
"HLA-B*58:01","VSSARFNPF","B19_2_E9B964","333,3"
"HLA-B*58:01","RTMRKLQEL","B19_2_E9B964","326,8"
"HLA-B*58:01","RAYTPTAAY","B19_2_E9B964",140
"HLA-B*58:01","QSMAVSNYI","B19_2_E9B964","55,2"
"HLA-B*58:01","VSNYIEALL","B19_2_E9B964","96,1"
"HLA-B*58:01","LSFPAVCAL","B19_3_Q4QIM7",224
"HLA-B*58:01","VSSARFNPF","B19_3_Q4QIM7","333,3"
"HLA-B*58:01","RTMRKLQEL","B19_3_Q4QIM7","326,8"
"HLA-B*58:01","RAYTPTAAY","B19_3_Q4QIM7",140
"HLA-B*58:01","QSMAVSNYI","B19_3_Q4QIM7","55,2"
"HLA-B*58:01","VSNYIEALL","B19_3_Q4QIM7","96,1"
"HLA-B*58:01","LSFSALCAL","B19_4_E9AL77","308,4"
"HLA-B*58:01","FSALCALLY","B19_4_E9AL77","75,7"
"HLA-B*58:01","VSSARFNPF","B19_4_E9AL77","333,3"
"HLA-B*58:01","RTMRKLQEL","B19_4_E9AL77","326,8"
"HLA-B*58:01","RAYTPTAAY","B19_4_E9AL77",140
"HLA-B*58:01","QSMAVSNYI","B19_4_E9AL77","55,2"
"HLA-B*58:01","VSNYIEALL","B19_4_E9AL77","96,1"
"HLA-B*58:01","LSFPAVCAL","B19_5_A4H515",224
"HLA-B*58:01","ISSARFNPF","B19_5_A4H515","203,8"
"HLA-B*58:01","RTMRKLQEL","B19_5_A4H515","326,8"
"HLA-B*58:01","RAYTPTAAY","B19_5_A4H515",140
"HLA-B*58:01","QSMAVSNYM","B19_5_A4H515","56,8"
"HLA-B*58:01","VSNYMEALL","B19_5_A4H515","142,7"
