"protein","supertype","peptide","predictor","seq_num","score","file"
"a7","I_A01","ACPQQAGSY","I+S","LACK1+LACK2+3+4+5+6+A7_1","I_565","data/a7_iedb.csv"
"a7","I_A02","ALLWDLSTG","I+S","LACK1+LACK2+3+4+5+6+A7_1","I_148","data/a7_iedb.csv"
"a7","I_B58","ASWDRSIRM","I+S","LACK1+LACK2+3+4+5+6+A7_1","I_21","data/a7_iedb.csv"
"a7","I_A03","AVAFSPDDR","I+S","LACK1+LACK2+3+4+5+6+A7_1","I_98","data/a7_iedb.csv"
"a7","I_B07+N_B07","CPQQAGSYI","I+N+S","LACK1+LACK2+3+4+5+6+A7_3_E9BK16+A7_4_Q95NJ3+A7_5_J9UU49+A7_6_A4HGX7+A7_1","I_95+I_629+I_203+N_84.0065+N_65.9","data/a7_iedb.csv"
"a7","I_B08+N_B08","DNLIRVWSI","I+N+S","LACK1+LACK2+3+4+5+6+A7_3_E9BK16+A7_4_Q95NJ3+A7_5_J9UU49+A7_6_A4HGX7+A7_1","I_208+N_530.2911+N_1000.1","data/a7_iedb.csv"
"a7","I_A03","DRLIVSAGR","I+S","LACK1+LACK2+3+4+5+6+A7_1","I_246","data/a7_iedb.csv"
"a7","I_A02+N_B08","FLKHTKDVL","I+N+S","LACK1+LACK2+3+4+5+6+A7_3_E9BK16+A7_4_Q95NJ3+A7_5_J9UU49+A7_6_A4HGX7+A7_1","I_368+N_388.4872+N_272.6","data/a7_iedb.csv"
"a7","I_B07","FVSCVSLAH","I+S","LACK1+LACK2+3+4+5+6+A7_1","I_84","data/a7_iedb.csv"
"a7","I_A03","GSLCASGGK","I+S","LACK1+LACK2+3+4+5+6+A7_1","I_168+I_86","data/a7_iedb.csv"
"a7","I_A02","GSWDNTIKV","I+S","LACK1+LACK2+3+4+5+6+A7_1","I_45","data/a7_iedb.csv"
"a7","I_B07","HATDYALTA","I+S","LACK1+LACK2+3+4+5+6+A7_1","I_304","data/a7_iedb.csv"
"a7","I_B44","HEDWVSSIC","I+S","LACK1+LACK2+3+4+5+6+A7_1","I_113","data/a7_iedb.csv"
"a7","I_A02+N_B08","HLKGHRGWV","I+N+S","LACK1+LACK2+3+4+5+6+A7_3_E9BK16+A7_4_Q95NJ3+A7_5_J9UU49+A7_6_A4HGX7+A7_1","I_25+N_277.0256+N_735.8","data/a7_iedb.csv"
"a7","I_B07+I_B58","HPIVVSGSW","I+S","LACK1+LACK2+3+4+5+6+A7_1","I_71+I_159+I_29+I_510","data/a7_iedb.csv"
"a7","I_B27+N_B27","HRLEGHTGF","I+N+S","LACK1+LACK2+3+4+5+6+A7_3_E9BK16+A7_4_Q95NJ3+A7_5_J9UU49+A7_6_A4HGX7+A7_1","I_90+N_218.6401+N_83.4","data/a7_iedb.csv"
"a7","I_B58","HSVDSDYGL","I+S","LACK1+LACK2+3+4+5+6+A7_1","I_8","data/a7_iedb.csv"
"a7","I_A03","HTKDVLAVA","I+S","LACK1+LACK2+3+4+5+6+A7_1","I_20","data/a7_iedb.csv"
"a7","I_B07+I_B58+N_B58","IAFSPNRFW","I+N+S","LACK1+LACK2+3+4+5+6+A7_3_E9BK16+A7_4_Q95NJ3+A7_5_J9UU49+A7_6_A4HGX7+A7_1","I_9+I_103+I_14+I_12+N_4.1985+N_6.3","data/a7_iedb.csv"
"a7","I_B07+I_B58+N_B07","LAHATDYAL","I+N+S","LACK1+LACK2+3+4+5+6+A7_3_E9BK16+A7_4_Q95NJ3+A7_5_J9UU49+A7_6_A4HGX7+A7_1","I_41+I_8+N_631.6181+N_1311","data/a7_iedb.csv"
"a7","I_B44","LESKAVIAE","I+S","LACK1+LACK2+3+4+5+6+A7_1","I_434","data/a7_iedb.csv"
"a7","I_B58","LTASWDRSI","I+S","LACK1+LACK2+3+4+5+6+A7_1","I_97","data/a7_iedb.csv"
"a7","I_A03","NQIAFSPNR","I+S","LACK1+LACK2+3+4+5+6+A7_1","I_269+I_135","data/a7_iedb.csv"
"a7","I_B27+N_B27","QRKFLKHTK","I+N+S","LACK1+LACK2+3+4+5+6+A7_3_E9BK16+A7_4_Q95NJ3+A7_5_J9UU49+A7_6_A4HGX7+A7_1","I_150+N_513.0272+N_580.6","data/a7_iedb.csv"
"a7","I_A02","RLEGHTGFV","I+S","LACK1+LACK2+3+4+5+6+A7_1","I_11+I_9","data/a7_iedb.csv"
"a7","I_A02+I_A03","RMWDLRNGQ","I+S","LACK1+LACK2+3+4+5+6+A7_1","I_147+I_264","data/a7_iedb.csv"
"a7","I_A03","RSIRMWDLR","I+S","LACK1+LACK2+3+4+5+6+A7_1","I_98+I_9","data/a7_iedb.csv"
"a7","I_A01+I_A03+I_B58+I_B62+N_B58+N_B62","RTLKGHSNY","I+N+S","LACK1+LACK2+3+4+5+6+A7_3_E9BK16+A7_4_Q95NJ3+A7_5_J9UU49+A7_6_A4HGX7+A7_1","I_200+I_264+I_54+I_191+I_3+I_325+I_262+N_252.8021+N_203.2016+N_140.7+N_170.2","data/a7_iedb.csv"
"a7","I_B44","SECISIAWS","I+S","LACK1+LACK2+3+4+5+6+A7_1","I_132","data/a7_iedb.csv"
"a7","I_A02+N_A02","SLAHATDYA","I+N+S","LACK1+LACK2+3+4+5+6+A7_3_E9BK16+A7_4_Q95NJ3+A7_5_J9UU49+A7_6_A4HGX7+A7_1","I_64+I_4+I_8+N_101.8198+N_135.5","data/a7_iedb.csv"
"a7","I_B07+N_B07","SPNRFWMCV","I+N+S","LACK1+LACK2+3+4+5+6+A7_3_E9BK16+A7_4_Q95NJ3+A7_5_J9UU49+A7_6_A4HGX7+A7_1","I_324+N_244.9903+N_263.6","data/a7_iedb.csv"
"a7","I_A03+I_B58+I_B62","SSICFSPSL","I+S","LACK1+LACK2+3+4+5+6+A7_1","I_65+I_408+I_28","data/a7_iedb.csv"
"a7","I_A02","SVYDLESKA","I+S","LACK1+LACK2+3+4+5+6+A7_1","I_185","data/a7_iedb.csv"
"a7","I_A03","TASWDRSIR","I+S","LACK1+LACK2+3+4+5+6+A7_1","I_313+I_259+I_13","data/a7_iedb.csv"
"a7","I_B44+I_B58","TDYALTASW","I+S","LACK1+LACK2+3+4+5+6+A7_1","I_83+I_582","data/a7_iedb.csv"
"a7","I_A02+I_B08+N_A02+N_B08","TLKGHSNYV","I+N+S","LACK1+LACK2+3+4+5+6+A7_3_E9BK16+A7_4_Q95NJ3+A7_5_J9UU49+A7_6_A4HGX7+A7_1","I_3+I_61+I_444+N_204.5517+N_132385+N_304.8+N_534.5","data/a7_iedb.csv"
"a7","I_A24+I_B07+I_B58+N_B58","VAGECMHEF","I+N+S","LACK1+LACK2+3+4+5+6+A7_3_E9BK16+A7_4_Q95NJ3+A7_5_J9UU49+A7_6_A4HGX7+A7_1","I_370+I_219+I_101+N_423.7314+N_393.6","data/a7_iedb.csv"
"a7","I_A01+I_B58","VSLAHATDY","I+S","LACK1+LACK2+3+4+5+6+A7_1","I_126+I_7+I_278","data/a7_iedb.csv"
"a7","I_B58","VTVSPDGSL","I+S","LACK1+LACK2+3+4+5+6+A7_1","I_7","data/a7_iedb.csv"
"a7","I_A01+I_A26+I_B07+I_B58+I_B62+N_A01+N_A26+N_B62","WSADGNTLY","I+N+S","LACK1+LACK2+3+4+5+6+A7_3_E9BK16+A7_4_Q95NJ3+A7_5_J9UU49+A7_6_A4HGX7+A7_1","I_10+I_575+I_148+I_90+I_12+I_14+I_320+N_108.7973+N_271.3066+N_13.9038+N_16.2+N_255.6+N_85.8","data/a7_iedb.csv"
"a7","I_A03","YALTASWDR","I+S","LACK1+LACK2+3+4+5+6+A7_1","I_150+I_74","data/a7_iedb.csv"
"a7","I_A03","YIKVVSTSR","I+S","LACK1+LACK2+3+4+5+6+A7_1","I_64+I_23+I_30","data/a7_iedb.csv"
"a7","N_B07","KPSECISIA","N+S","LACK1+LACK2+A7_3_E9BK16+A7_4_Q95NJ3+A7_5_J9UU49+A7_6_A4HGX7+A7_1","N_565.2654+N_276.9","data/a7_netmhcpan.csv"
"a7","N_B07","SPSLEHPIV","N+S","LACK1+LACK2+A7_3_E9BK16+A7_4_Q95NJ3+A7_5_J9UU49+A7_6_A4HGX7+A7_1","N_580.4692+N_424.6","data/a7_netmhcpan.csv"
